comment,label
Shop phục vụ rất kém,NEG
"Tôi về vất đi rồi, chỉ đc quảng cáo hay thôi, đã thế lại còn đắt nữa chứ",NEG
Chất lượng sản phẩm rất kém Đóng gói sản phẩm rất kém Đóng gói sản phẩm rất kém Shop phục vụ rất kém Rất không đáng tiền Rất không đáng tiền,NEG
Bề ngang áo chật,NEG
Và hẳn đây là tai mèo,NEG
Chuẩn bị hàng lâu,NEG
Áo hơi mỏng không giống chất liệu len,NEG
Giao hàng chậm,NEG
Mặc êm nhưng mặc 34 lấy size s hơi chật,NEG
"Bung chỉ, vải tạm",NEG
Đúng là tiền nào của đấy thôi,NEG
Mặc bị tụt k ôm bụng,NEG
Mà rộng quá k mặc vừa,NEG
Miếng lót màu trắng mà giống không,NEG
Nếu đã giảm giá thì phải có note tả hình trung thực chứ nhỉ,NEG
Chat vai k dẹp,NEG
Ko ra gì,NEG
Rộng wa,NEG
Hộp bằng sắt,NEG
"Vải áo đen nóng không cùng loại với vải áo trắng, chữ in cũng xấu hơn",NEG
GÓI hàng cẩn thận hơn nhé ==,NEG
"Shop nên cho chọn size,vì đặt mua xog thì shop đưa size nhỏ nên không vừa",NEG
Tìm hết cái áo cũng k thấy chỗ nào ghi size,NEG
"Son mau trôi, chất lựowng ko tốt",NEG
Quàn hơi mỏng hợp với giá,NEG
"Đặt màu đỏ lại gửi màu bã trầu, mua 2 bộ gọi đt chỉ nói 1 bộ hết màu, nhận hàng thấy sai màu có lhe vs shop nhưng shop chỉ xin lỗi, chứ ko thấy đề đạc đôi hành cho khách",NEG
Mở ra nhăn nhó ..tiền nao of nấy,NEG
Chất vải qa xấu mỏng,NEG
Cái áo trong hình thì dài:))mà giao như áo nửa lưng:))thất vọng:)))))Ae đừng mua nhé:)))Buôn bán cho đàng hoàng vào:))Shop bán như QUẦN:))),NEG
Đat mua mau đen ma lai gửi mau xam,NEG
Form bé chất in xấu cực kì luôn,NEG
"Tả rất mỏng, ko đủ thấm",NEG
Nhưng xem kĩ thì đã bị rách ở cổ áo,NEG
Giao mẫu cộc tay,NEG
"Sp bị lỗi, hơi thất vọng",NEG
"Tôi k hài lòng chút nào, quá thất vọng",NEG
"Đường may xấu, chất tạm ổn",NEG
Chat lieu vai ko giog nhu trog hinh ko dep,NEG
Vỏ hộp thì sước hết,NEG
Cổ và tay nhỏ hơn hình mẫu,NEG
"Shop giao hàng sai mẫu, đặt 1 kiểu giao 1kieu, cài khuy trước",NEG
Đóng gói sản phẩm tạm được,NEG
Chất hơi dày nóng,NEG
Mình đang tìm cách sửa lại,NEG
Có ra 2 cái màu đỏ luôn,NEG
Đã ghi chú lấy màu hồng phấn nhưng khi nhận là màu gỗ,NEG
"Shop phục vụ tốt, áo đẹp, hướng dẫn tận tình",NEG
Shop phục vụ rất kém,NEG
"Shape tạm được, chất vải xấu",NEG
bạn cũng k thèm trả lời??,NEG
ko giống hình,NEG
Chất lượng kém mình vẫn nhận hàng và kh trả,NEG
"Áo không giống hình, kh xẻ vạt mà cổ lại cao ☺",NEG
Xấu thẩm tệ thậm tệ và ko đáng bằng đấy tiền m,NEG
Không hài lòng về hàng,NEG
Rộng.Vải khác những màu kia,NEG
Quần đặt size XL vẫn ko vừa dù mình chỉ 53kg,NEG
Chất nóng,NEG
Áo đẹp nhưng hơi ngắn và nhỏ hơn cái sọc đen trắng,NEG
Mở mãi mới đc nên hơi bực 😂,NEG
Thất vọng !!,NEG
Nhưng gửi sai size sản phẩm đẹp đóng gói ok,NEG
Xl.,NEG
Shop đã bán sale thì cũng bán cho đàng hoàng chứ,NEG
"Màu cam đất như màu nâu luôn, khá tối ko sáng như hình",NEG
"Đường may xấu, mác bị ngược",NEG
"Shop phục vụ rất kém, cố tình gửi sai hàng cho khách, bán hàng ko tâm đức",NEG
"Shop phục vụ rất kém, đã giao hàng sai cho khách, hứa giao lại, ko thấy giao lại, đành phải hoàn hàng trên shopee, shop ko có thiện chí hợp tác để bên mình sớm nhận đk tiền, nếu ko kiên trì gọi lên shopee và ko biết quy định của shopee thì chắc đành nhận số hàng giao sai rồi",NEG
"Giao ko đúng màu Khăn mỏng ko xứng đáng đồng tiền ,khăn bị lem nàu",NEG
"Yêu cầu giao kính màu xanh thì giao màu hồng nên vất xó, ko dùng được",NEG
Mình có 56kg mà mặc ko vừa,NEG
"Áo hơi ngắn , mình 1m60 mặc bị ngắn",NEG
Giày hơi dơ,NEG
Nhựa bình sữa rất hôi,NEG
"Bán hàng thì k tư vấn hỏi khách mặc size gì, ship bừa ship đại",NEG
"Áo mỏng nhìn thấy được bên trong, chữ bị nhoè",NEG
"Shop giao nhầm hàng đặt 1 đường giao 1 nẻo , nhắn tin còn không trả lời,",NEG
"Viết lên bảng quá mờ, không như mong đợi",NEG
"Bỉm cứng và mùi hôi, không giống bỉm mua ở đại lý",NEG
"Sản phẩm lỗi nặng, shop k kiểm tra trước khi gửi hàng",NEG
Rất không đáng tiền Rất không đáng tiền,NEG
Mình đặt màu da sao giao màu trắng cho mình z,NEG
Áo size to nhat ma mac chat qua,NEG
Mỗi tội gia hàng hơi lâu 😶,NEG
Tuy nhiên vải hơi nóng,NEG
Màu ko đc giống ảnh😔,NEG
Áo chất hơi cứng,NEG
Mới lấy mà dây đeo đã đứt,NEG
Rõ ràng ghi là chất liệu kaki nhưng hàng lại là chất vải mềm,NEG
chất lượng kém Shop phục vụ rất kém,NEG
Trời vừa mở nút là thế này rồi..,NEG
Sọc áo màu xám k phải màu xanh nên trông cũ,NEG
Chất liệu so với giá tiền tạm ổn,NEG
Chất lượng sản phẩm rất kém quá kém,NEG
"Hình ảnh rõ ràng nhưng 1 số tấm chữ bị lem màu và Giấy hơi mỏng, bé nắm và ngậm vào miệng 1 tí là rách nát (bé chưa có răng)",NEG
Áo hơi rộng chút,NEG
Chỉ thích hợp với ai có ngực khủng,NEG
"Nhưng size nam nữ to bằng nhau, rộng k mặc đk",NEG
Dày dặn nhưng giặt bị phai nha,NEG
Shop làm việc thiếu trách nhiệm,NEG
hang wa dỡ,NEG
Chai đầy ú ụ,NEG
San phẩm không giong với Hinh,NEG
Tay mình gầy nên mặc hơi sấu,NEG
"Mua 3 giao nhầm 2, trừ điểm shop",NEG
"Chất lượng sản phẩm kém,giao sp lỗi,mình chấp nhận ko đổi trả nhưng chắc mình ko bao h dám mua sp của Shop nữa",NEG
Mặc bị xù,NEG
Mặc đc 4 lần và k bh mặc lại nữa,NEG
Thẳng đuột,NEG
Hang mong qua bao 60kg do lai mac vua may minh 54kg mac con hoi chat thé ms 55kg mac sao vua,NEG
chat luog k tot nk,NEG
"Không đúng quần Thái Lan wacoal như giới thiệu sp. hàng việt nam, tuy nhiên mẫu mã, bao bì đẹp",NEG
2 lai áo may không đều,NEG
Quá thất vọng,NEG
Áo rộng hơn hình nhiều,NEG
Tai nghe hơi nhỏ( hình thức chứ kg phải âm thanh)mọi người suy nghĩ kỹ trước khi mua.âm thanh tốt cực êm tai,NEG
Áo 250 ngàn mà may như áo chợ vậy,NEG
Quần bị ra màu,NEG
áo hơi nhỏ,NEG
Giao nhầm hàng,NEG
Hàng ko đẹp chất liệu thất vọng quá,NEG
"Sản phẩm không có tag, không có mác",NEG
"Chất lượng sản phẩm rất kém,đúng tiền nào của lấy,cái quần như mảnh vải nhau.bảo sao k cho ngta đổi",NEG
Gối hơi nhỏ,NEG
Mới nhận về sạc ko lên cứ 1 vạch nản mình bộ đội ko ra ngoài đc,NEG
Có vẻ như màu ko giống hình cho lắm hình thì màu trắng còn hàng thì màu kem....chắc do ánh sáng và góc chụp....hơi tiếc 1 chút...nhưng vải thì otê^^,NEG
"Đặt đỏ đô thì giao hồng choé, đặt dài tay thì giao cộc tay",NEG
Vải quá mỏng,NEG
Áo sz M mà bé tí trẻ con mặc vừa😂đổi sz thì shop bảo giao hàng r trong khi đó thông báo của shoppe là vẫn đang chuẩn bị hàng,NEG
Chất lượng sản phẩm rất kém: không nên mua sản phẩm này,NEG
Chất lượng sp kém. hàng gửi về chưa gì đã rác,NEG
😌,NEG
hình ảnh k đk sắc nét lắm,NEG
Chất thì được như có một cái bị rách,NEG
Ống quần bên to bên nhỏ size s và l bằng nhau,NEG
Chất thích mà size hơi nhỏ so với size bthg,NEG
Lần sau xin đóng gối cẩm thận hơn..,NEG
Áo lưới chất hơi xấu,NEG
Nhưng áo vừa mặc thử đã bật cúc,NEG
Đường chỉ cũng ko chắc chắn,NEG
Vậy mà k mặc dc luôn,NEG
Áo màu không giống hình 😑 bất lực vs shop,NEG
Đóng gói sản phẩm rất đẹp và chắc chắn Chất lượng sp kém chất lượng,NEG
Làn trước hài lòng còn lần này quá thất vọng,NEG
Bạn nào cao tầm 1m55 - 1m60 phải nặng từ 65kg - 70kg may ra mặc thành quần gen,NEG
Vãi rất mỏng,NEG
Hơi thất vọng..,NEG
- Mình thấy khô gà hơi dở..,NEG
Ko mặc dược,NEG
Tuy nhiên mình mua 2 cái thì cái size L ở tay áo bị viết số màu xanh lên chỗ tay áo mình giặt ko ra,NEG
Shop tự lấy kéo cắt nên áo quá ngắn,NEG
Mac hoi rong,NEG
"Bỉm mỏng, thấm hút ko tốt lắm",NEG
Chất lượng sản phẩm rất kém Bé tý ko giống như trong anh Rất không đáng tiền,NEG
Shop giao thiếu hàng,NEG
"Nt shop tl chậm, đổi giày k cho đổi",NEG
Dây hơi cứng,NEG
Có điều gói hơi chắc quá,NEG
Nt shop onl nhưng k rep,NEG
Shop phục vụ rất kém Rất không đáng tiền Rất không đáng tiền Thời gian giao hàng rất chậm,NEG
Huhu,NEG
Mình đánh giá 1 sao vì trước khi gửi hàng shop không kiểm tra sản phẩm :>,NEG
Đã vậy rồi shipper giao đơn hàng nhầm nữa chứ,NEG
Mình mua trơn mà giao sọc,NEG
"đóng gói sp cẩn thận, hàng ok... nhưng giao hàng quá lâu mặc dù trả phí ship khá cao!!",NEG
Quá thất vọng khi shop giao hàng lỗi,NEG
bỉm cg đc nhưng có mùi ngủi rât kho chiu,NEG
Hơi thất vọng,NEG
"Áo trắng ok, áo đen sờ thấy vải khác, xấu hơn hẳn",NEG
Đặt đen trăng kẻ thì giao đen trắng hồng,NEG
Mặc k Đc ôm dáng,NEG
From xấu vải cx xấu,NEG
Áo thì như hình nhg chất lượng thì kém Rất không đáng tiền,NEG
Hơi buồn,NEG
Chưa từng mua 1 s.p nào trên shoper mà 5 6 ngày mới nhận được hàg,NEG
Còn 2 áo croptop và polo thì giống hình ok,NEG
Shop làm ăn quá tệ .,NEG
Con thua ao 30k,NEG
Hình ảnh của shop và hàng mình nhận khác hoắc,NEG
cái quần nó nhỏ quá. người lớn mặc ko vừa,NEG
"Thời gian shop chuẩn bị hàng rất lâu, áo len mỏng, chất lượng không giống hình",NEG
Mỏng lắm,NEG
áo mốc bẩn không hài lòng 👎 Chất lượng sản phẩm kém Chất lượng sản phẩm kém,NEG
"Áo không đẹp, khác màu trong hình",NEG
"quần mặc rộng hơn mình nghĩ, ko ôm lắm, khi mặc bị cuộn, thừa",NEG
"K the dung chieu power point, qua mo",NEG
Bên dài bên ngắn,NEG
Túi mùi rất thối phơi nắng 2 ngày rồi vẫn ko hết mùi đẹp thì đẹp nhưng vẫn ki đeo đc,NEG
Áo bị rách 😓,NEG
Mình rất ít khi đánh 1 sao nhưng lầ này thật sự quá thất vọng,NEG
"Lớp trong ngắn đến ngực, khi mặc lên bị lộ rõ viền lớp trong, viền tim bị lệch, k cân xứng",NEG
Thay vào đó là mác đã cài kim băng,NEG
Chất lượng vải ko tốt lắm,NEG
Giao hàng hơi lâu hàng như 2hand,NEG
Mui hắc khó ngui,NEG
Mua 5c ma k co cái nào goi là thun gân,NEG
Hàng ko giống hình,NEG
Nói xong r im 3 ngày luôn. 1* ko oan uổng nhé bạn,NEG
"Áo dễ thương màu chuẩn, thun mỏng mát, nhưng sẽ dễ đổ lông",NEG
Sản phẩm k như ý muốn,NEG
Shop làm mình thất vọng khi mua online,NEG
Vui lòng cải thiện dịch vụ giao hàng KHÔNG GIAO VÀO GIỜ NGHỈ,NEG
"Tiếc là 2c trước dây chun trắng, nhưg bù lại 2c sau dây chun đen",NEG
Đôi Puma xấu quá nhưng đôi trắng cx đc,NEG
Vải tạm dc nhưng bị lũng lỗ và dơ nữa :((,NEG
Đã vậy chất liệu màu đỏ khác với 2 cái màu đen nữa,NEG
Hàng lỗi,NEG
K y ảnh,NEG
Có 1 bộ bị rách shop khắc phục lỗi này nhé,NEG
Nhưng đóng gói vận chuyển cực kì kém,NEG
Đặt 2 đen giao 2 màu tào lao,NEG
có giống hình nhưng vải rất mỏng không đúng như trong hình . giá tiền tương đương với sản phẩm,NEG
Shop lấy sai màu cho mình dù đã ghi chú chọn màu đen,NEG
Màu áo xấu vô cùng,NEG
Ko đẹp như mình tưởng tượng,NEG
"Ít khi mình đánh giá sao thấp các shop lắm lun, nhưng mà lần này thật ko ưng",NEG
Dáng áo thì đc,NEG
Shop làm ăn quá tệ,NEG
Màu cũng ko như hình luôn,NEG
"Áo bị lem bẩn làm sao giặt sạch đc hả shop, giặt đc đỡ p trả hàng",NEG
Hàng quá tệ quần bị rách ko bao giờ tin dc shop này ko hiểu kiểm tra hàng trc khi giao cho khách cái kiểu gì,NEG
Nên nhìn cặp hơi thô,NEG
Chất lượng quá tồi,NEG
Cách cư xử của nhân viên vs khách hàng quá tệ,NEG
Size nhỏ xíu,NEG
Đường may giữa hai màu không thẳng lệch mất khoảng 1.5cm,NEG
Hy vọng bền,NEG
Tôi chọn mài khác tại sao lại hai mài giống nhau,NEG
Vải dom áo ko giống trong hjnh giả tạo xấu xí,NEG
Đường may xấu,NEG
Ko thoải mái lắm,NEG
Màu kem bị dính màu.Chưa giặt mà đã ra màu cỡ đó rồi,NEG
Mua lần 2 nhưng đặt 1 cái shop gửi 1 cái khác,NEG
K hài lòng về cách mô tả sp của shop dẫn đến việc nhận đc sp k dùng đc,NEG
Đặt màu vàng thì ra màu gì v shop??,NEG
"Đặt 6c size xxl thì lại giao 5c size xl, 1c size xxxl",NEG
Thiếu đồ của khách k xử lí,NEG
Gửi sản phẩm k đúng chất liệu.4 cái chỉ có 1 cái đúng.làm ăn k thành thật,NEG
"Váy k giản,ng mình bé vậy mà vai k vừa,chật k thở đc,khó khăn lắm mới kéo váy xuống đc.chắc người nào 40kg mới vừa.k hiểu sao mọi người mua rồi khen ghê vậy",NEG
Sz L mà vẫn ngắn thế nhỉ 😂😂,NEG
Chất lượng sản phẩm rất kém Shop phục vụ khá tốt,NEG
Màu lợt hơn hình,NEG
Lai quần dễ bị giản,NEG
Thực ra là hàng China gia rẻ,NEG
Size nhầm lẫn có thể sửa nhưng vải mỏng dánh ko dám bận ra đường chỉ có nước bỏ đi thôi,NEG
Buồn shop giao hàng k cẩn thận gì cat,NEG
Mua 3 kiểu khác nhau cùng sai nhưng có sai to hơn và nhỏ hơn nên k mặc được,NEG
áo j mak to hơn em là sao ak áo này lỗi hay sao ý áo này cho người lớn mặc mak nhưng thôi có bts là dc Chất lượng sản phẩm tuyệt vời Đóng gói sản phẩm rất đẹp và chắc chắn Chất lượng sản phẩm tuyệt vời,NEG
Ghê vch,NEG
"nhưng bị rách , vải này chắc giặt sẽ bị giản , hình in trên áo không giống hình mẫu mặc cho lắm ( màu )",NEG
Áo xấu hơn trong hình nhiều,NEG
Đặt 2 sao giao có 1 z shop,NEG
Bực mình ah,NEG
Nt shop k thèm tl,NEG
Chất thì ko đẹp lắm,NEG
Đóng gói sản phẩm chắc chắn. nhưng không rõ trong quá trình vận chuyển hay sao mà thỏi son bị gãy,NEG
Mùi nước xả vải ko dc thơm,NEG
Áo K giống hình,NEG
Sản phẩm kém nên xem kĩ trước khi mua,NEG
Shop giao hàng áo bị lỗi nhưng nhắn tin hỏi đổi thì k thấy trả lời,NEG
Hạn dùng tới 25/11 chứ k phải 1/12 như trong bài,NEG
áo nhỏ,NEG
Sp k giống như hình,NEG
Không giống trong hình,NEG
ko đáng tiền mua😏😏,NEG
Hàng không giống hình:(((,NEG
Chất lượng sản phẩm kém Bị rách ở lưng.,NEG
Dạng bọt dùng cũng khá tốn...dùng ko thích,NEG
Có lẽ tôi sẽ ko mua trên shoppe nữa,NEG
"Moi người ảnh tôi đưa lên nè ,mặc có 1 lần chưa kịp giật thun dệt trên ren đứt hết trơn ,chắc đem quăng sọt rác chứ có giặt cũng ko mặc được nữa ,mấy cộng chỉ rơi ra là thun đứt đứt đó mm. shop này lừa đảo",NEG
Tháo hơi lâu,NEG
"Mặc đẹp nhưng mút k cố định, bị lệch và nhăn",NEG
Shop giao sai màu Chất lượng sản phẩm rất kém Chất lượng sản phẩm rất kém Shop phục vụ rất kém Shop phục vụ rất kém Rất không đáng tiền Rất không đáng tiền,NEG
Ko dám mặc luon,NEG
Áo đẹp nhưng tay áo bị lỗi,NEG
Rất ko đáng tiền Chất lượng sản phẩm kém,NEG
Bộ chặt,NEG
giầy thì to để vô cái hộp nhỏ mà ko ngại nhồi nhét bóp móp đôi giầy đến nỗi miếng xốp giữ dáng giầy ở trong còn vỡ,NEG
Áo fom nhỏ,NEG
Nói chung là áo ko đẹp như quảng cáo,NEG
"Mình hiểu việc có 1, 2 hạt hỏng cũng khó tránh nhưng ntn thì nhiều quá, tuy nhiên điều làm mình khó chịu nhất đó là khi mình phản ảnh shop ko xin lỗi đc 1 câu, ko thèm trả lời tin nhắn luôn",NEG
Nghe hợp lý ghê nhỉ,NEG
Hàng kém chất lượng,NEG
Tất cả đồ mình mua đều rộng thùng thình quá cỡ,NEG
"Huhu, bắt đền shop nha, gửi cho tui cái nút để gắn vào",NEG
Thật sự không hài lòng về vấn đề thời gian giao hàng,NEG
đóng gói chưa dc ok giao về đến nơi bị móp may ko vỡ kính,NEG
"Chất lượng sản phẩm tạm được Giặt phai màu, lem",NEG
Áo bị lỗi.. rách.,NEG
Chất lượng vải kh đc đẹp đường chỉ dễ bung ở đáy quần,NEG
Làm ăn k ra gì,NEG
Bo do day nay nho wa so voi so ky ghi tren,NEG
From ao thi dep ma chat lieu ni long ko giong trog hih hoi that vog,NEG
Shop hứa lèo hết lần này đến lần khác,NEG
Vải bình thường,NEG
Quá tệ k đáng sao nào hết,NEG
Không tốt chất liệu sấu,NEG
"Shop phục vụ kém, Thời gian giao hàng chậm,",NEG
Đặt 2L shop lại giao 1L 1M,NEG
Vải quá mỏng Không đáng tiền,NEG
Giày bị ố vàng,NEG
Áo lỗi,NEG
Không đúng sz đặt sz L gửi sz S bé tẹo mặc kiểu gì,NEG
"Chất vải xấu bai nhão, giao hàng chậm",NEG
Đầu k xoay đc...khớp rất cứng...đứng hay bị nghiêng và ngã...sơn bị lem...nhựa dẻo nói chung không tốt...k đáng với giá 320k...chân không dang đc rộng như trong hình,NEG
Áo mỏng quá,NEG
sãn phẩm “ rất rất kém” nhé!,NEG
"Chất vải hơi mỏng, màu đỏ hơi tối so với trên ảnh",NEG
Mở ra hộp rách seal móp méo,NEG
trông nhỏ quá,NEG
Thời gian giao hàng tạm được áo bị rách,NEG
Xấu thật,NEG
"Đặt mua 2 bộ , shop chọn khéo quá cả 2 bộ 2 cái quần đều rách túi ạ",NEG
shop gửi thiếu đồ nhắn tin thì không nhận được phản hồi,NEG
Đóng gói sản phẩm ko cẩn thận,NEG
Shop nên thận trọng ktra hàng kĩ trc khi giao cho Kh,NEG
Shop hẹn lần hẹn lượt rồi ko qua lấy,NEG
"Mình đặt dài đỏ, đen ngắn nhưng giao lộn thàng đen dài ngắn đỏ",NEG
Nhưng mà hơi ngắn,NEG
Phần zip trên túi k chắc chắn,NEG
Đặt 1 trắng 1 nâu đến lúc giao thành 2 nâu,NEG
"Hơi thất vọng về sản phẩm vì không phải hàng của xiaomi như hình quảng cáo, mình có xem review trước tren youtube rồi nên mới đặt mua",NEG
Sản phẩm kém,NEG
"Đèn cũng hỏng ,pin thì thiết kế ngược",NEG
Chất liệu với áo k giống như trong ảnh,NEG
Lở rồi biết sao :(,NEG
Giá và chất lượng phù hợp nhưng giao k đúng size,NEG
Mình mua mấy bộ đều bị bé hơn so với dây cáp sạc và dây tai nghe,NEG
Tuy nhiên bạn nào tầm 1m6 thì sẽ ok hơn mình 1m62 mặc hơi cộc (size xl),NEG
Nhiều đg may còn lỗi,NEG
Áo rộng thùng thình thô,NEG
"Áo hơi ngắn so với mình, đo chiều dài tầm 2,5 gang tay",NEG
Áo chật quá ko mặc đc,NEG
Giao lâu,NEG
"Vừa mỏng vừa thô ráp, mặc thử rất dặm, ko biết giặt đi có đỡ ko",NEG
Màu sắc sản phẩm ko như trong sản phẩm,NEG
Shop phục vụ rất kém,NEG
Cổ rộng,NEG
K đc full bóx Chất lượng sản phẩm tốt Thời gian giao hàng nhanh đóng gói sản phầm còn móp méo,NEG
Son không có vỏ,NEG
Nhưng chất liệu k như bên shop đã chú thích....😑,NEG
"Chất vải nóng, vắt chỉ ẩu",NEG
"Cái này mặc ko vừa, mình gửi lại và shop sẽ gửi lại cho mình cái khác",NEG
Đã note rất rõ ràng là đen đỏ hoặc rằn ri mà vẫn không giao đúng hàng,NEG
Không giao áo mà giao đại 1 cái váy gì đâu kh,NEG
Chất lượng sản phẩm kém,NEG
Chất lượng sản phẩm rất kém vải chứ không phải len mặc chân váy bị xoè vải mỏng,NEG
Hơi thất vọng chút xíu,NEG
Không biết người giao hàng làm gì mà hộp méo mọ luôn,NEG
màu xanh là phun giặt ra nước toàn màu xanh,NEG
Giao thiếu nhiều hàng,NEG
màu không giống hình,NEG
Giày gửi k mang đc Tệ,NEG
Sp tốt so vs giá thành,NEG
Túi thơm gì thế này,NEG
màu này là màu hồng à,NEG
Tuy nhiên chất liệu có hơi mỏng 1 xíu,NEG
Vải qá mỏng.mặc mà díh vào ng luôn á,NEG
Đc 3c áo mỏng dính,NEG
Dùng tolovit 6 cạnh cơ mà hiếm đành dùng loại 2 cạnh vặn sợ trờn vãi..,NEG
Đóng gói quá sơ sài luôn như kiểu bị bóc hàng rồi ấy,NEG
Thời gian giao hàng chậm,NEG
Gjao ko đúng mau,NEG
Mua phí tiền Chất lượng sản phẩm rất kém,NEG
Mất niêm tin,NEG
Lần sau cạch shop này,NEG
Vải mỏng giống thun mỏng hơn là len,NEG
Nói là tẩy quần áo màu mà tẩy xong loang lổ vứt luôn cả váy,NEG
Hỏi shop muốn đổi xuống sz nhỏ hơn thì shop tl 1 cách hời hợt cho qua,NEG
Vải kh đẹp so với giá,NEG
Hang khong giong y hinh khong dang tien,NEG
Ko giống trong hình giấy deo quá tệ ko đẹp kém,NEG
Ko đc sao nào hết,NEG
"con đầu rất ưng nhưng con gửi sau cho mình vỏ nát be nát bét nha bác, chú ý khâu đóng gói cho mình",NEG
Vải thì ok nhưng Em đặt đen nhưng shop giao đỏ,NEG
Chất lượng sản phẩm rất kém Chất lượng sản phẩm rất kém giống vs những cái còn lại,NEG
Chất lượng tệ,NEG
Lỡ rồi để mặc ngủ tạm vậy :-/,NEG
Haizz,NEG
Chất lượng sản phẩm tạm được xấu quá,NEG
Giao k đúng màu.,NEG
Form xấu,NEG
Nhắn thì ko trả lời ??,NEG
"Chất lượng sản phẩm rất kém, Áo thân bên to nhỏ, ko đều, nẹp Áo may nhăn nhúm, vải rất xấu, mua 3bộ chỉ 1bộ tạm ổn với giá tiền!!",NEG
đặt 2c và thanh toán tiền 2c nhưng khi mở ra thì có 1c,NEG
Mình đặt đợt gần lễ nên thời gian giao hàng hơi lâu,NEG
"Cạp trên bị lệch, đường nay bên trong không đẹp",NEG
Nhưng con mình mua phía trên đầu may không kỹ,NEG
Tất đẹp nhưng thái độ của Ship quá chán,NEG
Tay cầm hơi lỏng,NEG
Vải xấu quắc,NEG
Đặt 4 món mới giao 3 món,NEG
Làm ăn phải uy tín chứ gửi cho xong chuyện vậy sao,NEG
Lên màu ko đẹp.mau trôi,NEG
Hàng quá xấu so với sức tưởng tượng... về k giám mặc chỉ cất góc tủ,NEG
Hơi rộng,NEG
Màu áo k giống trên ảnh .,NEG
Quần ống to ống nhỏ và cao thấp..,NEG
"Áo hơi chật màu giao không đẹp, không giống hình đăng đã chọn",NEG
Ko đúng trong hình,NEG
Tay dài ra ngắn,NEG
Vải hơi mỏng xí,NEG
Ko thể nào chấp nhận đk,NEG
Đế giầy không được mềm cho lắm,NEG
Hàng hơi mỏng ạ,NEG
Shop phục vụ rất kém hết hàng nhưng không báo lại đến khi hỏi thì bảo là hoàn lại tiền nhưng chỉ nói cho có tiền không thấy đâu 4 chục bạc mất cả uy tín áo thì rộng thênh thang cái nào cũng thế ctrai mặc thì vừa hơn mk mặc,NEG
"Hơi thất vọng về chất, k đẹp như màu đỏ đô hay vàng gạch",NEG
Nút tắt k ăn,NEG
Đặt XL dặn kỷ rồi vẫn giao size L,NEG
Hơi rộng,NEG
Sản phẩm bé so với miêu tả (canon 700d+sig17-50 k vừa cho 2 sao),NEG
Đặt màu đen thì giao màu trắng :),NEG
LỪA ĐẢO =)),NEG
"Áo phom nhỏ, Size 34 tương đương như Size 36",NEG
Hàng xấu,NEG
To hơn tưởng tượng,NEG
Đóng gói sản phẩm rất đẹp và chắc chắnThời gian giao hàng rất nhanh,NEG
Áo size to quá không mặc được,NEG
"Mới giặt mới mặc 1lần mak mak đã bug dãn len, đứt máy sợi thun từa lưa r",NEG
Thật tồi tệ,NEG
Chất vải hơi nóng,NEG
Áo mới mà dính mực.nói chung Tiền nào của đó Chất lượng sản phẩm tạm được,NEG
"Không phải dáng ôm sát body, Size S vẫn khá rộng với mình, dù mh cao 1,6m + 46kg",NEG
Thất vọng,NEG
"Áo sờ cũng hơi cứng, ko đc mềm mịn cho lắm",NEG
"Sản phẩm kém chất lượng, k phải vải voan, mỏng, sờ chất nóng",NEG
Lúc yêu cầu trả hàng thì nói ngang nói ngược,NEG
"Áo ko giống hình, bé",NEG
Áo giống hình nhưng vì quả quá lớn mặc lên k ôm được ngực nên nhìn rất xấu,NEG
Với giá tiền thì kg mỏng như mình nghĩ,NEG
"Như nt chậm, k tương tác tốt",NEG
Chất váy mặc hơi nóng,NEG
"Được cái in đẹp, kg bong tróc",NEG
"form đẹp, nhưng vải bị ra màu",NEG
Chất lượng sản phẩm tốt nhưng không có sạc đi kèm rất bất tiện,NEG
Nhìn như giây bỏ đi vây,NEG
"Mình 1m6 55kg mua size M vẫn thấy to, do phần vai rộng nên các bạn nữ mặc nhìn hơi thô",NEG
May bị dính vạt dưới,NEG
Giầy k có nơ như hình,NEG
Vải quá dởm,NEG
K giog hinh,NEG
Side Nam không chuẩn nhỏ hơn,NEG
"Chất lượng rất bình thường, không hài lòng về sp Chất lượng sản phẩm kém",NEG
Vải tốt nhưng Form áo xấu,NEG
"Nên thôi mình k cần nữa , cũng k đáng nhiu mà shop làm mình k hài lòng",NEG
Ghi rõ là áo size 36 nhưng giao size 34 bé bằng lỗ mũi,NEG
Hàng bị lỗi,NEG
K đúng màu,NEG
"Giầy đẹp, giao nhầm size yêu cầu đổi size",NEG
"Chất lượng sản phẩm rất kém, mùi hắc ko chịu nổi còn sữa tắm thì lỏng lè",NEG
Shop chú ý kiểm tra kỹ hơn,NEG
Mùi hắc qa shop a,NEG
Shop phải test trc khi giao hàng chứ,NEG
Giao thiếu hàng mà cứ lươn lẹo không giải quyết cho khách hàng,NEG
"Chất lượng sản phẩm cực kì kém, áo bé hơn nhiều so với mô tả, mặc vào vừa cộc vừa chật, sai hoàn toàn dáng áo, thời gian chuẩn bị hàng lâu hơn nhiều so với các shop khác, làm ăn gì như lừa đảo, nói chung mất tiền ngu, lần sau không bao giờ quay lại",NEG
Màu k giống ảnh gửi,NEG
Cùng set nhưng cái to cái nhỏ nên trừ 1*,NEG
Chất lượng sản phẩm kém,NEG
Chất lượng sản phẩm rất kém Đóng gói sản phẩm rất kém Rất không đáng tiền,NEG
vậy ngay từ đầu đừng nói là mua lại. làm ăn kiểu vậy ai dám mua nữa,NEG
"Vải mỏng, áo giao bị rách nhỏ",NEG
K con duong nao de che,NEG
Màu không giống hình,NEG
"Thay ghom k giong nhu toi nghi,mau bong va ban ao bu",NEG
Giao hàng bị bục hết,NEG
giao k dung size,NEG
"Rất không đáng tiền, Chất lượng sản phẩm rất kém",NEG
Sp quá tệ khác hoan toan với sp mà minh dat minh that sự rất thật vong từ nay ko mua sp ở shop nửa minh thay sp ở Lazda con tot hon nhieu,NEG
"giầy cỡ 42 to hơn nửa size so với bt, mũi giầy lệch",NEG
Giao nhầm màu. 1 trắng 1 xanh mà giao cho 2 xanh,NEG
Áo xấu,NEG
dây vai to hơn bt,NEG
Hỏi shop thì bảo tại sao bạn mua hàng k vừa mà Shop phải chịu phí vc,NEG
Mác vải bên trong là size 38/85 nhưng mác giấy bên ngoài là 34/75,NEG
Rong hon so voi size chuan,NEG
"Bé nhà mình mặc 2 tiếng là đầy trong khi tã mình mua chỗ khác mặc 4,5 tiếng vẫn khô ráo",NEG
Chat Luong không giông như trong hình mang ao đen Sổ hêt chín Nói tom lai la Ko hài lòng vê cai ao này qúa Tệ,NEG
Thời gian giao hàng lâu,NEG
"Vừa nhận đã bị gãy rui, shop nên kiểm tra sp kỹ rồi mới gửi cho khách hàng nhé",NEG
Hơi nhỏ nha ad,NEG
Nút áo may sơ sài,NEG
Chất lượng kém phai màu,NEG
"Khá bực mình và thất vọng vì khoá kéo áo, dây rút áo, vải áo là 3 màu khác nhau",NEG
Mong shop phục vụ tốt hơn,NEG
Giao hàng lâu,NEG
Cũng đc,NEG
Thái độ lại khách hàng khi ib hỏi,NEG
"Chất lượng áo len kém, len thô, sợi len thừa nhiều",NEG
Chuẩn bị và giao hàng rất lâu,NEG
áo thun màu ko giống như hình sọc đỏ đen,NEG
Đặt hàng giao nhằm sp ib kêu đổi ko tl,NEG
Phom ngắn lại rộng ống tay k ôm mà loe 😓,NEG
Đường may gần khóa bị bung vải ra k chắc,NEG
Khác hoàn toàn ảnh,NEG
"Khi mặc mình thấy đáy quần cứ lệch qua 1 bên, rất khó chịu",NEG
Vải áo đợt này mỏng hơn vải áo đợt trước Do ạ,NEG
Chất lượng sản phẩm rất kém,NEG
Hàng ko chuẩn size chút nao thất vong qua.lay size m bé quá ko vua cho đua cháu luờn quay lai lay them cai size l van the.qua thật vong luôn,NEG
Dáng xấu,NEG
Xấu,NEG
Hmmm,NEG
Giao nhầm màu be,NEG
Mua chủ yêu vì hộp phấn mắt mà giao màu xấu kinh khủng,NEG
Bị rộng,NEG
"Áo ko dc đẹp lắm , chữ in xấu",NEG
Form áo không đẹp như trong hình,NEG
Nhưng hơi nhiều chỉ thừa,NEG
Bình có chữ PC làm bằng nhựa này k an toàn,NEG
Tuy nhiên shop nên kiểm tra hàng trước khi giao tránh trường hợp giao ko đúng mẫu,NEG
Hic,NEG
"Phần đế trắng dễ bám bẩn, chùi không dễ ra",NEG
Chất lượng sản phẩm rất kém🔩,NEG
So vs tiền là ko đáng.nít khác hình,NEG
Tuy nhiên mùi còn hôi,NEG
hàng củng tạm đc giao hang cung nhanh nhung cước phí thì hoi mắt,NEG
"Áo giống hình, váy quá xấu",NEG
Mua k đáng tiền,NEG
Gói hàng làm hư méo mút trong bra,NEG
Gì vãi mõng thấy cả đồ lót,NEG
"Giao sai màu,nói cho shop thì shop k chịu nhận sai,chán😔",NEG
hàng copy,NEG
Đề nghị shoppee xem lại nhà cung cấp này,NEG
Đặt lại sz S mà vẫn ship sai M cho mình,NEG
Đẹp nhưng tóc ít hơn mình nghỉ,NEG
"Thề, vải áo THÔ CỨNG như cái bao ko hiểu phải mặc kiểu gì",NEG
Giao hàng k đủ.,NEG
Nt shop khong rep :)),NEG
"Áo mỏng hơn mình tưởng, form không đẹp lắm",NEG
"Tạm được, không đẹp như hình, chất vải bình thường (vải lưới)",NEG
Áo bị bẩn,NEG
"Vải quá xấu, form và cắt không đẹp như hình :( mặc vào như cái ống tre ✖️",NEG
giao sai size.. đặt cùng size mà giao cái lớn cái nhỏ xíu,NEG
Chất lượng may ẩu và xấu,NEG
Cổ áo và vạt áo thì may KHÔNG HỀ CO DÃN và KHÔNG THỂ CHUI LỌT để mặc,NEG
Đầm mình nhận được ko giống như vải đã đăng,NEG
Quần đepn vừa ý nhưng size hoi nhỏ khoảng 50lg mặc vừa,NEG
Shop nên để size khi đặt lựa chứ hàng về sz nhỏ mặc chật k thích lắm,NEG
Ren mỏng mau rách,NEG
Làm ăn mất khách,NEG
Mặc ko vừa to quá,NEG
"Tạm được, thay dây rút bằng khóa thì thích hơn",NEG
Hơi tệ hơn chiếc kia nha,NEG
"Tôi đặt xl mà giao cho tôi l, áo quá nhỏ làm sao tôi mặc được",NEG
Đường may hình hơi ẩu,NEG
Ko giong trong hình 😭,NEG
Chất lượng sản phẩm dỏm ko hài lòng,NEG
vải mỏng . đường may thô và thưa,NEG
"Mang đi mưa mà vẫn ướt như thường, dây buộc không bó sát chân được",NEG
Chữ adidas thành chữ ji ko biết nói chung tiền nào của đấy rẻ tiền ko ưng,NEG
phản hồi với shop thì bảo ko gửi thiếu,NEG
Nhưng điểm trừ là shop giao nhầm màu ( hỏi khách cần màu gì chi???,NEG
Đặt shop màu hồng mà shop ship cho màu vàng😡,NEG
"Đóng gói sản phẩm kém, mở ra mà tem đã bị thế rồi",NEG
Sản phẩm không giống như trong hình,NEG
Mình ko thích sp như vậy,NEG
"Giao hàng khá lâu, chất thun áo ko tốt lắm phải may thêm cho khít, tạm tạm",NEG
Chất lượng kém quá,NEG
Mình ko chê sản phẩm nhưng nhận hàng ko hài lòng,NEG
"Gửi sai hàng, nhắn tin mấy lần ko hề phản hồi",NEG
Giao kg đúng màu đã chọn,NEG
Vải tạm được,NEG
K vắt sổ nên sợi vải bung quá nhiều,NEG
k đẹp cho lắm,NEG
Mình yêu cầu đổi màu.khác cách thứv đổi ra sao,NEG
Chất ko như đợt hàng đầu,NEG
Ko đáng để mua hàng rất tệ,NEG
Sp bị rách mà cũng giao cho khách,NEG
Giao nhầm cho mình 1 cái 75b v 1 cái lại 75a :(,NEG
"Sp không giống hình lắm, nhưng xài được",NEG
"Màu không giống hình,thoa lên như bệnh 😅",NEG
Khóa hơi khó kéo nha shop,NEG
Người mình cao nhưng nhỏ nhắn mặc vẫn hơi chật nên ai to hơn mặc chắc chắn ko thở nổi đâu :3,NEG
Mình không hài lòng,NEG
Chỉ tội nhận hàng hơi lâu,NEG
"Mình mua của shop này rất nhiều lần,vì mình cũng bán online nên lấy đồ shop,50% sp tốt 20% tạm đc còn 30% không thể chấp nhận đc,vải áo hàn,áo thun,áo nhật,hoodie vải dày tốt,nhưng mà áo khoác kaki,áo style cổ hàn...bị dính bẩn rất nghiêm trọng luôn giặt không ra đc,lại còn dính mhiều nữa chớ",NEG
Nhìn k được ưng ý.,NEG
Vậy mà khi mở ra lại là màu đen,NEG
"giao hàng cũ, xước tùm lum mà còn kêu hàng mới, gửi ảnh qua còn kêu ko có căn cứ,",NEG
"Đường may kém, dễ sút chỉ",NEG
Lần sau shop nên báo trước là đã hết hàng,NEG
"Mặc khá xinh nhưng chất vải xấu, mỏng, cứng",NEG
Viền cổ và bo tay đều không có..,NEG
"Tuy nhiên phần cúc khâu hơi ẩu, có 1 bộ cúc gần như sát ngoài mép áo",NEG
Chung 1 set khong dong nhat kich thuoc,NEG
Hàng nâu cam nhưng hình ảnh quảng cáo là xám cam,NEG
Lấy mà kem lại gửi màu trắng,NEG
"Chán, Trước khi mua thì kiến đầy, Mua về chưa dùng thì kiến nó trốn hết. =)) Chắc nó ngửi thấy mùi SP",NEG
Quá xấu,NEG
Vải hơn thô cứng,NEG
Giao hộp hàng mà khi nhận nát ơi là nát,NEG
Giao hàng lâu!,NEG
Áo đã bẩn còn lỗi chỉ,NEG
"Mỗi tội lần đầu giao thì gọi vào h nghỉ trưa, ko nghe đc nên bị hủy giao",NEG
"Chân mình 24,5 mà đeo vào khó chịu",NEG
Chất k đc đẹp,NEG
K che đc phần dưới,NEG
Mùi vải hôi lắm,NEG
K giống mầu trong ảnh Đường may k đẹp lắm,NEG
Ko hai long lăm,NEG
"Tính mua 2 bộ mà lỡ tay ấn mua 3 bộ k để ý , thế là thiếu mất 1 vỏ gối ôm , ib hỏi shop làm sao để mua thêm vỏ gối ôm 20k nữa mà chắc shop bận quá k kịp trả lời",NEG
Ko thjk mùi này lắm..,NEG
Quần bị lỗi đường may một chút,NEG
Đường chỉ ko đc đều .áo hơi chật Thời gian giao hàng rất nhanh,NEG
Áo quá dài,NEG
Đóng gói ok.chất vải oki.nhưng shop như kiểu thải các áo bị lỗi hay sao mà áo em bị rách nách.trễ vai nhưng chỉ cần đưa tay lên buộc tóc là thành bó cổ luôn.đề nghị shop xem lại,NEG
Nghe đc 1 ngày sau thì 1 bên to 1 bên nhỏ,NEG
"giao màu ghi k giống hình, nhìn cũ, xấu, già",NEG
Ko giống trong hình,NEG
Mã QR là giả... chỉ dán lên thôi,NEG
đặt 2 giao 1,NEG
Quần chưa kịp mặc đã bục 1 đoạn,NEG
"Thời gian giao hàng chậm, Không đáng tiền",NEG
Chất lượng sản phẩm tạm được,NEG
"Chat trc với shop báo hỏi đơn kiểm tra hàng màu còn hay hết, dặn shop màu lun mà đến lúc giao vẫn sai. 3 mẫu sai màu hết 2 mẫu",NEG
"Ngực em cuzng bitnhf thường thôi, mà mặc vào nó vừa đẩy vừa sáng cả cái bầu ngực",NEG
Chất vải màu kẻ k thích bằg màu đen và trắng,NEG
Nhân viên bưu điện gọi em không thèm nghe máy,NEG
Hàng mới nhận nhưng giống như xài rồi .,NEG
"Túi quá mỏng và dễ rách , khác hẳn hàng lần trước mua , thật sự thất vọng",NEG
Chất lượng tạm ổn,NEG
Trong hình lớp lót trong cùng màu với lớp ngoài nhưng nhận dc lại là màu trắng nên trông rởm rởm,NEG
Giao nhầm sp,NEG
"Nhỏ xíu, vải xấu",NEG
Hàng giống hình nhưng vải k giống,NEG
Người giao hàng nói chuyên ko đc lịch sự,NEG
Nói chung với số tiền trên thì hợp lí,NEG
Thực sự quá thất vọng,NEG
Màu ở ngoài nhạt hơn trong ảnh 1 tí,NEG
Mình chưa nhận được hàng,NEG
Hàng ko đúng lót lông loại thường gom quần co nhỏ xíu ngắn ngủn,NEG
Cho không xong áo mặc cứng không thể tả nổi sự thất vọng,NEG
Tuy nhiên giao hangg khá lâu khoảng gần 1 tuần,NEG
"date cả 2 chai đều bị lem,chất liệu chai đựng rất xấu,không láng mịn như các chai mình đã từng mua trước đây",NEG
Ao deu dep,NEG
Shop k nói rõ hơi thất vọng,NEG
H sửa còn 1 luôn,NEG
Áo thực tế xấu tệ ko đẹp như hình: chất giống loại vải thun để may lót trong khi trên hình thì như thun giấy.,NEG
Áo khá đẹp mặc dù giá rẻ tuy nhiên shop giao nhầm mau,NEG
"Bàn mới mua mà nhận được như này, cố tình giao cho khách hàng kém chất lượng",NEG
Quần vải mong,NEG
"Hơi mỏng, mặc mùa hè thì đc chứ mua đông ko ấm, may cũng ko đc chắc chắn lắm",NEG
Chập chờn,NEG
Tệ và xấu,NEG
"Giao sai màu, sai size , áo bầu ngực quá bự, dây áo ko co giãn",NEG
"Sp ok so vs giá, cơ mà đường may tay và cổ áo hơi cẩu thả:(((",NEG
"Sản phẩm này ko giống trong hình , Chất lượng sản phẩm kém",NEG
Cổ áo không giống hình lắm,NEG
"Hóa đơn thì ghi đủ số tiền mình đặt hàng, giao thì thiếu",NEG
Chất lượng kem,NEG
Shop bán k đúng mẫu.k đúng màu.hình đăng bán khác nhưng giao hàng là cái khác.giống lừa đảo quá,NEG
Vải co dãn nhiều,NEG
"Đặt hàng 2 miếng, giao chỉ 1 miếng",NEG
K mặc được to mà cũng k đẹp như ảnh,NEG
"Sp nóng, như mặc áo mưa vậy",NEG
"Chất vải thun đơn giản, mỏng",NEG
Bị rách ngay đáy quần lỗ khá lớn :(( quần khá ok,NEG
vải quá mỏng .sản phẩm rất kém,NEG
Khong thich lam,NEG
Vay thi OK con ao thi bi Rách buon ghe noi shop thi tra loi qua loa,NEG
K đẹp như hình ảnh,NEG
chất liệu vải thì cũng tạm được. chán cái đường chỉ 1 cái thì bục chỉ ở túi còn 1 cái máy cả vào chun,NEG
Vải quá mõng,NEG
Bán đồ như giẻ .,NEG
Sp kém chất lượng,NEG
Treo đầu de bán thịt chó,NEG
Mà rẻ z bảo sao vải đẹp,NEG
Khi nhận sản phẩm đã bị bong mất đinh ở quai,NEG
Vải xấu có mùi hôi hàng không giống hình,NEG
Tai dài hơn hình trông hơi kì,NEG
"Chất nóng, cứng",NEG
"Đẹp, bền vừa với túi tiền",NEG
Chất khá ổn nhưng shop gửi sai mẫu,NEG
"Vải mỏng, form nhỏ hơn bình thường",NEG
Gởi hang ko dung,NEG
Sai hàng,NEG
Chất lượng xấu quá.mức chật quá chất nóng,NEG
Động tí là bong ra rất chán,NEG
Chất kem loãng,NEG
"Đường may xấu, chỉ tua rua",NEG
Baggy sz hơi nhỏ còn legging bị rách ở hai túi,NEG
Tgian giao hàng lâu,NEG
"Chân mình bị nổi mẫn đỏ, mấy chỗ sưng lên rất đau đến giờ vẫn chưa hết. mình đem quần ngâm nước nóng cũng ko hết chất nhuộm",NEG
Trc đây mình dùng pampers ko hề bị như vậy,NEG
Kém chất lượng,NEG
"Sau đó kh giải quyết thêm vấn đề gì cho mình nữa , chỉ im lặng và coi như mình mất 70k hihi",NEG
"Đặt 3 áo đen, trắng, rêu lại giao rêu, hồng, tím",NEG
Nghi sao đặt hàng với trắng giao 2 cai màu vàng bo tay.,NEG
Thời gian giao hàng chậm như rùa bò -_-,NEG
"Chất hơi nóng, mình nhìn trong hình giống cotton cơ mà không phải",NEG
Mua 2 áo kg mặc dc cái nào,NEG
"Không giống hình, from rộng mà hơi cộc",NEG
Mua nhiều mà làm ăn chán,NEG
"Quần xấu không đẹp khônh giống hình- tuy nhiên đã hoàn lại được tiền, Chất lượng sản phẩm rất kém",NEG
Thất vọng về sản phẩm khi nhận được,NEG
Mua 2 cái sz 36 ma giao vay ne,NEG
Tai nghe bluetooth không sài được,NEG
"cũng ok, đi đau chân",NEG
Thất vọng,NEG
Phom áo hơi nhỏ,NEG
áo mô tả gần giống hình cổ áo không giống hình mẫu,NEG
Shop phục vụ rất kém Đóng gói sản phẩm rất kém Thời gian giao hàng rất chậm,NEG
Thất vọng,NEG
"Giao hàng lâu, vải mỏng, thun giãn, loại vải này chắc chỉ mặc được 1 lần giặt xong là thôi mang làm giẻ lau nhà luôn, đc cái là thiết kế mặc lên dáng cũng đc",NEG
"TUY NHIÊN : Shop chỉ đua các size cũng k đua kích thước áo(shop khác đèu có đua kích thước ao rõ ràng ,áo rong 90cm size L , nên những ai dù dưới 55kg mà mông 92 như mình thì k nên mua, shop nói đó là do mông mình to.ok lỗi bên mình)",NEG
Chất lượng sản phẩm tạm được,NEG
Vãi hơi thô..,NEG
Áo chất đẹp nhưng mình mặc hơi rộng nên hơi buồn tí,NEG
Đặt 5 giao 4 nt shop ko trả lời,NEG
Hơi chật chội và chất vải rất nóng,NEG
"Điều kiện áp dụng ko giống mô tả,mình sử dụng vào ngày thứ 3 thì cửa hàng xác nhận là ko áp dụng cùng với các khuyến mãi khác.mong shop kiểm tra",NEG
Chất lượng sản phẩm kém không đáng tiền chất vải nhăn mỏng rất xấu không xứng với giá tiền,NEG
"Size M quá bé @@ 48kg shop báo size M thoải mái, mà mặc vừa bị ngắn vừa bị chật",NEG
K đẹp,NEG
Giao sai màu,NEG
Giày k giống hình,NEG
"Nên lấy hơn size để mặc cho thoải mái, chất vải tạm ổn, đường may hok đẹp",NEG
K đúng với màu sản phẩm đã đặt,NEG
Dưới là 1 số hình ảnh mình chat với shop !!,NEG
Size giày phom nhỏ nên đi hơi kích,NEG
Shop làm em tốn tìn mua áo mới rồi,NEG
Đóng gói sản phẩm kém là vỡ gương bỏ bên trong túi,NEG
Giao Hàng quá chậm,NEG
Màu thì ko thực sự giống trong hình,NEG
Giao ko đúng màu còn sai kích cỡ.thất vọng ghê,NEG
Chất lượng sp kém,NEG
Sai màu bộ này rồi shop :(,NEG
Hàng lỗi,NEG
Gưi thiếu hàng nhưng khi hỏi thì chỉ nhắn b bấm hoàn trả đi rồi shop kiểm tra lại nhưng mãi k thấy shop kiểm tra và hoàn trả!,NEG
May là hết hàng nên đặt có một hũ thôi,NEG
Áo hơi nhỏ thêm mặc ko được,NEG
"Cạnh của kính ko dk mượt cho lắm, bảo fulll màn nhưng vẫn bị thiếu tí",NEG
Tạm đc thôi,NEG
mua 5 giao 4,NEG
Thái độ với khách quá tệ,NEG
Đóng gói kém,NEG
"Đặt 2 đôi nhưng chỉ gửi về 1 đôi, đã có nt cho shop nhưng k nhận được phản hồi",NEG
Màu khác xa với hình ảnh,NEG
"Giao sản phẩm không đúng mẫu, k đúng kiểu,",NEG
Hiuhiu,NEG
Shop ko nhiệt tình,NEG
Áo này không có nên shop có trả tiền lại cho mình,NEG
"mua hang o shop nhieu lan, nhung lan nay la thay that vong, vi giao k dung màu, minh dat 1xanh navy, 2 mau da, 1 mau trang, shop het mau xanh va trang, thi phai nt cho minh biet, de minh thay doi ao khac chu, dang nay k noi gi, ma tu y giao nhu vay, trong khi minh da de lai chu y rat ro rang",NEG
Mình mặc hơi rộng xíu,NEG
K gửi đúng size,NEG
Giày ko kèm box,NEG
thun giãn nhiều quá,NEG
Huhu,NEG
Màu in nhạt vải mặc nóng,NEG
Cũng mua size L màu trắng như lần trc nhưng dáng lại rộng hơn nhiều so với lần trước :( hô thất vọng,NEG
"Chờ đợi hàng mỏi mòn, nhận được váy không có khoá đằng sau",NEG
Có 20 mấy ngàn mà làm như lớn lắm,NEG
Vải mỏng,NEG
K giống hình,NEG
Shop phục vụ rất kém,NEG
Giao hang cham.hang k dung size,NEG
Bị rụng mất 1 hạt chuông,NEG
Da mỏng,NEG
Nhiều nilon,NEG
"Túi bé, chất lượng kém",NEG
Kh Giống Hình,NEG
K mặc vô đuợc,NEG
Vừa dùng lần đầu mà đã banh chành như gì,NEG
Chất lượng sản phẩm rất kém giao k dung mau,NEG
Nhưng hàng k tốt,NEG
"Chất lượng sản phẩm rất kém, chất vải , màu sắc ko giống hình",NEG
"Hàng đóng gói cẩn thận, nhưng đặt mẫu 4 giao mẫu 3",NEG
Hàng không còn nguyên vẹn,NEG
Mua về chả muốn dùng,NEG
Bọc hàng sơ xài,NEG
"Cách tư vấn của Shop ko nhiệt tình, khó chịu",NEG
Kính dán khoảng 1tuần là bụi bám đầy camera trước,NEG
Hag ok lam nhug co cai no hoi bi loi xiu ma ko sao chj ah,NEG
Quần free size nhưng kích cỡ lộn xộn,NEG
Áo đẹp,NEG
Phải tăng lên tận 2 size mới đúng,NEG
Giận,NEG
Tuy shop có trả lời nhưng sau đó mình nhận được những dòng tin nhắn này khiến mình k thoải mái (cho 1 sao),NEG
Nhưng đợi ship hơi lâu :(((,NEG
Đặt mua nhẫn thì lại giao một sợi xích,NEG
Chất vải không được tốt lắm vì tiền nào của nấy mà,NEG
Đặt màu đen giao màu ghi,NEG
Giao không đúng size,NEG
"Chất lượng sản phẩm kém, khong phai vai voan khong nhu hinh",NEG
Rất tệ,NEG
Bàn phím như ko có bóng đèn vậy tối ẽo nhìn đc,NEG
"Để size là 65kg trở lại mà e có 48-49kg, mặc bị chật 2 bên nách, bó vào siết đau, chất liệu mặc cũg khá mát",NEG
"Áo chữ in không phải thêu, tay ngắn không phải tay lỡ",NEG
Áo in màu k đẹp,NEG
Hi vọng lần sau shop giao hàng đúng mẫu đã đặt,NEG
"Chất lượng sản phẩm kém Không đáng tiền, áo vải xau ,ma shop ghi ,là vải voan ,áo ko giống trong hinh",NEG
Nhưng màu kháu so với ảnh,NEG
Cho đúng mấy màu k mặc đc nổi,NEG
Giặt 1 lần mà xù hết lên,NEG
So với giá tiền thì ổn. 52kg mặc cái rộng cái vừa?!?!?!?!,NEG
Vãi mõng mà rộng như cái mùng vậy,NEG
Ốp bị trầ,NEG
"Vải hơi mỏng, may chưa được kỹ lắm",NEG
Ko dc Rõ,NEG
Áo bị ra màu,NEG
Trong khi đó đang càn rất gấp lô áo này,NEG
Mặc toàn tụt xuống mông,NEG
Ngoài chợ bán 35k nhưng lại đẹp hơn rất nhiều của shop,NEG
Quần bé quá shop ak,NEG
Size áo nhỏ,NEG
Mình đặt hàng sh cho bé trai 17kg mà khi nhận dc hàng mở ra mặc thử như đồ bé 1 tuổi vậy thất vọng Đóng gói sản phẩm rất đẹp và chắc chắn,NEG
Chất lượng sản phẩm kém Đóng gói sản phẩm kém Shop phục vụ kém Thời gian giao hàng chậm,NEG
"Áo mỏng đường chỉ ko đẹp, áo có vết bẩn nữa",NEG
Cảm thấy thất vọng,NEG
K nhận dc hàng,NEG
Của các con màu vàng đậm còn của bố mẹ lại nhạt,NEG
Mặc mà vận động giòn vo thành cục,NEG
Thôi xài tạm Chất lượng sản phẩm rất kém,NEG
Áo không giống hình sản phẩm lỗi lừa đảo,NEG
"Cả nhà có mua thì chú ý nhé, lúc chưa mua nó nói chuyện dạ thưa, mua giao 5 áo mà 3 sz khác nhau",NEG
có 1 chỗ bị đen nhỏ khi mới giao ở đg kẻ,NEG
Chất lượng sản phẩm tạm được Đóng gói sản phẩm kém Thời gian giao hàng chậm Giá cả chấp nhận được Shop phục vụ tạm được,NEG
Size M ma be nhu size S,NEG
So bad,NEG
Sai mẫu,NEG
Vải mỏng chất lượng kém 😕😕,NEG
Chất lượng rất kém,NEG
Chất lượng sản phẩm rất kém,NEG
Chất xấu.k giống trong ảnh.dẻ rách k đáng tiền,NEG
Phai từ khác gói khác sang nhìn rất mất cảm tình,NEG
K bao giờ mua lại lần nữa,NEG
Qa te,NEG
Thời gian giao hàg lâu quá lần nào mua cũg vậy,NEG
Áo không giống với hình chụp,NEG
K giống hình áo thì mong chất vải thì xấu phí tiền,NEG
Thời gian giao hàng chậm,NEG
Chất liệu mỏng quá,NEG
"Đóng gói sản phẩm kém, hộp nát sau khi nhận hàng, nhân viên vận chuyển không đọc kỹ lưu ý của khách hàng",NEG
Ko trả lời câu hơi của khách,NEG
Ko giống như hình,NEG
Phù hợp v bạn từ 45-48kg thôi,NEG
Hạn hán lời !!,NEG
Váy k đc nhue mong muốn,NEG
"Chất áo mỏng, nhăn, hơi ngả vàng chứ k phải màu trắng",NEG
"Mỏng hơn so với ảnh, màu nhạt hơn",NEG
Đặt 41 mà shop giao bằng 43,NEG
Chất lượng sản phẩm tạm được Đóng gói sản phẩm tạm được Giá cả chấp nhận được,NEG
Chọn màu này lấy màu kia,NEG
Phần áo cắt bị nham nhở 😔,NEG
"Màu không tươi như hình, giặt bị phai, xấu",NEG
"Vạt áo rất ngắn, k thể mặc được như mẫu dù là mặc với quần cạp cao",NEG
Trong hình nhìn nhỏ vừa.nhận hàng hk giống hình,NEG
"Chất len rất xấu, không như mong đợi",NEG
Thật sự nhìn kém sang hẳn,NEG
"mình đã đánh giá nhưng phải sửa lại vì váy chất cực xấu, vải thun chứ ko phải umi hàn, vì mình có váy vải umi nó dày và giặt xong nhăn xong mặc 1 tí phẳng luôn, còn cái này mình giặt 1 lần nó nát tã, tà thấp tà cao, may váy còn ko có móc treo, nói chung xấu tệ, quá tệ so với giá tiền",NEG
Nhìn ngoài thì k vấn đề gì nhưng sử dụng thì..,NEG
Vải như cái vải mùng lun 😔,NEG
Ngoài ra hình in trên áo có nguy cơ nứt nẻ sau vài lần giặt rất cao,NEG
"Shop Đóng gói sản phẩm kém, Không đáng tiền",NEG
Gửi cho mình 1 áo trắng bị đen bẩn phía sau,NEG
Cạch tới già,NEG
Tiền nào có nấy khuyên MB đừg hy vọng nhìu về sp mặt vô xấu lắm 😒😒,NEG
Form áo nhỏ chứ ko phải áo dáng rộng,NEG
"đặt 10 cái tách, giao hàng thì ko cho kiểm tra hàng, mở ra thì nv trong khi mình trả tiền đủ 10 cái, mở ra thì 1 đóng xà bần, shop làm ăn gian dối",NEG
Đặt 3 cái,NEG
Vải mỏng tiền nào của nấy,NEG
Form không đẹp,NEG
Ko biết các khách khác nói tuyệt vời là tuyệt chỗ nào nữa,NEG
Và yêu đổi lại hàng,NEG
Vớ rộng wa cũng được nhưng phải nhỏ lại,NEG
Chất vải xấu cứng ráp,NEG
Áo hơi dài,NEG
Vải hơi nóng tí,NEG
Đầm quá ư là xấu,NEG
"Yêu cầu đổi trả Shop yêu cầu gửi ảnh, gửi cho r im lặng",NEG
Shop ko cho đổi hàng,NEG
vải được nhưng nhầm size.. đặt s mà giao L.. làm phải tốn tiền đi sửa lại nữa,NEG
Đường may cẩu thả,NEG
Nói chung là xàm,NEG
Shop gửi sai màu,NEG
"Bán hàng k có trách nhiệm, đặt 1 trắng 1 đen mà giao cho khách 2 đen, mình sợ giao nhầm đã nt riêng r v mà vẫn cố tình giao màu sai, đã v khi nhận đc hàng thì 1 cái bị bay màu hàng lỗi, đt khiếu nại thì chửi khách thậm tệ, có dấu hiệu LỪA ĐẢO nên cẩn thận Shop phục vụ rất kém",NEG
Ao wa xau,NEG
"Đường may cẩu thả, chỉ thừa tùm lum",NEG
KHÔNG HÀI LÒNG,NEG
Tầm 1m65 mới vừa được😫,NEG
Sz 34 mà Khung ngực nhỏ quá,NEG
Ko có hàg,NEG
Váy mỏng thôi,NEG
Giao sai size,NEG
Mình mặc size 27 mà lấy size 28 vẫn khong vừa,NEG
- Manager quán mà lại k hề biết về Dkien sử dụng E-voucher từ shopee,NEG
Sản phẩm khi mặc hơi rộng và quá dài đối với tôi,NEG
1 sao cũng k đáng,NEG
Chất lượng sản phẩm tạm được.giống hình,NEG
May đây là kiểu hoạ tiết mình thích nên đã vớt vát được chút,NEG
Đã sử dụng 4 ngày kiểm tra đã hết sạch thuốc.1v ko thể sử dụng dài như shop giới thiệu,NEG
"Chán,thời gian giao hàng chậm",NEG
Thiếu 1 cáp sạc,NEG
Shop nên miêu tả kĩ hơn về sản phẩn này,NEG
Dat mua theo hình màu xanh mà gui ve màu hồng,NEG
"Đặt xanh đậm mà giao mảu xám , thất vọng quá,màu thấy củ xèm",NEG
Hôm sau chúng nó lại hoành hành từ ngày này sang ngày khác như thật vậy,NEG
"Mình mua hàng về xài, lắc bao nhiu cũng bị vón cục hết ak",NEG
Chất liệu ko đep lắm,NEG
Cũng k tư vấn j,NEG
Mong ad điều chỉnh lại,NEG
Quần quá tệ,NEG
Nhưng giao hàng lần đầu không cẩn thận,NEG
Thất vọng kinh khủng,NEG
Thất vọng,NEG
"Đưa cho cái dây ko giống trong ảnh, khác màu và rất mỏng manh, yêu cầu đổi dây khác ko giải quyết",NEG
"Nhận hàng song mà thất vọng tràn trề, màu son gì mà giống màu mắm ruốc lâu năm da bị hư, cũng may là mua lúc giảm giá 9k",NEG
Áo vải quá mỏng,NEG
Cái này giặt mấy lần chắc tróc sơn mặt trước ra hết quá,NEG
Chất vải không được đẹp..,NEG
Tóm lại là ko phù hợp với giá tiền,NEG
"Váy mỏng, mặc lộ",NEG
Thời gian giao hàng chậm,NEG
"Áo nhỏ quá, mút mỏng nữa, đúng là tiền nào của nấy",NEG
San pham that ko duoc nhu hinh,NEG
Là người đi giao hàng lại bắt khách đi để nhận hàng,NEG
Mình mua 4 giao 3,NEG
"Sản phẩm dính bui ban, Ko sach",NEG
Đã nt cho shop đổi size rồi mà vẫn giao size L.Đã thế còn giao sai mẫu nữa.lần đầu mua hàng ở shop thất vọng quá,NEG
thật sự rất k ưng í khi đã chọn 2L36 vẫn gửi M.m cũng đã có nhắn tin để shop nhớ nhưng vẫn gửi nhầm.ntin thắc mắc mặc dù shop online nhưng vẫn k trả lời.1 lần và tưf nay về sau k bao giờ,NEG
Sản phẩm giao lỗi,NEG
Nt hỏi lại thì trả lời kiểu phủi tay,NEG
Sản phẩm lắp ráp k chắc chắn phải vặn ốc lại,NEG
"Shop gửi hàng bị nứt, ko phải do bên vận chuyển",NEG
"hàng bị vỡ, không sử dụng được",NEG
Không đẹp giống như hình ảnh,NEG
Đai lưng vải mềm nhưng hơi nhỏ so với cạp váy,NEG
"Chất vải xấu, giao nhầm sz",NEG
K bh mua ở đây nữa😡😡😡,NEG
Mình mua về để tặng mà khăn có vết bẩn như thế này :(((,NEG
"Áo bị rách đường chỉ ở bên nách trái 1 đoạn dài hàng hơn 10cm, mong shop lần gói hàng nên kiểm tra kỹ hơn",NEG
Thời gian giao hàng hơi lâu chút,NEG
Chất lượng sản phẩm tuyệt vời Đóng gói sản phẩm rất đẹp và chắc chắn Đóng gói sản phẩm rất đẹp và chắc chắn Đóng gói sản phẩm rất đẹp và chắc chắn Chất lượng sản phẩm tuyệt vời,NEG
😂😂😂 Hình như hết hạn r vì màu bị đậm lại mùi thì nồng vl,NEG
- Không có vỏ bao đàn,NEG
Mua hàng kiểu này thì rất khó để ủng hộ tiếp,NEG
Áo mỏng,NEG
Mong shop xem lại,NEG
Thiếu nhiều miếng dán,NEG
Chất liệu hơi mỏng .màu nhạt hơn hình,NEG
"Ships QUÁ CHẬM, làm MẤT HỨNG người mua",NEG
"K ưng sản phẩm, ai muốn m cho luôn này",NEG
Chưa dùng nên cũng ko biết chất lượng,NEG
"áo in 1 nước mực nên chữ in k đc lâu,",NEG
Chất vải tạm đc,NEG
Nhỏ xíu như đồ chơi em bé v,NEG
không đúng size,NEG
Chất vải hơi bí nóng,NEG
"Chất vải mỏng như thô lụa,không phải vải kate như quảng cáo",NEG
Bóc ra xong mới xem lại made in china,NEG
Sản phẩm qá to,NEG
"Treo đầu dê bán thịt chó>>>>> hình đăng thì khác giao hàng thì khác hoàn toàn không giống 1 chi tiết, Đặt hàng nhà mô hình H-012-A Giao H-012-B , đặt hàng trên hình thì màu Xanh giao mô hình nhà Màu Hồng con gái, Tôi đã bị lần này là lần thứ 2 tôi đặt lại có để lại chú ý Rằng mô hình màu Xanh",NEG
Chất lượng sản phẩm rất kém,NEG
Dù chất lượng có tốt thế nào đi nữa mà cách làm việc thế này thì mình xin cho 1*,NEG
"Bị lỗi bạc bạc ngay cổ áo nên mình ko hài lòng, mình đã nt kỹ shop ktra giúp mình sp r :((",NEG
"Shop để hình hương hoa mà giao mùi gỗ cho mh ,chan thật",NEG
Vì lông ngắn củn ko thấm,NEG
Shop phục vụ rất kém,NEG
"Giao hàng chai nhỏ 100ml, giá 105k",NEG
Đầm bầu mà ôm quá,NEG
Phần sắt bị tróc sơn,NEG
Tôi không thích,NEG
"Nào ngờ về ktr lại thì phần tay áo của cái áo trắng đc cắt vuông vức thế này đây, mặc vào nhìn rất kì, kiểu như mới bit cắt may áo z @@ so sánh cái áo đen mình mua shop khác thì tay áo họ làm cong mặc vào rất đẹp..@@ hk bit cái này shop có cho đổi hk",NEG
Lừa đảo à,NEG
"Vải mỏng, đường chỉ may lôm côm",NEG
Áo mỏng cực kì,NEG
Mình chưa bàn đến chất lượng nhưng shop giao sai yêu cầu,NEG
Về mặc hơi rộng,NEG
Sao shop k quấn nổi miếng xốp bong bóng quanh son cho nó đỡ hỏng hả shop :( Thân son xước từa lưa :,NEG
Nhưng hơi thất vọng,NEG
không tốt lắm,NEG
Thất vọng,NEG
"Chán cách phục vụ của shop, nói chung mọi ng đừng nên mua hàng ở đấy, có thắc mắc nt hỏi, ko thèm trả lời ng mua",NEG
Chất liệu vải kg ra gì áo chưa mặc đã quăn nhăn kg như ji quản cáo,NEG
nhỏ hơn size thực,NEG
Mới nguyên mà hỏng luôn 1 bên tai rồi,NEG
Quá thất vọng,NEG
Vừa nhận hàng xong và cảm xúc là: Trời ạ,NEG
Nhưng Size XXL đắt hơn nhưng lại mỏng hơn size L,NEG
Sản phẩm k đúng .còn bị ránh á,NEG
Hàng quá kém,NEG
Chất vải xấu quá,NEG
Shop phục vụ rất kém Rất không đáng tiền,NEG
Ngắn và mỏng,NEG
Chưa mặc chỉ giặt thôi là ra màu rồi,NEG
Vải hơi xấu,NEG
Thật Sự Thất Vọng,NEG
In lem màu,NEG
Chất lượng dơ quần lem màu,NEG
"Chất vải ko đc mềm mịn, hình dán bị lỗi lem màu viền ko đc đẹp",NEG
Khách còn chưa nạp được thẻ mà shop cứ như mình chạy mất tiền của shop phải vào bảo xác nhận đơn còn phải mở ngoặc nhắc lần 2,NEG
Vải mỏng,NEG
Chỉ có điều hơi đặc nên khi đổ sản phẩm ra dùng hơi rối xí..,NEG
"Pijama nhỏ quá, mình 47kg cao 1m58 mà phần eo của quần có tí xíu xỏ vào ko vừa luôn",NEG
"Áo hơi nhỏ, nhưng vải đẹp",NEG
"Vải cũng đẹp nhưng đường may ko cẩn thận, đã chọn size dự phòng r mà vẫn ko vừa, chất lượng còn kém",NEG
"Nhưng chất vải thì siêu tệ. 200k mà chất vải nhăn, xấu như hàng 50-70k vậy",NEG
In áo k đẹp chỉ thừa rất nhìu,NEG
camera cho điện thoại thì k rõ nét tầm ảnh kém,NEG
Đặt hồng thì shop giao màu xanh,NEG
Mua để mặc chứ ko phải để làm từ thiện,NEG
Shoppee còn phải học Lazada dài dài,NEG
Áo k vắt sổ chỉ áo bung lưa thưa như mạng nhện,NEG
Thời gian giao hàng hơi chậm,NEG
"Chất lượng sản phẩm rất kém, vải mỏng dễ rách",NEG
Cổ áo qá rộng,NEG
Chất thô cứng mặc ngứa khó chịu,NEG
"Bộ mặc ko quá rộng, chất nỉ mỏng hơn mình tưởng nhưng mặc khá ấm, tag uni áo còn khâu ngược",NEG
Áo bị phai màu ☹️,NEG
Chất lượng sản phẩm rất kém. kho mực bị lên móc cũ và hôi k ngon,NEG
Trả lại thì bảo là 39k là giá sỉ xong ko cho trả hàng,NEG
Em bán hàng lên có tâm 1 chút quần không mặc vừa chị gọi ĐT thi em bảo gửi bưu điện cho em em sẽ lấy lại hàng,NEG
Phao ko mềm mại,NEG
Tay hơn ngắn,NEG
Hơi mỏng đằng sau,NEG
Shop nên xem lại cách đóng gói,NEG
"Hagg chất lượng kém,sp ko y hình",NEG
"Chất vải mỏng mình phải may thêm lớp lót, dù để bậy mặc cũng mát... hix",NEG
bé xíu,NEG
"Lần đầu tiên mình mua hàng mà đánh giá shop nhưng thật sự thất vọng, Form ko đẹp, chất vải ko đáng tiền",NEG
Có mùi vải rất hôi,NEG
Nói chung thất vọng về sp,NEG
Áo mỏng và màu không đẹp như trong ảnh,NEG
"áo quá nhỏ, vải mỏng",NEG
"Chất lượng giấy xấu, mỏng",NEG
Áo K dẹp xấu,NEG
Đặt đen giao vàng mà chất vải với form cũng k giống,NEG
Ib mà shop bận cũng chưa đổi đc :'(,NEG
Màu trắng ngà chứ k phải trắng tinh,NEG
Hàng xấu kém chấy lượng,NEG
Giá quá đắt,NEG
Mặc tạm được,NEG
"Shop phục vụ rất kém Chất lượng sản phẩm rất kém， Rất không đáng tiền, giao thiếu hàng còn nói để lần sau đặt hàng bù lại, chắc còn đặt lần sau",NEG
"Chủ shop nhiệt tình, áo k ưng í lắm, gặp phải ông shiper k ra gì :))",NEG
Quần lót có cái có vải mịn ở trong có cái ko có,NEG
"Chất vải mặc vào gây ngứa, dặm",NEG
Rep ib thì chậm Chất lượng sản phẩm rất kém Đóng gói sản phẩm rất kém,NEG
Áo rách 1 chỗ khá to nhưng chắc do áo mới còn trong bọc nilon nên chắc shop gửi luôn chưa bóc ra ktra nên mới dính lỗi,NEG
Áo tay ngắn còn hình dán chứ không phải in nữa,NEG
"Màu sắc ko giống hình , bị lem màu vàng có lẫn bụi đen",NEG
Shop cheo đầu dê bán thịt chó .nhân viên ko có trách nhiệm mình gửi áo lại mà mãi ko gửi lại tiền mình .thật mất khách,NEG
Uy tín của shop chỉ là một cái quần,NEG
Cúc áo không chắc chắn,NEG
Chất lượng sản phẩm rất kém Thời gian giao hàng rất chậm Rất không đáng tiền,NEG
Shop vui lòng cẩn thận giúp mình để tránh mất thời gian 2 bên ạ,NEG
Áo có vết bẩn,NEG
Quần chưa mặc đã bục chỉ ở cạp,NEG
"Chất lượng sản phẩm rất kém, dáng váy xấu",NEG
Hiện tại dùng tới ngày t3 thì răng có sáng lên nhưng 2 ngày đầu k ê răng tới hôm t3 sáng ngủ dậy thì răng hơi ê,NEG
Chất vải ko đẹp,NEG
Lần đầu nhận được hóa đơn gtgt trên shoppe dù đã mua nhiều tại các gian hàng chính hãng,NEG
Ko đẹp bằng trong ảnh,NEG
Nhưng GHTK thu tròn 110.000 đ,NEG
Như kiểu giẻ lau nhà,NEG
K đẹp như kì vọng,NEG
Shop trả lời tin nhắn chậm,NEG
"Sản phẩm k ngon lắm, mặn, k biết bao giờ mới ăn hết..ặc Chất lượng sản phẩm rất kém",NEG
Quần form khá to tuy đã đặt sz s nhưng vẫn phải đi bóp lại,NEG
Tóm lại cạch mua hành quần áo ol trên mạng,NEG
"Đặt cái này lại giao cái màu hồng kiểu khác, cực kì vô trách nhiệm",NEG
Hang ko dep như hình,NEG
bán hàng thíu trách nhiệm,NEG
Rộng .k giống ảnh,NEG
Ao hoi mong,NEG
Store lớn cũng k chăm sóc KH kiểu như vậy đâu bạn nhé,NEG
Xuc chỉ tùm lum,NEG
"Ko như mong đơi, mặc lòi hết cả áo dây phía sau",NEG
Chất lượng in hơi tệ,NEG
"Áo đẹp, chất ok nhưng mình k đặt màu trắng, mh đặt đỏ",NEG
Chat trang cung xau hon chat den,NEG
Thái độ ko chấp nhận đc,NEG
Cẩn thận khi đặt hàng shop này,NEG
Chất vải ổn nhưng mình 1m67 55kg mà mặc quần ngắn quá,NEG
Trời ơi bỏ tiền ra mua ma lam như xin z,NEG
Mua 4 cái size 34 mà mẫu này ko vừa,NEG
Sờ dại dại,NEG
Phí tiền,NEG
Shop không thấy đổi trả hàng là phiền phức chứ tui thì phiền chết đi đc,NEG
Giao hàng k đúng sản phẩm,NEG
Áo mỏng hơn ảnh chụp,NEG
"Chất lượng sản phẩm rất kém, vải ko đẹp",NEG
"Giao ko đúng mẫu đặt, nghĩ sao đặt mẫu 95k giao mẫu 65k vui thật, buôn bán mà đẩy hàng tồn cho khách kiểu đó, đổi trả rắc rối nên đành chịu vì gần sinh r",NEG
Giao hàng chậm trể,NEG
Nhắn tin nói shop không trả lời,NEG
"Cách đây gần tuần, mình mặc đúng 1 lần",NEG
Nhưng mà so với giá nv cũng chấp nhânn đc,NEG
"mặc thì k nâng ngực mà còn xẹp đi và bè ra. chất lượg kém. nói chug k như giới thiệu, thất vọng",NEG
"Chảo chất lượng quá dở,mua về mới nấu 1 lần đã hỏng.tóm lại là lừa đảo Chất lượng sản phẩm rất kém",NEG
"Bán hàng giả kém chất lượng mà nói hàng chính hãng lạy 1 lần sợ tới già may là có mua son thật rồi nhờ ng xách tay nước ngoài về mới phân biệt được ko la bị lừa dài dài , tem gì mà tự dán vo Sài son khô môi muốn nứt môi , sợ luôn Chất lượng sản phẩm rất kém",NEG
Giao hàng lâu,NEG
Cơ mà co giãn ít,NEG
Quá thất vọng với cách làm việc of shop !!,NEG
Sạc thì chân micro ngắn dễ bị tuột ra khỏi máy nếu vừa sạc vừa dùng,NEG
"Có lỗi, áo bị rách một chút ở cầu vai, nhưng áo lại rất đẹp, vậy ok, mong shop chú ý hơn",NEG
Giao hàng chậm,NEG
Size m rong lam,NEG
K mặc nổi 😣😣😣 Shop phục vụ kém,NEG
Thất vọng về shop,NEG
Màu k giống hình,NEG
"size XL ma 52 kg mac k vua,chat qua",NEG
"Chất lượng sản phẩm rất kém, rất rất kém, hình một đằng, thực tế một nẻo, quần thì rộng, to size S mà như L, quần thì lưng ngắn quá mức cho phép, k tới mức vừa chứ đừng nói là lưng cao, form không ôm, rộng rộng, xấu kinh khủng",NEG
"Jao hk đúng hàng thật thất vọng, đã vậy shop còn đánh ja nguoc lại nguoi mua 1 sao làm ăn vậy ai dám mua chèn.. 🤬🤬🤬",NEG
Tuy nhiên áo bị lệch vạt,NEG
Loa nghe hơi nhỏ,NEG
Mạng chạy chậm quá,NEG
Đặt 3 áo.. đúng màu .. nhưng 2 áo 1 size vải khác còn 1 áo vải khác size lớn hơn.,NEG
Màu trắng ko đẹp như hình,NEG
Mặc vào rất khó chịu,NEG
Đồ quá rộng,NEG
"Lần sau thiếu hàng shop nên nt với ng mua trc , chứ đừng tự ý gói tiền, m mua đủ hàng vì muốn mua cái giá treo này vậy mà ko có",NEG
dùng 1 lần đã bị hỏng,NEG
Shop phục vụ rất kém Rất không đáng tiền,NEG
Size nhỏ quá,NEG
Nhưng rộng wa,NEG
Áo về tay giống như hàng mặc rồi,NEG
Áo vải cứng,NEG
"Giao hàng nhanh gói hàng siêu kĩ, áo hơi mỏng",NEG
1 cái mất cổng sạc,NEG
Pha màu tím mà giày k giống,NEG
Shop phục vụ rất kém Shop phục vụ rất kém Rất không đáng tiền,NEG
Thời gian giao hàng 1 tuần 😅,NEG
Giao hàng không đúng màu đã chọn,NEG
Hàng dơ quá vậy mà cũng dám bán cho khách,NEG
Gửi về là váy sơ mi bình thường,NEG
Hàng mỏng quá..,NEG
Đen cái là bị vnpost bom hàng không giao nên bị khóa luôn tk shopee,NEG
"Mua mất tiền chứ đâu fai đi xin đâu, thấy đồ đẹp muốn lần sau tiếp tục ủng hộ mà kiểu này giả dối với khách là sợ rồi",NEG
Noi tom lai xau hon trong hinh,NEG
Hàng khá thất vọng. :( Chất lượng sản phẩm tạm được,NEG
"K ưng ý với nhân viên giao hàng,thái độ nói chuyện k đc tốt",NEG
Màu cam không được đẹp,NEG
Shop có đổi cho cái khác đc ko,NEG
"Gửi sai màu, không hài lòng về chất lượng sản phẩm, sản phẩm không giống với mô tả",NEG
Treo đầu dê bán thịt chó!!,NEG
"Hàng kg đúng như hình , Shop phục vụ rất kém, Rất không đáng tiền",NEG
Thất vọng với sản phẩm,NEG
Dù sao shop cũng rất uy tín nên vẫn vote 5* chứ mấy cái thực sự to như bao tải,NEG
"Mua cùng combo quần đc tặng bộ đĩa thần đồng trong nôi nhưng VẪN CHƯA NHẬN ĐC QUÀ TẶNG, SHOP NÓI SẼ NHẬN ĐC SAU 24H ĐĂNG KÝ MAIL NHƯNG ĐẾN NAY GẦN 2 NGÀY RỒI VẪN KHÔNG NHẬN ĐC",NEG
Form ko thoải mái lắm,NEG
Hang khong dep nhu tui mua o cho Ben Thanh,NEG
"Phải nói là áo thật sự xấu, màu vàng nghệ vàng cam gì đó nhìn quê sến chứ ko dc như hình",NEG
"Sản phẩm tạm được, đóng gói không đẹp",NEG
Đường may ẩu,NEG
Áo rách ntn ko hiểu phải mặc ntn luôn,NEG
"áo bị vết bẩn, giặt xong vẫn còn , ko sạch vết",NEG
"Chất liệu giày Vans old school khá cứng và nặng, không thích hợp chạy nhảy lắm",NEG
Pin 8000 mà sạc 7plus được 1 lần sạc,NEG
Thất vọng!!!,NEG
"Nó bị phai màu xanh xanh j ra ấy, bị bẩn nữa",NEG
"Âm thanh dở, dây đàn không đều",NEG
K thấy gửi móc cho,NEG
Nếu k có màu đấy thì nên ib cho khách để hỏi có lấy màu khác không chứ k nên cứ giao theo ý mình,NEG
Hơi bị rác da,NEG
Thực ra mua kèm với giày săn deal tính ra là rẻ,NEG
Mình mua 2 gói 5L tổng cộng là 10L nhưng mà có cảm giác là lượng cát lại ít hơn 1 gói 10L của Me-O,NEG
Xấu và nhìn phom áo chán đời luôn,NEG
Vải ko đẹp lắm tiền nào của ấy . gửi nhầm màu áo,NEG
vãi nĩ dày . nóng,NEG
"Sục ko đúng với hình đăng, chất lượng da đểu, quá tồi",NEG
Có bị lỗi và rách 1 chút ở hai bên nách,NEG
Áo trắng mỏng,NEG
Nhớ mua bất cứ thứ gì trên shoppe thì quay clip lại để có bằng chứng mà phốt ngta,NEG
Thất vọng,NEG
Như dẻ lau nhà,NEG
"Sạc không dây lúc nhận lúc không,để đt 1 chỗ cứ báo kết nối rồi mất kết nối liên tục.pin xạc 8 tiếng mới đầy,xạc ngược lại cho điện thoại được đúng 2 lần hết pin Chất lượng sản phẩm rất kém",NEG
Quần bị rách hix,NEG
Đặt đen giao xanh,NEG
Chất lượng sản phẩm rất kém,NEG
Rep hời hợt,NEG
Nhìn như cũ,NEG
"Chất vải mịn nhưng mặc nóng vì kg có cotton, chất lượng tương đương giá tiền",NEG
Vải của mấy màu kia nó thô hơn,NEG
Hàng không tương xứng với giá,NEG
K như hình chán,NEG
Vải hơi mỏng,NEG
Chán...,NEG
"Túi thơm mùi như mùi chất hóa học, để 1 lúc đau hết cả đầu",NEG
"Chất lượng sản phẩm kém, vải thô, có mùi hắc khó chịu",NEG
Giá thành nên hạ thêm chút,NEG
Quoai áo màu trắng khôn gió trong ảnh lắm,NEG
Sáng quắc,NEG
Áo k giốg hình dây 1 màu áo 1 màu giao hàng áo dơ như để lâu k biêt giặt ra ko nói chug k măc ra đường đc đâu ạ tiền nào của nấy,NEG
Ảnh mẫu mầu tươi hơn,NEG
Giày có hộp nhưng không phải của adidas,NEG
Ko còn mùi,NEG
Tào lao chị nào,NEG
Đặt 5sp nhưng giao có 4sp,NEG
Áo như hình nhưng vãi k đẹp.giặc hoài k hết mùi,NEG
Đóng nhầm hàg rất nhiều lần,NEG
"Vải mỏng,vồi dễ bong chữ,giặt 1l mk thấy nó chảy cmnr 😂😂😂",NEG
Chữ hơi bị mờ phần đầu,NEG
giao sai màu áo,NEG
"Ngoài nhìn váy dài hơn, chất vải hơi mỏng hơn mình nghĩ, nhìn hình vải có vẻ dày và đứng dáng hơn chút, cơ mà lên ng thì vẫn rất tôn dáng",NEG
sao đặt hai cái khác nhau mà giao hai cái giống nhau vậy shop,NEG
"Chất lượng sản phẩm rất kém, vải xấu, cổ áo thì bị lệch",NEG
Ko thể mặc được,NEG
Hàbg nay gửi 1 kiểu mai gửi 1 kiểu.,NEG
"Giao đủ số lượng nhưng fom áo rất rộng, vải quá mỏng, không có đường may dằn chỉ có đường may vắt sổ thôi",NEG
Đồ hết hàng cx chả báo 1 câu,NEG
Cap vay mong,NEG
Bên shopee đơt này bán và phí vận chuyển đắt hơn lazada,NEG
Chất lượng sản phẩm rất kém,NEG
Đóng gói sp đẹp nhưng hơi sơ sài ạ,NEG
(Hồi đầu cứ thấy vote mỗi 5* là bắt đầu *nghi ngờ nghi ngờ*),NEG
Giao sai màu,NEG
Đệm không phải mỏng mà là cực kì mỏng,NEG
Đóng gói sản phẩm xấu,NEG
K được,NEG
"Gửi trả thì shop không chịu phí, phí quá đắt nên không gửi lại nữa",NEG
Bọc nilon vỏ túi mà vẫn lan mùi sang đồ gửi kèm,NEG
E đề nghị shop kiểm tra sản phẩm chắc chắn trước khi bán cho khách,NEG
Nhắn tin cho shop thì không được trả lời‼️💢,NEG
Sản phẩm giống ảnh,NEG
Áo len mềm đẹp nhưng ra màu kinh lắm,NEG
Váy k giống hình,NEG
Chất k đc đẹp,NEG
"2 bộ dày dặn, mặc thu đông rất tôt",NEG
"Mình mua xe đạp của shop, nhưng cùng ngày ông bà cũng mua cho bé mà mình k biết nên có nt hỏi shop để hủy và xin lỗi rất tử tế nhưng đến 4,5 tiếng sau mới trả lời mà còn mắng chửi khách xơi xơi, mình thật sự rất thất vọng về cách làm việc chợ búa như của shop này",NEG
Đóng gói sản phẩm rất kém,NEG
vô trong chat riêng nt thì ko tl,NEG
Cái đồng hồ có trăm mấy mà đổi trả hết 70k hết mẹ n rồi,NEG
Cùng size N mà vòng bụng hơn nhau cả ngang tay,NEG
Giao hàg chậm,NEG
Áo xâu,NEG
Shop phục vụ rất kém.,NEG
kk như mong đợi,NEG
Giao thiếu,NEG
K đc đẹp như trên hình mẫu,NEG
Tay ko dài như mog đợi,NEG
Mua rồi thì lại sale rẻ hơn,NEG
Mình mua ở gần nhà bình k có chữ đó cơ ạ,NEG
LỪA ĐẢO,NEG
Ko ưng lắm,NEG
"shop lừa đảo thật đấy. mk đặt quần sz xl mà lại giao cho mk quần k rõ sz luôn, shop xé cả mác sz ở quần đi. quần bé k mặc dc",NEG
K giao màu đúng như mình đặt,NEG
Li thân sau may to quá,NEG
Hàng sai mẫu làm ăn bố láo,NEG
Size XL 73 kg mặc hơi chật,NEG
"Giày đi ko chắc chân,lỏng lẻo",NEG
Phí tiền,NEG
thoi gian giao hang cham hon moi khi,NEG
Form quần không đẹp,NEG
"Shop giao thiếu hàng, nhắn tin bảo sẽ bù lại tiền nhưng chẳng thấy đâu, thái độ phục vụ ko tốt",NEG
Áo mỏng và hơi ngắn.áo mai bị lỗi,NEG
Áo thì k dãn đc,NEG
"Sao găng tay thực phẩm cổ tay ngắn thế, chỉ đeo đủ bàn tay",NEG
Nản,NEG
Chả ra gì cả .chất lượng kém,NEG
"Vải đẹp, in hơi to và tệ",NEG
Váy ok đẹp nhưng bị phai màu,NEG
Bị rách đũng chỉ thừa nhiều,NEG
"Vải dày mịn, nhưng mua lần 2 k giao đúng size và màu",NEG
Chất lượng sản phẩm rất kém,NEG
Mua về giặt cho hết mùi vải rồi lem tùm luôn,NEG
Áo chất nilon mỏng và ráp da..,NEG
Hàng kém,NEG
Đường máy cạp hơi xấu vs lại bị rộng eo quá ~~~,NEG
Chất lượng sản phẩm rất kém Đóng gói sản phẩm rất kém Rất không đáng tiền Shop phục vụ rất kém,NEG
Hàng size cũng k đều nhau,NEG
Giao hàng hơi lâu,NEG
"Thời gian giao hàng rất nhanh, chất vải hơi thô",NEG
Hic,NEG
Vải nóng,NEG
Nguyên tag mác pass lại 100k bạn nào có nhu cầu ib m nhé,NEG
Không dùng được túi shop ạ,NEG
"Sản phầm quá chán, hàng xấu, ko dc mịn như hình",NEG
"Ship hơi cao, nên để nhà vận chuyển ghtk để khách tiết kiệm chi phí",NEG
Kinh tởm,NEG
Ko phải lụa mà là phi bóng cả may,NEG
K đúng áo trong hình,NEG
K lượng kém Đóng gói sản phẩm kém Không đáng tiền,NEG
"Tuy nhiên chất lượng hàng không đạt yêu cầu, vải xấu, đường may k đẹp, chỉ thừa và lỗi nhiều, màu in bị lem, áo bị ố màu",NEG
Bị rách 1 tẹo,NEG
Ko đánh tiền,NEG
K thấy thơm,NEG
Túi mỏng quá,NEG
Áo hơi ngắn so với hình vải hơi xù nhưng màu đẹp nói chung là tạm đc,NEG
Vải dễ nhăn,NEG
"Chất lượng sản phẩm tạm được, màu xấu quá ko giống trên hình",NEG
Hình to không giống ảnh minh hoạ,NEG
shop làm ăn cẩu thả .áo lỗi cũng đem giao cho khách .tôi yêu cầu trả hàng hoàn tiền vậy mà shop khiếu nai tôi .thật là nực cười .tôi có bằng chứng áo lỗi mới yêu cầu trả hàng .rất rất lâu tôi mới nhận được giải quyết của Shopee nhưng dù sao thì tôi cũng được shopee bảo vệ .Cám ơn Shopee,NEG
Không như quảng cáo,NEG
Chất chưa đẹp lắm,NEG
Quá rộng,NEG
Mong shop chú ý cách gói hàng hơn,NEG
"Size áo ngắn quá k dài như ảnh, còn chưa tới đầu gối nữa",NEG
"Chất vải đường may ok nhưng shop chưa tận tâm, mình nhờ shop ktra kĩ trc khi gửi n vẫn để lỗi vải bị luyn k giặt đc",NEG
Vải k ưng ý lắm,NEG
Quả áo hơi nhăn,NEG
Bực,NEG
Và MÙI CỰC KÌ NỒNG ko thơm tí nào cả,NEG
Vỏ nhựa nhìn k phải nhựa đẹp,NEG
Va bi ho chi 3cm,NEG
Mỗi tội hình thỏ có vết bẩn không biết giặt có sạch ko,NEG
giao hàng không đúng size kêu đổi thì khách hàng phải tự ra bưu điện gửi trả,NEG
Mỗi tội giao hàng hơi lâu,NEG
"Đường may nhăn nhíu, khuy áo đơm rất ẩu, chỉ thừa tùm lum",NEG
"Chất xấu,mỏng",NEG
Chất lượng sản phẩm không được tốt bằng sản phẩm mình mua trực tiếp ở các cửa hàng,NEG
Còn có cả vạch bút dạ nên không làm sạch đi được,NEG
Sạc dự phòng hộp đã cũ và bị bóc tem từ lâu !!,NEG
Giao hàng lỗi,NEG
KHÔNG GIỐNG HÌNH,NEG
Phí ship hơi cao,NEG
Áo có vết bẩn ko giặt đc,NEG
"Chất lượng sản phẩm không tốt, sản phẩm không giống hình và thiếu một dây giày",NEG
Nhìn size số kg đặt mà rộng mênh mông shop ơi,NEG
Màu sắc k như hình,NEG
Áo bị dính vết bẩn,NEG
Giao nhầm màu dù đã nhắn rõ và đã trả lời,NEG
Giao ko đúng hàng,NEG
Một lần mang bệnh tức khi k bt cách trả hàng bán giá trên trời giao toàn hàng đểu thua đồ tui mua ngoài chợ ba cái một trăm ngàn shop lừa đảo treo đầu dê bán thịt chó mọi ng chú ý shop này nên tránh xa,NEG
Chất lượng sản phẩm rất kém,NEG
Chất lượng sản phẩm kém,NEG
Sản phẩm rách,NEG
"Chất vải cũng tạm được,màu hơi trắng quá",NEG
"Áo giặt nước đầu bị ra màu , không sử dụng được",NEG
Thật thất vọng khi bị shop lừa gửi hàng chất ko như trong hình.mua một lần chứ ko có lần thứ 2😡😡😡😡,NEG
Ống tay áo hơi rộng,NEG
Ko đc đẹp lắm,NEG
"Đặt kiểu số 3, khi giao bên ngoài túi shop ghi tay rõ có màu đen, nhưng mở ra lại là màu cam",NEG
"Sạc đầy ko ngắt, rất nóng",NEG
Áo dài tới tận gối không giống hình như váy luôn ý ship 1 trả tiền 2,NEG
Áo mặc chật lưng nhưng cúp ngực bè ngang ko ôm sát,NEG
Hàng kém chất luọng,NEG
Vải rất xấu,NEG
Nhận được rồi chất lượng cũng tạm được,NEG
Chất lượng quá kémmmm....k ổn 1 cái nào,NEG
"Phản hồi lại shop cũng k nói đc một câu cẩn thận: ""vậy hả b"". ???",NEG
Va lại gửi sai mẩu na,NEG
Không giống hình.vãi rất thô,NEG
"Chất lượng kém vải cứng k mềm, đường may ẩu, dáng bị hẫng",NEG
Dây tay áo hơi dài bạn ơi,NEG
Màu xấu,NEG
Giao nhầm hàng,NEG
Mình mặc vào nhìn như cái váy chống nắng ý,NEG
Đặt size m lại giao size s là sao,NEG
Hàng giao không đúng,NEG
"Áo hơi to, mình bình thường mặc size 34 không mặc vừa",NEG
Keu gui 2 quan don mong mau den size L dem gui mau da size M k ai mac vua het lam an ky cuc qua,NEG
Giao sai mau còn bị thủng 1 lỗ,NEG
Có đổi để lấy áo khác đckh ạ,NEG
Phím bấm long ra . nói chung ko nhue quảng cáo,NEG
Không hài lòng shop .3 cái áo len tăm 2 size khác nhau giao 2 cái..tiền vẫn trả đủ 3 .chả bít shop làm ăn kiểu gì,NEG
Toi k ưng áo màu đỏ bn gửi cho t.đât hai ảo giống nhau mà sao gửi khảc vay.dầy cột nơ áo màu đỏ thì nó ngản.còn cã hai ao may k thẵng một bênvdài một bên ngắn may ảo mà k có eo gi het.áo thì quá là mỏng manh,NEG
"Sản phẩm ko đúng với hình ảnh quảng cáo , quá dắt với sô tiền bỏ ra 😒",NEG
Cổ ko giống hình,NEG
Vải cứng và mỏq kh đáng đồng tiền,NEG
Đóng gói sản phẩm rất kém Đóng gói sản phẩm rất kém,NEG
Nhắn tin k phản hồi khách hành,NEG
Cạp chun vừa rộng vừa dão ko mặc đc cái nào hết,NEG
Rất không thích đơn vị giao hàng vì những con sâu làm rầu nồi canh.,NEG
Nhưng quá rộng. 😂😂😂,NEG
"Nếu k mua về rồi mặc k vừa, họ nói tại mình k hỏi họ tự vấn chiều cao nữa nên lỗi do mình, k được đổi",NEG
Áo rất mỏng,NEG
hơi mỏng,NEG
Chất lượng sản phẩm kém Không đáng tiền Thời gian giao hàng chậm,NEG
Hàng dùng rồi chán quá,NEG
Vãi mỏng màu áo cũ sì đặc biệt cũ cái áo hôi mùi keo vl😑😑,NEG
Chất liệu vải không ưng lắm Shop phục vụ khá tốt,NEG
Chất lượng sản phẩm rất kém,NEG
Mìk đặt size S nhưng rất chật và bị ôm quá sát dưới phần đùi,NEG
Tắm gội ko thích lắm,NEG
Shop lam an nhung ko trong chu tin,NEG
Dây chéo ko bằng nhau,NEG
Chất lượng sản phẩm rất kém không mặc nổi,NEG
Hơi xấu,NEG
Đóng gói sản phẩm ngư nùi giẻ rách,NEG
Quần mỏng ống loe xấu k Mua lại,NEG
Xau,NEG
Thời gian giao hàng lâu,NEG
Chất lượng sản phẩm không tốt như mong đợi,NEG
Chất vẫn bị nhăn,NEG
1 bộ vừa. 2 bộ nhỏ quá ko mặc được,NEG
Chat luong toi dat hang nay dua hang kia bi hoai het shop nay toi shop khac ai dam len mua hang mua,NEG
Giao hàng k như hình,NEG
Hang ko giong nhu hinh anh . xau ko tuong,NEG
Áo wa mong ma ngắn nữa tgian giao hàng nhang,NEG
Nơ cũng ko giống hình,NEG
Vải mỏng Rất không đáng tiền,NEG
"Tem thì ghi son ""nịnh môi"", dán trực tiếp lên nắp bóc ra để ra xài nhìn thật nham nhở, màu thì tạm ổ",NEG
Shop không có màu sản phẩm như mình đặt nhưng ko báo cho mình biết trước khi giao hàng,NEG
Giao hàng chậm,NEG
K giống hình,NEG
Đóng gói sản phẩm rất đẹp và chắc chắn Đóng gói sản phẩm rất kém Chất lượng sản phẩm rất kém Chất lượng sản phẩm rất kém Shop phục vụ rất kém,NEG
Sop làm ăn k uy tín,NEG
Chất nóng lắm shop ơi,NEG
Tay áo ngắn hơn hình,NEG
Size giày hơi chật,NEG
"Cái nữa là mình nhắn 2 lần hỏi về sản phẩm shop đều ko trả lời, ko tư vấn cho khách hàng gì hết",NEG
Hàng fake thôi chứ vẫn ko phải spf,NEG
Giao hàng qá lâu gần 2 tuần,NEG
Phần nách và ngực quá rộng luôn... phần dưới bị tưa chỉ,NEG
Mặc hơi nóng,NEG
Định trả lại nhưng ngại phiền nên thui,NEG
trái tim ở cổ áo giống hình được dán vào chứ ko phải là thêu:((,NEG
"Chất vải rất mỏng, màu cũng xấu không không đẹp không đẹp như hình",NEG
Bị chật mông rồi ko có chỗ nới.hu.hu.uổng quá,NEG
"Các mẹ mà có con nhỏ, da nhạy cảm thì nên cân nhắc mua bỉm này nhé",NEG
"(minh da chu dong lien he, mua day la lan 2)",NEG
giao hàng khg đúng mẫu. chất liệu vải xấu,NEG
Đóng gói không đẹp hộp bị rách may không thủng bóng,NEG
Thất vọng vô cùng,NEG
Chất lượng sản phẩm tuyệt vời chỉ thừa nhiều,NEG
Chất nóng,NEG
Sp hơi bé Chất lượng sản phẩm tạm được,NEG
San Pham xau may bi Loi ko mac dk,NEG
Chỉ có điều khâu đặt hàng làm trải nghiệm của mình k vui lắm dù mình hiểu là shop cũng đã cố gắng r,NEG
"Hàng không giống trong ảnh, chất lượng rất kém, shop làm việc rất dởm",NEG
Hơi ngắn,NEG
Chất lượng sản phẩm rất kém.. hàng kg như mau hàng nhay,NEG
Quần và áo gói trong túi zip riêng khá chất lượng,NEG
Cảm thấy ko vui khi hnay xem hang,NEG
"Bực mình, đặt hàng đợi hoài cá chết hết mà chẳng thấy còn giao nhầm cho ai, vậy mà cũng có người nhận hay thật.Nên coi lại cách phục",NEG
"Chiều rộng giữa 2 chân hơi ngắn, khi ngồi sau trên xe máy thấy hơi khó chịu",NEG
Màu ko đẹp như hình chup,NEG
Đóng gói sản phẩm cũng ko Ok,NEG
Mình có inb nhưng k thấy bạn rep,NEG
"Chat vai xau, mac nong",NEG
Sp K có size,NEG
Tuy k đúng hàng nhưng cũng phải đủ chứ,NEG
Quần vải thung dãn rất nhiều,NEG
"Chất tạm được nhưng lưới k giống như hình , về mặc hở cả ngực",NEG
Z mà gửi 1 cái k đúng sọc mình chọn,NEG
"Vải khá mỏng và rất cũ, giao hàng khá nhanh",NEG
Sản phẩm quá chán so với mua ở ngoài,NEG
"Sp được nhưng màu ko giống hình, đậm và xấu",NEG
"Vải mỏng, cổ vest k đứng dáng. 200k haizzz",NEG
Nó ko đáng nhưng nhiều ng thì rất đáng...... mình lv vs Giao Hàng Nhanh,NEG
Đường may áo tệ quá 😢,NEG
"Chất lượng sản phẩm kém, chất liệu ko giống mô tả",NEG
Quần k đẹp như trong clip,NEG
Mình đặt quần xám mà shop giao quần đen,NEG
Nhưng 2 hộp tím với hồng sao hơi bé 😢,NEG
120k 3sp cả ship quá rẻ cho một cuộc tình,NEG
Shop giao nhầm màu,NEG
Mua 2 áo giống nhau nhưng 1 cái tay dài 1 cái tay ngắn,NEG
Vải rất mỏng,NEG
"Áo mỏng quá trời,áo có dán size thì lúc đầu ghi là có size đi,đưa áo nhỏ như gì 😪😪",NEG
Shop giao nhầm miếng thép đa năng,NEG
"Chất cứng, nóng",NEG
Bán hàng nhái,NEG
Vỏ to nhưng kẹo ít .-,NEG
Không đáng tiền Chất lượng sản phẩm kém Đóng gói sản phẩm kém,NEG
Nhưng áo khiến mình hơi thất vọng,NEG
"Chất mịn, mát, mỗi tội chất này dễ bị nhăn, nói chung là phù hợp giá tiền",NEG
Chất lượng sản phẩm kém. chất liệu xấu k đáng tiền,NEG
Quá nhỏ,NEG
Vải chán,NEG
Mình mua vào tầm này chắc phải chờ đến tháng 10 mới mặc được mất :(,NEG
Có mùi dầu hỏa,NEG
giao 2 sp.trat lat het 2 sp.minh la de chiu nhat hi ua hang.hoi that vong,NEG
Giao thiếu 1 sản phẩm ..,NEG
Mua 1 kiểu giao hàng một kiểu.người bán không đáng tin,NEG
Đồ dỏm nha mọi người,NEG
Áo đẹp nên mua áo Sri lớn bầu áo hơi nhỏ,NEG
Đăng áo trắng gửi cho áo đen,NEG
Hok giống như hình một chút nào:),NEG
Shop phục vụ rất kém Shop phục vụ rất kém Chất lượng sản phẩm rất kém Chất lượng sản phẩm rất kém,NEG
Hoi mong manh so voi trong hinh anh,NEG
"Thời buổi này làm ăn ko dễ ,gặp KH khó chiều thì càng khó khăn,mà nếu KH luôn bỏ qua thì thành ra dung túng cho sự ko thành thật ngày 1 tăng cao “buôn bán phải thành thật thì mới lâu dài được bạn nhé” “Nói góp ý để cải thiện chứ ko phải tranh cãi để nghe lời giải thích” Chất lượng sản phẩm rất kém",NEG
Chất áo và form ko giống trong hình,NEG
Dinh k noi,NEG
Buồn cái là freesize nên mình mặt hơi ngắn chút :3,NEG
"Đóng gói sản phẩm quá xấu, hộp móp tùm lum",NEG
Cho 4 sao vì giao nhâm size cho mình...đặt size L lại giao thành size M 🤔,NEG
Hàng bị lỗi áo hơi lem màu,NEG
Chừng 3 lần giặc máy chắc k mặc đc nữa,NEG
Tôi thấy trên mặt dây đồng hồ có nhiều vết sước nhỏ,NEG
Hàng rẻ tiền,NEG
"Vải móng và nóng, không giống miêu trả",NEG
gửi sai mẫu,NEG
"vải thô, không mềm, bị bạc",NEG
"áo ngắn và xấu, không đẹp như trong hình, muốn trả hàng nhưng shop k chấp nhận",NEG
Chất len ko đẹp,NEG
"Đồ đẹp nhưng form k lớn lắm, mình 56kg mà mặc k đc thoải mái lắm",NEG
Mua cho đax đời và mặc rộng thùng thình phần ngực + với cái dây dài hơn so với phàn ngực :)))),NEG
Quá mỏng,NEG
Chat shop không trả lời,NEG
sản phẩm sạc lâu nóng mà chưa hư,NEG
Nhân viên giao hàng kì kèo xin thêm tiền,NEG
Vải thô ơi là thô,NEG
Sp bị may lỗi,NEG
"Shop ko có hàng, ko báo trc mà giao tiền lại luôn",NEG
Vai mong.duong chi may giong hang cho,NEG
Đặt mua 3 cái thì lỗi mất 1cái,NEG
Chất lượng dc nhưng vãi không giống hình khá mỏng,NEG
Ko đúng với size áo thông thường đâu. ..,NEG
Không bằng các mẫu khác của shop dù bằng giá,NEG
Thất vọng mất hết lòng tin,NEG
Mới rán lần đầu tiên đã đen chảo,NEG
Chat len ko dc dep,NEG
Chữ in vẫn bị bong,NEG
Không giống hình đăng,NEG
"Chất vải mỏng lét, thun co giãn",NEG
Vì k giao đúng sz cho khách,NEG
Trên hình thấy form rộng lắm mà sao áo nhân được nó nhỏ xíu cỡ size M 😐,NEG
Mỏng mặc xấu,NEG
Chất kém Rất không đáng tiền,NEG
Rất tệ,NEG
San pham ko ung y,NEG
Nan quá,NEG
Đặt hàng 1 màu giao hàng lại là màu khác nhắn tin gửi mẫu gửi màu thì k trả lời xong cứ thế giao hàng theo ý Shop mình liên hệ thắc mắc cũng k trả lời,NEG
Bữa nay giặt sản phẩm ra màu lem tùm lum,NEG
Mua thi de nhung doi thi kho khan lam.goi hoai va nhan tin shop 0 tra loi.mua ve mac 0 duoc nen moi doi chu ai muon doi,NEG
Tệ cả chất lượng sp và dịch vụ,NEG
Shop phục vụ rất kém Giao sai màu cho khách nt ns vs shop thì shop k đk câu xl trả lời mỗi câu ok,NEG
Mình cao 1m57 nặng 53 kí mà mặc vừa chật vừa ngắn,NEG
Gấu ko giống hình,NEG
"xấu,không đều, lỗi ở cánh tay, vải cát bình thường, người 46 kg mặc rộng, giao hàng chậm",NEG
màu đỏ chói quá :(,NEG
Hơi tiếc 1 chút là áo mình bị lủng 1 lỗ nhỏ đằng trước,NEG
Ao khong giông voi anh,NEG
Giày bị lem màu xanh hồng bẩn hết đế,NEG
Mặc nhăn và nhàu quá,NEG
Hàng free size nên ai khung ng to mặc ko đẹp lắm,NEG
Và con nào ăn thì con đấy chết,NEG
Nhưng nhiều chỉ thừa,NEG
Thất vọng...,NEG
"Chất lượng sản phẩm rất kém, áo quá mỏng, k đáng tiền,mình đã ib cho shop yêu cầu huỷ đơn hàng,shop đồng ý nhưng vẫn gửi đơn hàng đi, người nhà mìh nhận áo, về bóc gói đồ ra shock k dám thử luôn",NEG
Sản phẩm hơi lỗi một chút,NEG
Phần lông mũ & lớp lông lót trong áo dễ bị bung ra,NEG
Rong doi Lai size L,NEG
Hàg lỗi quá nhìu,NEG
Không hiểu shop cho check hàng trc khi gửi k,NEG
Mình mua 200 cái mà thấy thất vọng quá,NEG
Với giá tiền cả hai áo em thấy đắt,NEG
"Giao hàng thì từ t7 tuần trước đến t6 tuần này mới nhận, quy định đổi trả 3 ngày mà còn mỗi sáng t7 chờ shop gửi địa chỉ cụ thể để ra bưu điện gửi trả mà shop phản hồi cực chậm lại ko đưa địa chỉ cụ thể",NEG
Nhưng đường chỉ xấu,NEG
"Sp mỏng,thấm hút k tốt",NEG
Váy hơi rộng xíu nhưng cũng được,NEG
"Vải hơi mỏng , không giống trong hình",NEG
Hàng hok như hình cho lắm,NEG
Dây cột nơ không được dài như trong hình,NEG
Quá dở,NEG
áo ko giống hình,NEG
Chất vải xấu,NEG
Chất lượng sản phẩm rất kém.ko như hình,NEG
"vải xấu,tấm lưới bên trong lòi ra ngoài mặc k đc nên phảu cắt",NEG
"Chất áo mỏng, mặc lộ áo trong",NEG
Chất lượng sản phẩm rất kém,NEG
Shop phục vụ rất kém Thời gian giao hàng rất chậm Rất không đáng tiền,NEG
Keo lộ trên mũi giày,NEG
Đặt 2 quần dài mà đóng gói cho 1 quần ngố,NEG
Giao hàng chậm,NEG
"Chẳng sử dụng được, muốn trả hàng",NEG
Có lưu ý là đặt áo đen rồi mà nhận áo trắng,NEG
Hộp bị méo mó,NEG
Mau trang rong hon mau den qua nhiều,NEG
Mẫu này k có,NEG
Có khuyến mại mà không thấy kèm theo,NEG
Sp ko đẹp như hình Đóng gói sản phẩm chắc chắn Thời gian giao hàng nhanh,NEG
San phạm bi lỏi,NEG
"dây dài thòng mà k có chỗ rút dây như áo khác, mặc vô ngực ở trên áo thòng tít xuống rốn, vãi c",NEG
K giốg ảnh,NEG
Khoảng 10 phút thì cục chuyển đổi hơi nóng,NEG
Ban dua quan kem chu dau phai quan trang,NEG
Bao đợt này quá tệ,NEG
Ib nhưng ko tl,NEG
Rất không đáng tiền,NEG
Giá thì đúng còn sản phẩm thì k,NEG
"chất nỉ bông pha ni lông nhiều, sz to nhất cho người 70kg nhưng ko vừa, quá bé",NEG
"Kiểu váy lỏng lẻo, cột vai, mặc khá nguy hiểm",NEG
"Vải nóng, mỏng xuyên thấu, đường may xấu, chữ",NEG
Chất liệu thô,NEG
"Ren hơi thô ráp, cứng",NEG
Mặc k thoải mái,NEG
Áo vải dày.Quá tuyệt so với giá,NEG
Tốt nhưng đầu chải khó vệ sinh quá,NEG
"Chất thì ok rồi, mỗi tội mua đúng size vẫn bị rộng...",NEG
Xấu nhỏ kh vừa ok Chất lượng sản phẩm rất kém Shop phục vụ rất kém Rất không đáng tiền,NEG
Tui bi loi o khoa lan dau mua bi vay nen khong bao gio mua nua,NEG
"Đóng gói rất chắc chắn, sản phẩm ok, chỉ là túi treo em đặt gỗ đàn hương mà giao mùi chanh cho em thôi",NEG
Chất vải nóng,NEG
Hơi tiếc là e không nhận được vớ :b,NEG
"Son bột, khô môi",NEG
Quần chật,NEG
"hàng đẹp,mỗi chất liệu vải kém...nói chung..bé thích là ok rồi",NEG
Hàng thật không giống với hình ảnh đưa lên,NEG
K giao đúng mùi mình chọn,NEG
Nếu mặc quần jean mà ra màu là nó dính hết lên túi,NEG
Chất lượng hợp với giá tiền có cái bị rách Shop phục vụ rất kém Giao sai màu cho khách nt ns vs shop thì shop k đk câu xl trả lời mỗi câu ok,NEG
"Chất lượng áo tuyệt vời, chất đẹp",NEG
Hic,NEG
Size S mà hơi rộng so với người em,NEG
Ao xấu,NEG
Mà tính tiền 4,NEG
Giao thiếu hàng,NEG
Rách ngay phần cánh tay,NEG
"Đóng gói sản phẩm kém, mở bao ra dính rách hết 2 miếng tả",NEG
Chỉ bung hết ra,NEG
Chỉ có một lớp vải kaki mỏng với 1 lớp vải dù bên trong,NEG
Phí tiền mua,NEG
Bộ ngủ không giống trong hình,NEG
Bên shop khi giao hàng cho khách thì nên kiểm tra dùm chứ ko bn tiền mà phải làm tùm lum để trả hàng thì quá phức tạp,NEG
bộ đồ chẳng mặc được.khiếp mua trên mạng,NEG
K phải chê,NEG
Đây là tất cao cổ à,NEG
Không đáng tiền,NEG
"Túi bị méo mó nhìn mà buồn mặc dù túi đẹp, y như hình",NEG
sp tam duoc .Thời gian giao hàng rất nhanh,NEG
K được đẹp như hình.tiền nào của ấy,NEG
Mặc dù đã ib và tha thiết yêu cầu shop che tên sản phẩm giùm nhưg khi GHN là ng quen giao hàng tới hiện cái tên sp lù lù ngượng chín cả mặt 😡😡😡,NEG
Đây đeo được 2 lần đứt mắt xích,NEG
"Áo may o đẹp vải o đẹp o phải màu tráng tình mà là mầu trắng ngà o vừa ý .lại o cho coi trước khi lấy hàng ,rất thất vọng",NEG
Thời gian giao hàng rất chậm,NEG
Nên mặc lên không cứng form,NEG
"Có mỗi tiền shipping là hơi mắc, cỡ 30% giá bàn rồi :(",NEG
Shop phục vụ rất kém,NEG
Chất lượng sản phẩm rất kém vãi ra màu lẫn vào màu trắng giặc 1 lần là như đồ để lâu ngày k giặc vậy thấy gớm,NEG
"Giao sai màu, sai size",NEG
Áo rách ngay vai trước 1 vết lù lù này mà shop vẫn gửi hàng đc,NEG
"Không giống trong hình,nhưng nhìn cũng được",NEG
Shop bảo vải len nhưng nhận lại k phải,NEG
Bó cánh,NEG
Lần sau tôi có mua sản phẩm bên shop thì đừng gửi bên dv giao hàng nhanh,NEG
Gói hàng hết hạn,NEG
Ko thể mặc được,NEG
Và dài mình 53 kg nhưng vẫn rộng,NEG
Phí tiền,NEG
"Shop giao thiếu ví này :""(((( và mấy món khác cũng sai màu hơi nhiều",NEG
Chất vải mặc nóng,NEG
Dat mau hong ma shop dua m mau den,NEG
Thêm thái độ của người bán hàng chua ngoa đanh đá,NEG
Dặn shop gửi 3 màu khác nhau thì lại giao 3 cái cùng màu đen.chán quá,NEG
Giày rất to và thô,NEG
"Shop phục vụ rất tệ, giao hàng thiếu nhắn tin thì không trả lời, hộp thun 23k không đáng bao nhiêu nhưng cũng là tiền, ít ra cũng phải trả lời để cho ngta biết như thế nào, đằng này thì im re, còn muỗng thì bị bể 1 mảng làm sao e bé ăn dc đây trời",NEG
Chất bí,NEG
Thất vọng,NEG
đề nghị kiểm tra hàng trc khi giao. h làm sao đây shop,NEG
Không đáng tiền Chất lượng sản phẩm kém,NEG
Son bị rít,NEG
Màu ko giống như hình,NEG
"Cái bọc đựng đồ không lành lặn, người giao hàng nói chuyện khó nghe k thiện cảm",NEG
Vải bình thường hơi mỏng,NEG
"Khuy Áo may ẩu, chỉ dư rất nhiều!",NEG
Nếu không thì vứt hết,NEG
Trong khi đó cùng 1 đơn đặt combo 75-80kg,NEG
"Cùn, bấm mãi không thủng",NEG
"Chất lượng sản phẩm kém,bán nói co quần bầu mà khi giao hk co",NEG
Váy ngắn chất k đẹp lắm mũ bé,NEG
Chất hơi mỏng 1 tí,NEG
Mút quá mỏng,NEG
Giao hàng chưa đúng trủng loại,NEG
Chất lượng sản phẩm rất kém: dây nhuộm mầu nên khi cầm sẽ phai ra tay xanh đỏ tím vàng,NEG
Áo thì được nhưng shop làm ăn cẩu thả k đọc tin nhắn khách bảo đặt 2 áo khác màu đem ssi giao cùng màu thì cũng quỳ,NEG
"Áo bị dơ nhiều chỗ, lem màu, áo mỏng",NEG
Mà chuyển sang hồng nhiu hơn đỏ,NEG
"Mình đặt màu xanh, shop lại giao màu trắng",NEG
Hàng loại 2 ạ,NEG
Chất lượng sản phẩm kém Đóng gói sản phẩm kém Shop phục vụ kém Không đáng tiền,NEG
Áo quá rộng,NEG
Bọn mày mù màu à,NEG
K như mình mong muốn,NEG
"Giao hàng k đúng , tôi cảm thấy rất bực mình ( mua 2 bộ dài tay thì ship 1 bộ dài 1 bộ cộc)",NEG
K thích mùi chanh,NEG
Chất lượng sản phẩm quá tệ,NEG
Sản phẩm đẹp nhưng kích thước không giống hình,NEG
Nách áo hơi rộng,NEG
Màu son k đc đẹp như mong muốn,NEG
Quần bầu mà kích thước nhỏ mặc chật cứng hơi khó chịu mình ko mặc nổi,NEG
Giao thiếu hàng Chất lượng sản phẩm tốt,NEG
"Chờ phải đến gần 10p mới nhận đc mã, chưa kể đặt xong ko thấy đơn hàng đâu làm mình tưởng lỗi nên đặt lại thành 2 lần liền",NEG
Váy hk đẹp,NEG
Hạt óc chó và hạt dẻ Nâu k có đồ khui,NEG
K đáng tiền,NEG
Ao from rộng chất shop nhiệt tình Đóng gói sản phẩm rất đẹp và chắc chắn Rất đáng tiền Thời gian giao hàng rất nhanh,NEG
"Phần chân váy k giống như hình, rất mỏng manh v ngắn",NEG
K ra gì 🤗,NEG
Có 1 sp bị dơ,NEG
"Chất liệu k giống hình, quá mỏng và bung hết đường chỉ , không mặc được",NEG
Mình ko trả hàng vì xa lại tốn ship,NEG
Xấu .giày mắc tiền mà nhận hàng thất vọng giày bị lỗi tùm lum ..nt cho shop mà cả thang moi tra loi thi sao ll dc,NEG
K giống như như cây mình mua ở ngoài,NEG
"Chất sáp không đặc, mùi khác hẳn hộp trước, sử dụng lên tóc cũng không giữ nếp tốt như hộp cũ",NEG
Áo hơi nhỏ với mk,NEG
tay áo quá ngắn k như mog đợi,NEG
"Mua 3c màu đen, vàng, nâu đất thì giao nhầm 1 màu đen thành đỏ",NEG
"Mình nghĩ ảnh trải sàn mới là ảnh thật áo, vì áo trắng cúc màu đen .còn mẫu mặc cúc màu trắng là k phải",NEG
Đường may thì ko dc đẹp .ko giống hình,NEG
vải nóng,NEG
Mình có 47kg mà k mặc đc,NEG
Nhưng mình mặc hơi chật ở bụng,NEG
Chất lượng sản phẩm rất kém,NEG
K phải quân bộ đội của quân nhu,NEG
Chỉ dư nhiều,NEG
Dài kinh khủng @@,NEG
Vậy mà giờ m xem thông tin vận chuyển lại báo m delay đến 2 lần,NEG
Áo qá ngắn so vs hình ảnh,NEG
Chất lượng sản phẩm kém,NEG
Dáng áo to,NEG
Sách hơi mờ không giống sách ngoài hiệu sách mà bạn mình mua,NEG
Bạn nào có ý định mua thì nên liên lạc shop hỏi kỹ về màu để tránh trg hợp k hài lòng về màu như mình,NEG
hình thấy ghi 80to mà nhận gói kích thước nhỏ và ghi chỉ có 20 tờ,NEG
Giao hàng không đúng mẫu đã đặt,NEG
"Đóng gói khá kỹ nhưng khi bóc ra thì hộp đã bị mở bung như thế này rồi, còn không thèm đóng trả lại nguyên trạng trước khi đưa hàng luôn",NEG
Người bán vô trách nhiệm giao không đúng mẫu không giải quyết Chất lượng sản phẩm rất kém,NEG
Shop rất thái độ với khách hàng,NEG
Chất lượng sản phẩm kém,NEG
Mình rất thất vọn với sản phẩm này,NEG
Xanh to hơn hồng,NEG
Không như mong đợi,NEG
áo không đúng hình,NEG
Hình và hàng k giống nhau,NEG
Nhưng shop tư vấn mình mặc xl bị rộng quá,NEG
Mặc k tôn dáng lắm tại kỳ vọng nhiều nên hơi thất vọng,NEG
Định đổi bộ xám mà thoi mất time quá,NEG
Mỗi tội là from hoi xấu,NEG
Nhắn tin đã đọc nhưng k thèm trả lời,NEG
"Mình đóng cho con 1 chiếc, con khó chịu hay sao ấy, cứ giằng bỉm ra thôi",NEG
"War machine đen nhân vật sp hơi thô, màu sắc ko đẹp như captain và iron man 43 đỏ, khớp hơi cứng, khó tạo hình",NEG
Hixx,NEG
Vải mỏng,NEG
Sản phẩm ko mềm mịn như đầu dù đã mua gần 100 chiếc của shop,NEG
"Bít là lấy màu ngẫu nhưng phải khác nhau chứ,mua 8cái hết 3-4 lcái giống nhau",NEG
"Yêu cầu hoàn trả ,shop khăng khăng là đã giao đúng như hình.Haiz....Tiếc cho 1 chủ shop bán hàng mà không phân biệt được màu",NEG
Đóng gói sản phẩm rất kém Đóng gói sản phẩm rất kém,NEG
Shop giao còn thiếu 2 bộ lót giày cho mình nhé,NEG
Chất bộ nỉ bông mỏng,NEG
"Chất lượng sản phẩm kém, áo giao về mở ra bung chỉ tùm lum, bung luôn cả cái túi áo ra :))",NEG
"Nhưng bao silicon đựg pin mình nói shop lấy màu xanh shop đã ok mà lại giao cái màu đen hàng cũ, còn bị trầy xước nhiều, dơ có cát bụi trog bao đựg",NEG
Giao hang rất chậm,NEG
---->>>> tóm lại là ko có lần sau,NEG
From rộng màu như hình giao hàng nhanh nhưng những chỗ sau áo bị bay tróc nhiều,NEG
Còn về size thì trên sp KHÔNG HỀ CÓ SIZE vậy bắt chọn size làm gì??,NEG
Mùi không được thơm,NEG
"Giao sai màu, chất áo với giá như vậy là được",NEG
Ko giống tý nào,NEG
Shop ko giới thiệu thực về chất lượng quần,NEG
San fam ko dat chat luong,NEG
"Bị chật, đang trong thời gian chờ đổi",NEG
Đặt L mà giao XL,NEG
"Chỉ 1 cái vải mỏng, 2 cái hồng tím vải không mỏng như shop tư vấn",NEG
muốn đổi trả giao sai mẫu chán shop quá,NEG
Xấu cả chất vải lẫn form quần,NEG
",MÀU ÁO BÊN NGOÀI TƯƠI HƠN TRONG HÌNH",NEG
Rất không đáng tiền Chất lượng sản phẩm rất kém Còn nguyên 1 khúc vải thừa cánh tay,NEG
Vải cũng k đẹp,NEG
Hàng quá xấu,NEG
Sạc ko tự ngắt nguồn..pin sau khi sạc đầy rất nóng,NEG
Chỉ online để duyệt đơn hàng thôi thì phải,NEG
Tệ quá tệ,NEG
Sản phẩm là NAN 1 400g mà sao khi ktra mã vạch lại ra loại 800g ạ,NEG
Mất uy tín,NEG
Quần may quá ẩu moi quần không vắt sổ te tua mất cảm tình,NEG
Chưa đi đã rách đường chỉ may,NEG
Mình phải gia cố lại rồi dùng làm bàn ăn,NEG
Nmd chất xấu ạ,NEG
"Mình lại thắc mắc nên nt hỏi,",NEG
"Hang bi loi,quan bi rach",NEG
Lỗi xước ống kính,NEG
Chưa nhận được hàng mà vẫn nghi là nhận được lừa đảo,NEG
Voan có vẻ hợp vì lụa mịn đây chất cứ nhám nhám kiểu gì ấy Đóng gói sản phẩm kém,NEG
"Chất k phải đũi, form hơi chật vai, cổ tròn chứ k phải cổ tim như hình",NEG
"Áo xô cứng xấu, ko phải voan",NEG
Đường chỉ may xấu,NEG
Hơi mỏng,NEG
Rất mỏng,NEG
"Chất lượng sản phẩm rất kém, vãi xấu nhão, của rẻ là của ôi",NEG
Vì sai sót của shop,NEG
App dùng chưa ổn lắm,NEG
"Không giống ảnh lắm, chất xấu",NEG
Áo có vài vệt dơ nhỏ,NEG
"Chất lượng sản phẩm kém, vải nhiều nilon mặc nóng, kiểu dáng đẹp",NEG
Áo có mùi hôi hôi,NEG
Sp ko dep,NEG
Như lồn,NEG
Mình 40kg k mang được,NEG
Giao hàng sai phân loại,NEG
Áo thì đẹp nhưng mặc lên nhìn như khoác cái giẻ lau vì đặt size S mà shop bán cho size M,NEG
Mà nút này là nút bọc lấy đâu mà gắn vào đây,NEG
Rách thấy mút ở trong,NEG
Chat lượng san pham qua chan,NEG
quá tệ,NEG
Chât luong kem vai xau may thi thô,NEG
tạm thôi... hoàn thiện ko tốt lắm... còn phần thừa k gọt hết,NEG
Mỏng k như hình,NEG
Mà váy thì lại dài lê thê,NEG
Chả ra gif,NEG
"Thời gian giao hàng nhanh, balo nhìn đẹp nhưng đường may không chắc chắn, bị bung chỉ khá lớn",NEG
"Mọi ng tránh xa shop này đi nhé😏nếu cho sao thì một sao thì mình cững ko muốn cho shop.làm ăn quá tệ hại,lâij đi bán áo rách cho mình.vỉa thì nếu gắng gượng thì có thể chấp nhận đc😥😣🤤😡cảnh báo nhé mọi ng",NEG
Máy trầy nhìu,NEG
Mọi người mua hàng của shop nên kiểm tra cẩn thận trc khi thanh toán nhé.m k để ý cũng bận con nhỏ vs tin tưởng shop vì mua 1 lần rùi.ko nghĩ shop bán quần áo mới mà bị rách nhiều như thế.rách một cái k sao bảo lỗi đây rách cả mấy cái luôn.chán,NEG
Bi mop meo het 5 hop.chua xu dung nen chua biet,NEG
"Bình sữa xinh nhưng khá to và nặng so với size 160ml, giao hàng chậm",NEG
Giao hàng siêu nhanh luôn ý :))),NEG
Đường chỉ may không tốt,NEG
Mình k có thời gian nên thôi dùng tạm,NEG
"Chất lượng sản phẩm kém, váy mỏng, chất nóng như nilong",NEG
Chất không phải 100% cotton và hơi mỏng,NEG
"Áo phom rất to và dài, Chất k dc đẹp lắm",NEG
Không được ưng ý cho lắm,NEG
Tay hoài nhỏ,NEG
Nhưng..,NEG
giao sai mẫu,NEG
"Chất lượng kém quá, mặc nóng, nhìn hình màu âo trắng tinh, mà áo thực tế lại xỉn màu, ko đẹp như hình quảng cáo, vải nhăn, tiền nào của đấy thôi",NEG
Ko giống như trong hình,NEG
Shop k nhiệt tình Chất lượng sản phẩm rất kém,NEG
Mặc dù thời gian giao hàng hơi lâu 1 chút,NEG
"trên hình dáng rộng còn dài nữa, lấy hàng song nhìn áo chán luôn 🙂",NEG
Nói chung mang tiếng mua hàng chính hãng còn thua cả hàng xách tay,NEG
"Áo bị lủng lỗ, shop có nhã ý đổi hàng, nhưng đổi lần thứ hai hàng vẫn lủng",NEG
Áo bị mốc kim đen ;)),NEG
Vải mỏng quá mỏng,NEG
"Vải mỏng,mầu k như hình.sáng màu quá.liên hệ voi người bán hàng thì bị chặn k liên lạc được",NEG
Cạn lời,NEG
Áo phom nhỏ . 40 ký mặc vẫn chật,NEG
"Form áo xấu lắm, mặc lên như tá điền, chỗ tà áo bên dưới rất dài chứ ko ngăn như ảnh mẫu mặc, bảo sao thấy quay clip gập đôi áo vào",NEG
Áo màu không giống hình form nhỏ,NEG
"Chất nóng, giao hàng chậm và giao nhầm",NEG
Shop phục vụ kém,NEG
"Hàg như cái khăn lâu nhàu nhĩ, màu mè rất xấu nhìn lôi thôi",NEG
Dây cột hơi ngắn,NEG
"phục vụ rất lâu, 7h20-8h mấy mới được ăn",NEG
Shop giao nhầm màu 🙃,NEG
Rất không đáng tiền,NEG
Mọi người nên suy nghĩ kĩ trc khi đặt hàng kẻo lại thiếu hàng,NEG
Sao shoppee lại bảo đảm cho một loại hàng như vầy không biết,NEG
Dat xám gjao xah.thất vọg về sp,NEG
Khốn nạn vclll,NEG
giao sai màu vs bị bung đường chỉ,NEG
Áo k giống hình mặc vào rất không thoải mái,NEG
Sai lầm khi mua quần áo trên shoppi .như rẻ rách,NEG
Chất lượng sản phẩm rất kém không đáng tiền,NEG
"Váy bị ngắn, chỉ dài đến ngang gối, lớp lót ngắn chỉ qua mông",NEG
Hàng không như ảnh.. cảm giác khá tệ,NEG
Làm ăn vớ vẩn,NEG
Không đáng tiền,NEG
:))),NEG
Sản phẩm tạm đc,NEG
"Chất xấu, lớp lót bên trong quá ngắn ko giống như ảnh mẫu",NEG
So voi gia tiền thi vải ao ki nay hơi tệ,NEG
Đồ không giống hình dùng tý đã rách,NEG
"Chất lượng sản phẩm tạm dc ,hơi chật ,mik 45 kg thấy hơi chật,cổ bị rộng",NEG
"Áo vải mỏng, vải k giống hình",NEG
Nhắc nhở shop thận trọng khi gói hàng,NEG
Giao hàng ko đúng,NEG
Làm ăn rất bố láo,NEG
Cũng ko có ai alo xác nhận,NEG
Mình lấy cái màu be mà ngoài này nhìn thành màu xám vậy,NEG
Vì giao thiếu,NEG
Bóng hơi bé,NEG
Không nói rõ sản phẩm chương trình làm khách nhầm tưởng là chỉ có 215k được dùng cả năm chứ ko phải đăng ký mỗi tháng mất 90k,NEG
Chất lượng sản phẩm rất kém Chất lượng sản phẩm rất kém Chất lượng sản phẩm rất kém Rất không đáng tiền,NEG
trên bao bì ngoài gói hàng cung ko thấy ghi thông tin đơn hàng mấy chiếc( bt sẽ có và có cả số kg luôn cơ),NEG
May dài 1 tý cho họ dễ mặc chứ may ngắn ntnay bỏ luôn uổng lắm,NEG
Chất lượng sản phẩm rất kém hàng lỗi vải Mh ta hang thi shop k chấp nhận,NEG
Bực ơi là bực luôn,NEG
Mà chỉ bỏ vô bọc đen rồi đóng gói lại sao mà quần lòi ra cả bọc đen ở ngoài,NEG
Ít tiền nhưng vẫn k đáng,NEG
Chất xấu,NEG
Chọn size lớn qá nên mặc hơi rộng,NEG
moi lan dau ma da ko lam jog nhu tra loi tin nhan voi khach roi.lam sao dam nua ha troi,NEG
"Áo ko co giãn ,mặc nóng quá",NEG
"Shop đưa mình toàn mauf tối, ko ưng lăms",NEG
Nhưng k sao nhìn xa thì cũng đk,NEG
Chưa kể cải bị rách,NEG
"Quần trắng vải ok, đen thì thô cứng, quần trắng bị rách ngay ống quần, nhưng lỡ cắt mạc rồi nên cũng chả trả dc.áo ôm nhưng mặc thùng thình, ko nên mua áo",NEG
Ổn chỉ thừa còn nhìu k vắt sổ,NEG
Hàng sấu vãy quá mỏng,NEG
Áo dc nhưng có vết vàng vàng 2 chổ haiz.,NEG
Sau đó đưa mã hàng cho khách tự tra,NEG
Có phần cổ may k đc đẹp xíu.,NEG
Đừng nên mua tại shop này,NEG
Áo chất cứng,NEG
Thế sợ bể ly mà ko sợ hỏng sữa hả shop?,NEG
"Mình mua 3 kg và mới bóc đc 1,5kg mà đã hỏng đến từng này",NEG
Áo trật,NEG
Thất vọng,NEG
"Quan thun nho qua,size L ma ao rong qua k mac vua",NEG
Cho 1 sao vì bị liên luỵ bởi các sản phẩm kém được giao cùng Shop phục vụ rất kém,NEG
Giặt ra màu tanh bành,NEG
Với 1 đôi bị chút bẩn,NEG
"M cao 1m58, 50kg mà mặc ngắn lắm",NEG
Chất vải không giống ảnh,NEG
Giao hàng nhanh nhưng size k đúng,NEG
Áo này m thấy mỏng,NEG
Đóng gói sản phẩm rất kém,NEG
Áo bị dơ,NEG
Màu đậm hơn so với ảnh,NEG
Áo giao cho mình bị vết bẩn gần tay áo mình giặt không ra,NEG
Chất lượng sản phẩm tuyệt vời hơi buồn do shop lôn mẫu :((,NEG
Nay giặt xong đem mặc mới thấy,NEG
Không đúng chất lượng với giá 400k..nó chỉ đáng 150k,NEG
Nên đành chịu,NEG
Mình rất bức xúc về thái độ bán hàng của các bạn,NEG
Nóng nhanh,NEG
"Đóng gói Đóng gói sản phẩm rất kém Làm bục túi bột bên trong, xong còn kêu là hộp nào ờ shop cũng vậy, buồn cười",NEG
Chất liệu quá mỏng,NEG
Đh ko đuq mẫu nha,NEG
Chất lượng áo thì đúng tiền nào của đó nhưng khách phản hồi thì ko rep còn giở quẻ cho lại 1 sao :)))) buòn cười bán hàng trẻ trâu vãi ra,NEG
Hic,NEG
Tiền nào của đấy,NEG
"Đóng gói sản phẩm rất đẹp và chắc chắn, hàng k đẹp",NEG
Quần không y hình,NEG
Size M mình 48kg mặc rộng,NEG
"Áo đẹp , mặc cũng đẹp , nhưng khuyết điểm là lưng hơi chật",NEG
Tôi không hài lòng,NEG
Shop ơi nữa gói vô cái thùng cứng cứng nha ...giao hàng rách hết r.,NEG
😟 Từ nay chắc không bao giờ mua kiểu này nữa,NEG
Thời gian giao hàng rất nhanh,NEG
"shop gian ăn gian, đặt 2 túi giữ nhiệt chỉ giao 1 túi kiểu hàn quốc màu xanh dương còn 1 túi sọc đỏ kẻ ngang màu đỏ thì không có giao mak vẫn tính giá theo đơn hàng, k hài lòng",NEG
Nhưng giao hàng hơi lâu...,NEG
Áo hơi dài và rộng,NEG
Shop giao nhầm dép,NEG
"Giao hàng chậm , giao không đúng màu",NEG
That vong kinh khung,NEG
"Ko như hình thì nào, sai lầm khi mua onl ở shop Chất lượng sản phẩm rất kém",NEG
Tay áo quá phồng không có độ rũ,NEG
Mất công đổi trả,NEG
"Đẹp ạ, còn",NEG
Nhưng mà tay áo không đồng đều cho lắm ạ,NEG
Say muối ớt bị sâu hư hết,NEG
Nhìn đi nhìn lại là 2 kiểu quần khác nhau,NEG
"K đúng như hình áo cũ kỹ dơ, chưa mặc lấn náo ma lông thì xù xì 😱😡",NEG
Phom quá xấu,NEG
San pham that kinh t k sao mac noi,NEG
Kẹp đuôi khỉ thì bị gãy và bàn chải thì ko xài dc pin,NEG
Được 1 hôm đỡ kiến,NEG
Hic,NEG
Chất vải voan lụa chứ kp vải lụa,NEG
Huỷ đơn mới giao,NEG
Rộng k cho đổi,NEG
"Khá là khó chịu khi đã có ghi trước khi đi gọi trước để check địa điểm, bên giao hàng đã gọi nhưg KH khôg nhận được cuộc gọi đó, vẫn đến giao và bấm chuôg nhà inh ỏi, có nghĩ nếu KH ko có nhà sẽ phiền đến nhữg người xug quanh, nếu tôi khôg nhận duoc bạn lại mất côg đi",NEG
Khinh thường khách hàng ghê,NEG
"Mua 3 bộ thì một bộ tạm mặc. 1 bộ giao cho cái quần đúng kiểu rẻ lau, 1 bộ quần chật vừa mặc đã sợ rách",NEG
Đợt này thì giao hàng hơi lâu xíu hi,NEG
Màu nhìn k giống hình lắm,NEG
Rõ ràng đặt máy red bubee mà giao hàng gì k biết,NEG
Quá rộng ko mặc đk,NEG
Giao hàng khá chậm,NEG
"2 sao cho shop, còn sp thì ....xếp xó rồi !",NEG
"Túi hơi mỏng, ko chắc chắn lắm",NEG
Bị móp hết hộp r :(,NEG
Gửi ko đúng mẫu áo trắng thì bị bẩn rất nhiều chỗ áo cam thì rách,NEG
Vải mặc dặm,NEG
"Bảo cường lực mà ship cho nilon dán màn, đã thế lại còn k dán được vào đt",NEG
"Chất lượng sản phẩm rất kém đóng gói thì ok, tôi khuyên các bạn ko nên mua sản phẩm này",NEG
"Hình up một kiểu, giao 1 kiểu",NEG
Khi bé đi tiểu thì trong tã bốc lên mùi hoá học,NEG
Tuy nhiên giao hàng quá chậm do bên v chuyển,NEG
form áo khác trên hình và chất siêu mỏng,NEG
Đặt be giao màu cà phê sữa,NEG
Nên giao vậy,NEG
"Khoá kéo rít, khó kéo.ko đẹp như hình",NEG
Gửi trả lại bằng cách nào.tôi chấp nhận mất coi như mua nhầm chổ vậy,NEG
"viền mền may xấu. chất bên trong gối là dạng giấy, dễ rách hoặc mủn ra khi ngâm nước",NEG
Chỉ hơi ngắn,NEG
• k có móc treo như trên ảnh quảng cáo sp của shop 😕 hơi buồn,NEG
"Để là nước giặt, đặt mua thì đưa nước xả vải, là sao",NEG
Từ vựng tiếng Anh bị sai nhiều,NEG
Bảo mỗi cái 1 màu lại gủi 2 cái cùng màu,NEG
Sản phẩm lỗ,NEG
Chất lượng ko đẹp,NEG
"Áo không giống trong hình , kiểu dáng là hàng dựng lên , quá xấu",NEG
Bộ màu xanh sau sinh mông quần có vết bẩn đỏ,NEG
"Chất lượng k tốt,chạy chập chờn lúc được lúc k.khi không được phải xoá và tải lại phần mềm nên bất tiện",NEG
"Rất không đáng tiền, áo quá mỏng, mực in dỏm, hàng kém chất lượng",NEG
Mà sang hôm sau nó hông nghe được vậy shop,NEG
Chi tiết màu đen bị ra màu rất nhiều khi giặt,NEG
Áo ko đc chuẩn như hình,NEG
Để lại lưu ý màu xanh và đen thì lại gửi màu đỏ và ghi,NEG
Chất liệu bình thường vì giá thành cũng rẻ,NEG
Đặt số 5 giao số 1,NEG
Chất vải hơi nóng,NEG
"Áo y hình, nhưng chất liệu vải thì hơi thất vọng, nhìn hình cứ nghĩ vải voan, nhưng là vải lưới nên mất giá trị của cái áo",NEG
Dễ lộ ti do vải đắp ngực tiết kiệm quá,NEG
Buồn vì cái váy ngắn quá nhìn trông như cái phông vậy,NEG
Quần ok... nhưng đặt màu đen mà giao màu da,NEG
Rất mỏng,NEG
Chất áo quá xấu,NEG
Dùng như k dùng,NEG
"Không hài lòng về chất lượng sản phẩm, không hề giống như hình",NEG
"quá rộng,ko mặc vừa,đường may kém, đúng là deal 9k",NEG
"Hơi mỏng, cạp cao. lưng quần may nhìn giống kiểu bận 1,2 lần là dãn ák",NEG
Chật đùi,NEG
"Chất lượng sản phẩm tuyệt vời, cực yêu shop luôn",NEG
Giày không có dây giờ đi kiểu gì?,NEG
Giặt ra màu quá,NEG
Chất lượng sản phẩm rất kém,NEG
Bảo đổi trả thì ko rep,NEG
Tại sao đat áo này giao áo kia là sao. sao shop giao hang kì wa vậy k đúng hàng j het sao giảm đặc hàng nữa,NEG
Tốt nhất nên tránh k mua kẻo rước bực vào người,NEG
Còn thừa nhiều quá :)),NEG
Giao sai màu rồi,NEG
"Gà như kiểu làm từ bột ra như trên báo nói, trắng trợt, bột bột, ẩm, đóng gói kiểu gì toàn kiến là kiến, 1 hộp móp méo",NEG
Còn thua đồ second hand,NEG
Mình rất bực mình khó chịu với thái độ và cách làm việc của shop,NEG
Đéo bao giờ có lần sau luôn nhé,NEG
Không thơm,NEG
Kiểu ko như mong muốn,NEG
"Yến mạch mùi k thơm, ăn cũg k giốg nhữg sp trước m ăn",NEG
Tra lai hang mà chua thay tiên cả tháng ui,NEG
Shop làm ăn mất uy tín,NEG
Để nguyên cái dây dài cả kilomet.hàng thì nhìn đẹp nhưng không biết dùng được bền không. nói chung bán hàng thì nên care khách chút,NEG
áo chất liệu nóng,NEG
"Giá cả chấp nhận được, sản phẩm giao sai mầu với đơn hàng: đặt đỏ giao đen😟",NEG
Áo ko dc như trg ảnh,NEG
Cảm giác chờ đợi ghàng rồi tới lúc kiểm hàng ko có,NEG
Bán xog hàg cái là ko tl phản hồi của khách hàg,NEG
"Áo sơ mi đen k rộng như hình, mình mặc vào trông rất gầy, vải k đẹp lắm",NEG
Shop phục vụ rất kém,NEG
Màu vàng của áo tối hơn hình,NEG
Đen nhìn 0 đẹp như hình,NEG
Trả mk không bjk gưi lại shop đành lây vay áo phi bóng khó mặc rộng xấu,NEG
Cân nhắc khi mua nhé m.n,NEG
Sp kém chất lượng,NEG
"Shop gửi k đúng hàng, đã gửi hàng chờ shop đổi nhưng chưa thấy phản hồi",NEG
"Áo quá dài và rộng, lầm khi trọn cỡ L",NEG
ko giống lắm.dây mũ như dây giày ý.lại mỏng nữa,NEG
Không tốt,NEG
Rẻ quá nên hàng cug tệ wa bạn ah,NEG
chọn cỡ L shop gửi lẫn cả XL. dặn ở ghi chú ko lấy màu vàng. shop vẫn gửi màu vàng. chắc là gần tết nên bận nhớ nhớ quên quên chăng,NEG
"Bịch đóng gói k kĩ, bị hở nhiều chỗ nên chắc bánh k để dk lâu.",NEG
"Đã đuợc shop tư vấn, nhưng nhận về thì Sản phẩm ko bỏ vừa giấy a4",NEG
"Lúc nhận quên kiểm tra kĩ, áo bị rách ngay phần nách áo",NEG
Lần đầu tiên mua shoppe mà bị lừa như vậy,NEG
áo chưa mặc đã tưa chỉ rồi,NEG
Mặc chơi 2-3 lần là bung hết,NEG
Chất lượng sp qá tệ,NEG
Gối êm nhưng mùi nặng quá,NEG
"Size s mà rộng quá, vải xấu",NEG
Không như giới thiệu,NEG
"Đừng ham rẻ mà mua r phí tiền,sz chỉ dành <50kg thôi nhé...m62 ngắn,đổng quần may bị lỗi",NEG
Mở bịch ra thì bộ đồ nhàu rất mất thẩm mỹ,NEG
Tôi thề,NEG
Áo ra màu nhiều quá,NEG
Form áo xấu,NEG
"Phù hợp giá tiền, sze quá rộng",NEG
Thời gian chuẩn bị hàng lâu nhưng chấp nhận được,NEG
Màu nâu vải đẹp nhất,NEG
Công nhận là nó nhỏ....chắc chỉ M thôi,NEG
Không đáng tiền bị méo nhg may kh giống những cái còn lại kh bắt trả hàng là may r đó shop Rất không đáng tiền,NEG
Mỏng hơn cái ở nhà,NEG
Túi hơi mỏng :(,NEG
Shop ko bỏ quần vào bọc riêng,NEG
"Jump này mình nhỏ con nên mặc hơi rộng, 42kg",NEG
Sao banh chơi dc 2 ngày thì xì bơm lên bình thường nhưng Sao khoảng 2 3 tiếng lại xì,NEG
"Hàng giao ko đúng màu, chất lượng sp được, nhân viên giao hàng rất khó chịu",NEG
Giặt xong nó bị nhăn và bị rách chỗ chữ bên tay áo,NEG
"Chất lượng sản phẩm rất tệ, không như shop mô tả, không giống hình và video",NEG
"Mới dùng 1 ngày lót bên trong đã rách, phải cắt bỏ phần ngăn lót, nói chung chất lượng không tốt, giao hàng chậm",NEG
"Hk giống hình , k đáng tiền",NEG
Đóng gói sp rất tệ,NEG
Mắt lòng tin,NEG
"Chất thì dc mà form ko chuẩn,sz XL ghi 53-68kg mà 55kg mặc thấy k dc thoải mái ,2c màu ghi thì chật k mặc dc",NEG
"Biết là giá thấp nhưng là giá sale, biết thế k mua",NEG
Túi quần bị rách,NEG
Chất vải không được đẹp như những mẫu áo đã từng mua của shop trước đây,NEG
Thất vọng quá,NEG
Nhìn rẻ tiền vải đểu,NEG
"Áo trắng có vết bị cắt 2 chỗ,k hiểu kiểm hàng,giao hàng cho khách kiểu gì nữa",NEG
"Áo và quần Culotes nâu rất đẹp, nhưng quần Baggy nhỏ quá, mình mua size XL mà vẫn ko nhét vừa vào, trừ 1 sao",NEG
"Có đường may rất lộ, gửi hoàn hàng thì mấy ngày mới thấy rep",NEG
Thiết kế không được khoa học,NEG
Quần nhỏ hơn so với số kg đã ghi,NEG
Thất vọng,NEG
Ko đáng bao nhiêu tiền nhưng cực kỳ ghét cách làm việc của shop,NEG
Hơi buồn áo chưa mặc túi áo đã bị rách,NEG
Không đáng tiền,NEG
Quần xem thì ổn nhưng hộp nhựa để quần rất xấu nhăn nhúm không thể đem tặng được,NEG
Hàng đặt ko đúng ý,NEG
Kém chất luọng,NEG
đèn hơi nhỏ,NEG
Đợi tư vấn lâu quá🤔🤔🤔,NEG
Nói chung chỉ thích hợp với ai có ngực khủng,NEG
"Mẫu không giống hình, như vãi dù, các bạn ko nên mua, hình một nơi, áo 1 nẽo, shop nc ko có tâm",NEG
Sản phẩm màu đậm xanh lét như màu mực vậy trông ghê,NEG
Chất lượng sản phẩm rất kém Thời gian giao hàng rất chậm Shop phục vụ rất kém,NEG
Quần ra màu,NEG
Cho 3 sao vì đã nói trước là giúp mình cắt dây đeo là 6 6 rồi nhưng không cắt,NEG
Tốt nhất là ko nên mua,NEG
hang thay gom ko dam ghe shop mua lan sau luon,NEG
Minh cao 1m6 nang 57kg mà thở không nổi,NEG
Nhưng vì giá khá rẻ nên chịu vậy,NEG
Chất lượng kém,NEG
Xin lỗi shop có sao mình nói vậy,NEG
chọn vàng giao cam,NEG
Sẽ ủng hộ và giới thiệu shop cho bb ❤️❤️❤️,NEG
K hề đáng giá tiền một chút nào :))) mong ai muốn mua hãy suy xét lại,NEG
"Vải mặc ko thoải mái, ko giống ảnh mẫu",NEG
Màu khác xa hình chụp,NEG
"Màu k giống trong hình,Chất mặc nóng, bí k thấm hút mồ hôi, Thời gian giao hàng nhanh",NEG
"đặt 4 su đúc và 2 cotton nhưng giao hàng lại cả 6 su đúc, hơi k hài lòng",NEG
😃😃😃,NEG
Sạc dự phòng k dùng được,NEG
"Bó tay, không biết nhìn giống nhau chỗ nào nữa 👎🏻👎🏻👎🏻👎🏻",NEG
Chất lên xù,NEG
Giá cả chấp nhận được cẩn thận đúng size cho kh,NEG
Giấy đểu,NEG
Ko đẹp như trong ảnh,NEG
"Bộ giống như hình đăng, nhưng vải quá mỏng, giá 165k cho sp này thì hơi cao rồi",NEG
"balo nhỏ hơn nhiều so vs số đo trong phần giới thiệu sp, vải mềm, dễ thấm nước, vải quá mềm và mỏng khiến balo ko đứng đc, khá thất vọng khi nhận đc sp",NEG
minh bi do 1 hop khi gui,NEG
Dương chỉ không chắc,NEG
Áo len quá mỏng như áo len tăm mua 55k trên fb,NEG
Gửi ko đúng hàng đặt,NEG
Tks,NEG
Giao nhầm sang đơn màu hồng,NEG
Son vặn lên dc nhưng k vặn xuong dc,NEG
Chất đc,NEG
Hàng k ik hình,NEG
Size 28 quần này cỡ size 26 thôi,NEG
"Shop phục vụ rất kém, đặt hàng màu này giao màu khác",NEG
Sử dụng dc mấy hôm tượt nhẹ từ trên ghế 5cm xuống nền nhà nứt cường lực😂😂😂,NEG
- Chất lượng SP: không giống như mô tả,NEG
Hình trong đó màu trắng đen nhưng về lại xanh xanh thế nào ý,NEG
Không giống như sản phẩm đã đặt như đồ chơi vẹy ák 🤬🤬🤬,NEG
"Hàng nhận là nước xả dùng cho máy giặt, trên sp ko ghi, dùng đỡ vậy chứ nhà toàn giặt tay thôi",NEG
Ko giống sản phẩm trong ảnh,NEG
"Đóng gói sp rất kém, hộp rách nát",NEG
Áo này thích hợp cho người trên 60 kí mặc mới đẹp,NEG
Hàng giống hình nhưng vải mỏng và đường chỉ may không kĩ,NEG
Vải mỏng à nhỏ nữa,NEG
Áo ra màu ... sản phẩm tạm được,NEG
Đồ rách vá 1 chùm như này mà cũng đem giao,NEG
Vải cũng được nhưng không đúng sai mặc không vừa,NEG
Giao hàng cực lâu,NEG
Áo thì gkê cực kỳ,NEG
"Shop phục vụ rất tốt, cơ mà váy ngắn hơn chứ k dài qua đầu gối nhiều như trong hình",NEG
"Màu quần hơi sẫm hơn trong ảnh, đôi chỗ nhìn giống bị mốc, vải khá thô và không được đẹp",NEG
Thất vọng,NEG
"Nhưng chiếc quần may hơi lỗi, cạp quần may ẩu bị rúm",NEG
vaj xau lm/ nhin nhu ao cu vay,NEG
Ko lắp đc,NEG
Sóng 4 g mà ở trong phòng là mạng H Còn ra ngoài ms 4G,NEG
"Chất lượng sản phẩm kém , hàng không giống hình",NEG
Tuy nhiên chất liệu hơi cứng,NEG
Nt ko trả lời,NEG
Gửi thiếu hàng áo thì vải quá xấu,NEG
Bị 2 lỗi nhỏ,NEG
Shop giao ko đúng size,NEG
Chất lượng sản phạm rất xau,NEG
Thật k hài lòng,NEG
Nói chung mình ko hài lòng với sản phẩm và thái độ phục vụ của shop,NEG
Từ màu đến kiểu dáng đều k đạt,NEG
Shop phục vụ rất kém,NEG
Chất lượng sản phẩm tạm được Hàng giao cho khách không kiểm tra kỹ gì bị thủng 1 lỗ chán Đóng gói sản phẩm tạm được,NEG
TÔI RẤT THẤT VỌNG KHI TIN TƯỞNG SHOP :),NEG
Size hơi to,NEG
Nhưng hàng ok,NEG
Áo quên chưa cắt phần cái cúc,NEG
Tệ,NEG
Hàng kh giống mẫu khác xa nhau lắm ạ=)),NEG
Ảnh đăng 1 kiểu lúc nhận 1 kiểu,NEG
Dạo hàng tào lao,NEG
như xà phòng ko mùi thì đúng hơn,NEG
K vừa ý,NEG
Đóng gói sản phẩm rất kém,NEG
Chất lượng sản phẩm rất kém Chất lượng sản phẩm rất kém,NEG
Áo chật quá,NEG
Giao không dúng màu khăn đã đặt,NEG
Ko đep lam,NEG
Vải thô bóng không phải kaki quá tệ Chất lượng sản phẩm rất kém,NEG
Như áo đàn ông,NEG
Chất liệu xấu,NEG
Hết hàng không thấy báo trước với khách,NEG
THIẾU HÀNG THÌ GỬI TIỀN LẠI KHÁCH CHỨ ĐỪNG CÓ TUỲ TIỆN GỬI MẪU KHÁC,NEG
Quần qua bự,NEG
"Đóng gói sản phẩm rất kém , ghi tặng kèm kẹp dây sạc điện thoại cũng k thấy luôn",NEG
Đóng gói ko đẹp lắm,NEG
Hẹn 7-10 ngày nh đặt tận 14-15 ngày mới có,NEG
Giao hàng không đúng mẫu Đóng gói sản phẩm rất kém Chất lượng sản phẩm rất kém,NEG
"Tại sao mua 2 sản phẩm cùng 1 địa chỉ, giao hàng cùng 1 lúc mà shop lại tính 2 lần tiền ship????",NEG
"vải hơi giãn quá độ, size nhỏ không phù hợp người cân nặng lớn",NEG
Cạch luôn,NEG
Chất lượng sản phẩm rất kém Rất không đáng tiền Rất không đáng tiền,NEG
"NÊN dùng nếu chỉ để nghe nhạc, KHÔNG nên dùng nếu chỉ chơi games hoặc xem phim, bởi vì tốc độ truyền âm thanh hơi chậm",NEG
Nhận hàng xong thất vọng ghê gớm :(,NEG
Mong shop trước khi giao hàng kiểm tra kĩ lại dùm,NEG
"Sản phẩm kém, không giống hình, shop phục vụ quá kém",NEG
Áo xấu lại còn bị rách nữ,NEG
Cổ áo bị lệch bên dài bên ngắn,NEG
Hàng quá xấu,NEG
Màu thiên về cam chứ không hồng như ảnh,NEG
Giá thành cao,NEG
Sz S mà quá rộng,NEG
Váy mỏng quá,NEG
Chất lượng sản phẩm tạm được Đóng gói sản phẩm kém,NEG
"K full man hinh, vien KCL k vat nhu mo ta, vuot rat can tay. kinh nho, che mat 1 phan man hinh. cho 1 sao vi mo ta sp k trung thuc",NEG
Mình chùi cỡ nào cũng không sạch nổi,NEG
Chuột ăn xong sau 1 tuần mà vẫn chạy nhơn nhơn ra :)) sản phẩm kém chất lượng,NEG
"Mac 1 lần rách đáy , rách ống quần 😂😂😂",NEG
"Chát lượng tai nghe quá kém shop ah,nghe tậm tịt cứ phải chỉnh dây suốt",NEG
chất vải dày và nóng,NEG
"Thời gian giao hàng rất nhanh , áo rẻ nhung cộng phí vào la mắc, k đáng tiền, thua hàng chợ",NEG
Chất lượng sản phẩm kém Đóng gói sản phẩm rất kém Shop phục vụ tạm được Giá cả chấp nhận được Thời gian giao hàng rất nhanh,NEG
Mong muốn đổi lại cũng không cho,NEG
Dày ko y hình vì nếu y hình thì chữ nike phải may bằng kim tuyến mình check mã thì ko có mặt hàng này dù rất buồn nhưng cx đã nhận hàng rồi và ko biết phải làm sao😑😑,NEG
Ko giao dung ao,NEG
Đóng gói sản phẩm rất đẹp và chắcchắnÁo xanhgiaonhầm màukhông'giống hình,NEG
"Sp mỏng, ko được đẹp",NEG
Quần hơi ngắn,NEG
* RẤT MONG SHOP XEM LẠI *,NEG
Có áo bị rách,NEG
M đang chờ xem b có trách nhiệm ko đó,NEG
Nhưng đặt màu đen lại giao màu xanh...,NEG
"Mật ong loãng, ko đặc sánh lắm",NEG
Lúc được lúc không,NEG
Tạm,NEG
"Sản phẩm móp méo , k có hộp",NEG
hàng không giống với hình 😡😡,NEG
"Chất lượng sản phẩm rất kém, vải phi bóng, nóng và chưa mặc đã suột hết",NEG
Hàng bẩn cũ rách,NEG
Xđ là vứt chứ mặc à,NEG
Mọi nguoi cũng đừng nên mua,NEG
"Khô gà bị mặn, cả nhà mình đều kêu vậy.",NEG
"Chất lượng sản phẩm rất kém,không giống hình",NEG
So với áo dạ thì áo hơi mỏng,NEG
"Áo cổ tim phần vai may ẩu bị phồng méo, mình phải đem sửa lại thôi",NEG
Quần hơi mỏng Đóng gói sản phẩm chắc chắn.quần rộng quá,NEG
Form hơi rộng,NEG
Quần ngắn quá mặc không đẹp so với hình ko giống quần 9 tất cũng ko giống quần dài,NEG
"Rất không đáng tiền, nhắn tin hỏi lại thì không trả lời",NEG
Khi mình nhận thì bao bì rách ra tùm lum k kĩ lưỡng gì hết,NEG
Cho toi gio van chua thay shop bù hàng.,NEG
áo khác màu chất vải ko giống nhau. cái rêu vải mềm mà cái đen vải cứng mặc vào ngứa quá,NEG
"Tiền nào của nấy, chất vải ngứa",NEG
"Sản phẩm bị xóa hạn sử dụng, nắp bình o có nêm phong, có lẻ hàng đã được sử dụng rồi tận dụng để bán lại",NEG
"Đặt 3 món, thanh tiền 3 món, mà giao có 2 món",NEG
Sản phẩm bị vỡ đáy hộp,NEG
mua 3 cái nhưng bị lổi 1 cái (bị rách).bên ngoài là Made Thái bên trong thì China,NEG
Không có giao,NEG
vải cũng dc ko đẹp lắm kieu giống hình,NEG
Thành ra mua 2 cái chỉ sử dụng đc 1 xái,NEG
Chắc e chưa dám đặt hàng nữa,NEG
"Chất lượng sản phẩm rất kém, hàng lỗi",NEG
Vải Chán...,NEG
Đắt dài tay đưa ngắn tay,NEG
đóng gói sản phẩm rất chắc chắn và đẹp tuy nhiên hàng giao không đúng như hình chất lượng qua kém đặt hàng 10mm nhưng nhận hàng rất mỏng được 6mm.Không đúng như quảng cáo.không đáng tiền,NEG
K hợp xíu nao,NEG
"Nhưng Bao đựng thảm ko giông hình, đựng ko vừa thảm",NEG
hàng kém chất lượng ko dúng va hình,NEG
Đáy quần may chỉ thưa có chỗ bị bung,NEG
Mỏng như ko mac,NEG
"Hàng đặt 10 gói giao 6 gói, gọi điện nhắn tin ko giải quyết",NEG
Nói chung là tệ hại,NEG
Áo nhìn không giống hàng mẫu,NEG
Chân váy dài qua gối khoảng 15cm (mình cao 1m58) vải hơi mỏng ạ,NEG
Bị gỉ,NEG
"Giao sai mẫu đặt., cái màu đen xấu ko mặc vừa",NEG
K đúng sản phẩm,NEG
Chất lượng xấu,NEG
E vảo màu tím shop dao cho e màu đen,NEG
Shop gửi nhầm mùi ah,NEG
"Hàng đẹp như hình, có chút lỗi nhỏ là có vài đường may ẩu với bị dư chỉ",NEG
Sao giống 100% đc,NEG
"Chất lượng quá kèm, của rẻ là của ôi",NEG
"Giao sai màu, vải nóng",NEG
Hơi mỏng :)) k như mong đợi,NEG
chất vải áo k đc đẹp,NEG
chất lượng sản phẩm tạm được shop giao hàng quá chậm,NEG
Thất vọng,NEG
Shop khâu vá lại,NEG
Hic,NEG
Ống quần hơi bé,NEG
Áo đẹp nhưng tay áo vẫn còn nhiều chỉ thừa và bị dơ ở 2 ống tay :(,NEG
Còn nhiều keo và đường viết bạc,NEG
"Hàng bị lỗi, liên lạc vs shop đổi hàng nhưng ko đc giải quyết ổn thoả, nhắn tin shop ko thèm trả lời, ko hài lòng",NEG
Riêg bộ màu đỏ thì cả chất và đg may đều xấu b ạ,NEG
"Nhân viên giao hàng quá đáng , giao hàng mà ko giao tới tận nhà.mà.còn bắt khách hàng ra địa điểm hắn nói để lấy hàng",NEG
Chất vải và cả đường may đều khá tệ,NEG
ko giống như trong hình mua màu vàng thì gửi màu nâu vừa xấu lại còn bẩn xem hàng mà thất vọng quá 😡😡😡😡😡😡😡😨😨😨😨😨😨😨😨,NEG
Quần bị rộng QUÁ,NEG
mong lần sau shop tv nhiệt tình hơn,NEG
Lấy cớ ngày nhiều đơn để lấp liếm sự sai sót của mình,NEG
NT đến hàng mấy ngày cũng k trả lời lại,NEG
Mùi không thơm lắm như lúc trước mình mua,NEG
Vải hơi mỏng,NEG
Nhưng thời gian giao hàng chậm,NEG
Áo dễ nhăn,NEG
K ưng lắm,NEG
"M 54kg nhưng mặc k vừa, chật lăm lun",NEG
Rất khó chịu với cách lv của shop,NEG
Chất lượng sản phẩm kémÁo ko ôm vào ngực,NEG
Hàng lỗi,NEG
giao hàng hơi lâu,NEG
"Ngmua có thiện ý muốn mua, ngban cũng chẳng có thiện ý dịu dàng",NEG
Dán màn hình k dính,NEG
"Nói free size mà giao 2 cai size S nhỏ xiu ko mặc duoc cai nao , chán",NEG
"Đặc áo này ,giao áo khác,",NEG
Vải mỏng lắm,NEG
Hàng giả hàng kém chất lượng,NEG
Hình như vải dỏm rồi,NEG
Hơi chật,NEG
Đặt đen giao vàng,NEG
"Vải xấu, form k đẹp",NEG
Phơi nắng r mà ko thấy sáng,NEG
"Mác không như ảnh shop đăng.Dặn qua tin nhắn shopee là gửi 3c màu hồng nhưng lại gửi 2c xám xịt đường chỉ may xấu tệ chất bèo nhèo giặt 1 lần là xù nát.Tốt nhất không nên mua loại áo này,đã mua hàng shop 1 lần ưng ý,lần này thì thất vọng luôn, quá tệ",NEG
"Shop phục vụ rất kém, ghi chi tiết áo size m (49-53 kg) mà m 50kg mặc còn rộg",NEG
Kích cỡ chưa chuẩn,NEG
"Chất mặc nóng, thô ráp",NEG
Nt không nhắn lại,NEG
Thời gian giao hàng rất nhanh chất lượng kém,NEG
"áo ko đẹp giống hình, lại bị nhỏ mặc không vừa",NEG
Nếu có 0 sao thì shop sẽ đc nhận,NEG
"Đặt 3 món mà giao sai 2 món,nt shop ko thèm trả lời",NEG
Nách may bị lỗi,NEG
Ship ko đúng màu,NEG
"Màu sắc và kiểu cách rất xấu so với hình ảnh đăng bán và mô tả.Sản phẩm rất tệ,shop này kinh doanh theo kiểu “treo đầu dê,bán thịt chó”",NEG
"Chất lượng sản phẩm kém, không đáng giá tiền, 1 số chi tiết khác với trên hình quảng cáo",NEG
Bị thiếu nơ,NEG
Không hiểu sao áo trắng với đen mỏng hơn màu ghi,NEG
Sản phẩm giao không đúng yêu cầu,NEG
"Áo dày, dài, rộng mk m5 mặc thì thành váy",NEG
Thời gian giao hàng siêu siêu lâu.Hàng tạm được,NEG
"size áo không chuẩn, size 38 mà như kiểu 36, mặc rất chật, thất vọng khi nhận",NEG
Chất lượng sản phẩm rất kém,NEG
M báo lấy xxxl gửi cho m có xxl,NEG
Xước,NEG
Màu đậm quá😅,NEG
Sao em đặt 2 size S/M mà áo nó rộng bằng nhau vậy ạ 😌,NEG
"Áo mỏng, chất áo đen mỏng và xấu hơn áo trắng",NEG
Màu trắng ngà chứ ko phải trắng sáng như hình,NEG
Hoodie thì vải quá mỏng😑,NEG
Nhưng gấu quần ko giống với trong hình.Nt shop ko tl,NEG
"quần có mùi hôi và ra màu kinh khủng, nghĩ sao giặt ra màu mà khô rồi mạqc vô chà tay là đen sì, tệ",NEG
Chất áo nóng và không đẹp áo k giống hình Rất không đáng tiền,NEG
Te lam,NEG
Tại sao?,NEG
Shop phục vụ rất kém Shop phục vụ rất kém,NEG
Áo quá to vs lại may ko đc đẹp,NEG
Buồn cho shop ghê :)))),NEG
"Chất lượng sản phẩm tạm được. tiền nào của nấy thôi. áo nỉ thô, mực in trên áo lem nhem",NEG
Chất áo rất xấu,NEG
"Đóng gói sản phẩm còn sơ sài, ko để sản phẩm riêng theo từng set",NEG
Quá thất vọng..,NEG
Sản phẩm không giống với ảnh,NEG
K hài lòng,NEG
"Khẩu trang có mùi hôi, không đáng đồng tiền, khẩu trang quá mỏng, đóng hàng rách tùm lum, lấy một cái ra xem thử thất vọng chán",NEG
"Chất lượng sản phẩm rất kém, áo bẩn",NEG
Áo phai màu nhiều,NEG
Coi như mua đắt :(,NEG
"Quần dành cho b nào béo tí chứ mình size S rồi mà vẫn rộng dã man (mình 1m55, 43kg)",NEG
Nếu qua một đêm mà ko dùng thì sáng hôm sau giật nước thất nước xanh đậm ơi là đậm,NEG
Áo ngắn,NEG
"Chất liệu rũ, mềm",NEG
Quần quá rộng size s mầm cứ như xl vậy vậy,NEG
Nhưng gìay NIKE mà sao lại box ADIDAS ạ,NEG
Shop ban hang lua doi khách thi chẳng đáng sao nao,NEG
Vải mỏng,NEG
Chẳng nhẽ đều là đánh giá ảo,NEG
Nhung giao hang hoi cham,NEG
"quá rộng quá to k mặt nỗi ,giục luôn rồi",NEG
"Vận chuyển hàg k nhắt lót vào cặp, nên cắp bị méo mất dág",NEG
Xấu + đắt,NEG
Nt thì kêu mặc rộng như mẫu mặc,NEG
Mau khong dep nhu hinh,NEG
Chưa hài lòng,NEG
Vải hơi xấu xứng với tiền bỏ ra,NEG
Khăn mềm nhưng kích thước nhỏ hơn mô tả,NEG
Size nhỏ mặc ko vừa,NEG
Đóng gói sp rất tệ,NEG
Giấy dai,NEG
Ngoài mác ghi size XL nhưng mác bên trong gim L. 52kg mặc kích,NEG
Giao nhầm màu,NEG
Chất lượng sản phẩm ko đẹp,NEG
"Giao hàng rồi mới báo thiếu, k bảo thiếu để ngta khỏi phải order chi mắc công thanh toan trả tiền lại, trả tiền hàng thiếu lại còn k đủ, lừa",NEG
Chất không khác gì cái váy 40k ở shop khác,NEG
"Ko ưng ý lắm cách phục vụ, đã chọn lấy quần đen vẫn xếp quần ghi cho khách",NEG
Đểu,NEG
"Vải cực kì xấu, áo nhìn như áo cũ",NEG
Gỗ quá non sâu chuỗi sơ sài,NEG
Không hài lòng với áo khoác này,NEG
Vải nóng,NEG
Mỳ thì nát vụn,NEG
Chất lượng sản phẩm rất kém,NEG
Hay tại shop hết size 1,NEG
Tiền nào của đấy k sai các chế ah,NEG
Nhưng góp ý shop nên đổi nhà vận chuyển đi,NEG
"Áo thì chật,đc vải mềm k gọng như hình,có mùi hắc",NEG
Chán,NEG
Mới mặc 1 lần áo đã rách,NEG
"Kiểu cổ áo mặc lên kì kì, Mình mặc ko đep",NEG
Đóng gói xấu,NEG
"Đường chỉ may bị lỗi, vãi mỏng không giống trong hình, mình mua màu trắng shop lại giao màu đen nói tóm lại shop không uy tín, mình khuyên mọi người khi mua hàng ở shop cần phải cân nhắc trước khi mua 👎shop làm mình thất vọng khi mua hàng trên shopee quá",NEG
Đặt M nhưng giao size S,NEG
"Quảng cao là free size dưới 58kg mặc được vay mà mình đặt 3 áo thì Shop gửi cho mình 3 ao 3 sz khác nhau XL, L, S",NEG
Nhưng bề mặt của đàn vẫn còn phần gồ ghề,NEG
Nút mà cũng thiếu sao mặc bó tay,NEG
Thất vọng về sản phẩm quá ạ,NEG
Áo hơi dài..,NEG
Mặc trời mùa đông chết rét,NEG
Xong kêu mh tự đi sửa lun đồ bận chưa tới 1 ngay đã tét tùm lum,NEG
Nói chung ko như mong đợi,NEG
Bán quần rách mà cũng bán đc đành,NEG
Hàng quá chất,NEG
"Hình in trên áo bị lem, loang màu, không giống như ảnh được dùng quảng cáo!!",NEG
Chỉ tội gói hàng nhăn nhó,NEG
Mỗi tội Đặt áo dài tay mà shop gửi áo ngắn à,NEG
"Găng tay rất mỏng, không có hộp",NEG
Màu hơi bạc. 1m62. 54kg mà mặc k vừa,NEG
Áo ko có giống hình.,NEG
Không hài lòng về sp sp rất hôi giặt mãi k hết dc nói chung k sử dụng được,NEG
sản phẩm tạm được.vải nóng.sổ lông,NEG
Chân đỡ không chắc chắn,NEG
"Mất thgian đổi trả của người mua, shop cần lưu ý sản phẩm thế nào thì nói y như vậy để tạo quy tín cho mình",NEG
Quần k co giãn,NEG
"cái này thì vải thô lắm, cân nhắc mua cái khác thay thế, vì vải ko co giãn và thô. mấy váy khác của shọp thi ok",NEG
Áo vừa đặt bàn là là rách luôn,NEG
Thắc mắc thì không trả lời,NEG
"Hàng nguyên seal, tai nghe tặng kèm lởm, đặt màu đỏ giao màu đen",NEG
"3 in 1 mà mở hộp ra có mỗi 2 len, thiếu mất len macro",NEG
"Chất lương sp kém , bỏ tiền ra mua máy mới mà nhận đk máy cũ đã phát sinh cả cuộc gọi , lại còn k có cả sạc pin",NEG
Shop đăng áo sơ mi nam cổ bẻ dài tay dáng Body Kojiba nhưng khi nhận hàng thì lại là áo mác T-MAX,NEG
K nên mua,NEG
Hàng đéo có giống trong hình,NEG
Gửi sai hàng bị bẩn,NEG
Hàng không đúng như miêu tả,NEG
Tụe dưng bay đâu 1 tháng sử dụng của m rồi??,NEG
"Trước tiếc tiền mua cây trắng, rẻ được nửa nhưng phí tiền quá, chụp hình tự sướng thì ok,chứ làm tripod chân và gậy cong queo yếu",NEG
Chất lượng sản phẩm rất kém Shop phục vụ rất kém Rất không đáng tiền,NEG
Vải kh đẹp,NEG
"Tệ quá form áo và chất liệu ko giống, áo rộng như thùng phi",NEG
Chat vải ko giống hình,NEG
"Màu và váy giống hình,nhưng chất vải xấu cứng,k mềm như shop nói chất liệu voan",NEG
60kg shop tư vấn xl nhưng ko mac vừa,NEG
"Chất lượng kém, đường may bị lòi chỉ ra phải đi đạp lại k thì mất thẩm mỹ, len khô cứng k mềm mịn như quảng cáo",NEG
👍👍👍👍👍👍👍👍👍👍,NEG
Ko nói về sản phẩm... nói về cách phục vụ... gửi nhầm size nhăn tin đên mặc dù hiện trực tuyến nhưng cả ngày ko phản hồi... định trả hàng nhưng thôi... mất công.... hi vong shop xem lại cách lm việc,NEG
Shop nham lan khi đat mau xam trang shop giao mau xanh con hình mat cuoi thi lai la mat khóc nen hok thích,NEG
T trả lại bằng cách nào,NEG
Áo đẹp rộng nhưng tay ngắn quá,NEG
Áo ko cut top mà cứ như Áo tay dài bth,NEG
Giá cao hơn các shop khác,NEG
Hang toàn bị lỗi đường mai,NEG
Hic trời ơi chưa bao giờ thấy shop nào mà đóng gói sản phẩm như vậy,NEG
Quần size k chuẩn..cùng size m mà cái rộng cái chật,NEG
Sai độ dài,NEG
"Chữ in trên áo bị nhoè, vải dễ xù, màu áo ko phải trắng hẳn",NEG
Bán hàng 1kiu ship hang 1kiu vậy à,NEG
Sẽ ko mua sp này của shop nữa,NEG
Nhìn hình tưởng áo màu trắng tinh nhưng lại là màu ngà mình ko thích,NEG
Áo có mỗi 1 sz mà bé thế này,NEG
Áo như hình :),NEG
"Giao thiếu hàng ngay món mình cần, bực bội quá",NEG
mẹ kiép bán hang kiêu lua đảo lút nguồn hỏng mẹ no duaday nguồn thi hok cam đk ổ nao vua thêm cái day vga cung hong đm bán hàng có tâm vl Chất lượng sản phẩm tuyệt vời,NEG
Vải k đk đẹp lắm,NEG
Ko nên mua màu trắng vì màu nhận đc n rất xấu,NEG
Sp nay ko gjọng hjh nhjn hjh thay khac so voi sp ngắn hon anh,NEG
Thời gian giao hàng cho bên vận chuyển khá lâu,NEG
Mầu ko đc sáng trắng vẫn pha vàng hối hận khi mua sản phẩm này,NEG
Mình 94 mà mặc méo vừa,NEG
Không cho đổi trả,NEG
shop có chat và tư vấn nhưng ko nhiệt tình lắm có thể do nhiều đơn quá trả lời ko kịp,NEG
Làm ăn ko có tâm,NEG
"Đóng gói sản phẩm kém, Chất lượng sản phẩm tạm được",NEG
Nhưng kh sao,NEG
Áo bị lỗi,NEG
Chất lượng rất kém và bị lỗi đề nghị shoopee hoàn tiền lại cho tôi,NEG
Cảm thấy rất ko hài lòng vì mình đặt size XL mà tất cả sản phẩm nhận được đều size L,NEG
shop giao hang qua cham,NEG
Vải hơi mỏng,NEG
K ưng ý lắm 😥,NEG
"Điểm trừ: Mặt Iron Man bị xước nhiều ( shop xem ảnh), ko được mượt",NEG
Áo đều có mác vải là size 38 nhưng thực chất chỉ tương đương size 36,NEG
Thủ tục đổi trả phức tạp,NEG
Chất mặc nóng,NEG
"Sáp khử mùi thì dán nhãn hời hợt, kiểu dáng cho có, nhìn cứ như hàng fake ấy",NEG
"Tư vấn ko nhiệt tình, trả lời cộc lốc với ng mua",NEG
Gửi mẫu không đúng,NEG
Chất lượng sản phẩm của các con thì được chứ của bố mẹ quá kém,NEG
Ko phù hợp với giá tiền,NEG
"Sản phẩm quá tệ, shop bán hàng ko có lương tâm nghề nghiệp, hàng như này vẫn già mồm bảo y hình 😂 ai mua bị như mình thì cứ đổi trả qua Shopee nhé",NEG
Form hơi nhỏ ạ,NEG
Gửi thiếu 1c áo nt k tl,NEG
Ko hiểu sao nsx thiết kế mẫu mới lại xấu và mờ nhạt hơn mẫu cũ nhiều,NEG
Áo to lắm ai nghen cn trai m7 mặc vs vừa sz m huhu về đem sửa mệt muốn chết quần còn có túi dằng sau nữa chứ nhưng mà vải đẹp ns chung kh mỏng đâu nheg sơ mi sờ cực đã cả quần nữa,NEG
Hơi thô,NEG
Chăm sóc khách hàng quá kém,NEG
Có như nào cũng phải trả lời cho khách,NEG
Làm sao?,NEG
Nhìn như vải bao tải ấy,NEG
Shiper thì giao hàng mà bắt khách chạy lên chạy xuống bắt khách chờ r phải chạy lại tận chổ shiper mới nhận đc hàng,NEG
Chat luong kem khan mong dung la lua dao mua mot lan ko co lan 2,NEG
Dáng xấu,NEG
Sản phẩm không giống mô tả...thấy mấy review vote 5 sao nên tin tưởng ai ngờ không khác gì hàng tồn,NEG
Rẻ nên ko dám đòi hỏi cao nhưng nhận hàng xong ko nghĩ đến nổi này...,NEG
K co dãn,NEG
Shop phục vụ rất kém Chất lượng sản phẩm rất kém,NEG
Chất đẹp nhưng mỏng quá shop ơi cứ như giấy í,NEG
Người mua cẩn thận kẻo bị lừa,NEG
Chất lượng không đẹp,NEG
Chất lượng sản phẩm rất kém,NEG
Cực kì thất vọng,NEG
Túi nhám nên mùi nồng quá,NEG
Quá trình ship bị nát hộp bên ngoài,NEG
Hàng thô nhăn,NEG
Áo mới giặt 1 lần đã trầy ra ntnay 🙁😞😔😢😥😓😭,NEG
Chán thất vọng,NEG
"Mui giày có vẻ k đẹp, so với giá thì hơi chênh nhao xíuu",NEG
"Vải nóng ,chất liệu rát giặt nhiều lần rồi mặc vẫn ngứa",NEG
Chất lượng sản phẩm tạm được,NEG
Dây để máng áo k chắc chắn,NEG
Áo dầy nóng quá.chân váy size L mà nhỏ quá nhìn như size s của các loại quần váy khác,NEG
Mặc tạm chụp ảnh thì chấp nhận,NEG
Xài tạm được,NEG
Mình phản ánh lại như vậy mà shop cũng không phản hồi gì,NEG
Sp vô dụng,NEG
"Shop làm ăn rất vớ vẩn, biết là gửi ngẫu nhiên nhưng đặt 5c mà shop gửi cho 5c giống nhau, mẫu cx k đẹp",NEG
Khóa rít kéo lên xuống hơi khó,NEG
Làm ăn gì kì vậy Shopee,NEG
Áo chất k đẹp :((,NEG
Màu khác hoàn toàn mầu chọn . 3 cái không ưng mầu cái nào,NEG
"Hàng đúng hình nhưng chất vải thô cứng, không như mong đợi",NEG
Dây hơi dài,NEG
Làm ăn không có tâm,NEG
Nhưng phần cổ may chỉ đen trông hơi điêu,NEG
"Vải không được tốt lắm, hơi nực, in chữ lem :))) có 3 cái bị chật trong số 5 cái, Đóng gói sản phẩm chắc chắn Shop phục vụ khá tốt Thời gian giao hàng nhanh Thời gian giao hàng nhanh",NEG
Chất lượng sản phẩm rất kém.Áo kh đúng cũ.Nói k rep,NEG
Nói thế cũng ngửi được,NEG
Chú ý phân loại hàng,NEG
"Chất vải xấu, không thấm hút, lớp lót đũng quần không phải cotton mặc dễ ngứa, khó chịu",NEG
Quần hơi mỏng,NEG
"khăn sai số quá lớn,theo hình mình chụp thì gấp đôi khăn lại thì phải đo được 2 lần thước như vậy mới 120cm nhưng chổ dư còn lại ko đc 30cm thì các bạn biết lệch ntn rồi.sp ghi 60×120 nhưng thực tế chỉ 52×98. các bạn mua khăn nên lưu ý nếu muốn mua khăn to như mong muốn. hơi bị thất vọng",NEG
Sản phẩm không như mình mong đợi,NEG
Nguyên seal nhưng chất lượng giấy không tốt lắm,NEG
Quần mới giặt qua 1 nước trk để lần đầu mặc mak nó nhah dãn quá,NEG
Chọn màu 25 là cam nhưng khi test môi k co một chút gi gọi là cam cả,NEG
Vẫn không hoàn lại 40k từ đơn trước hết hàng không báo,NEG
Shop giao thiếu hàng,NEG
Váy sz S mà quá rộng. 47kg mặc vào nhìn như nấm,NEG
"Ít nhất cx phải có 2-3 mẫu chứ, rất muốn trả lại hàng",NEG
M đã quá chán đổi trả,NEG
Cho hỏi đấy là chất nilon hay sao mà ib shop k trả lời?,NEG
"Sản phẩm cũng ok so với tầm giá, mỗi tội sh giao hàng hơi lâu",NEG
50kg mặc hơi kích vai,NEG
Tay áo bên phải bị xoắn thọt tay ra vào rất khó,NEG
Chắc chắn chỉ dám mua lần này không có lần sau,NEG
Màu xấu quá,NEG
"Áo hơi mỏng và chắc hơi nhăn quá, chắc do đóng gói",NEG
Quần không giãn và vài nóng hơn áo,NEG
Nhưng mình thấy mặc vào vòng 1 mình to hơn huhu,NEG
Quần form bé,NEG
Đã inbox shop giao màu xanh lại giao màu hồng,NEG
Phần lách hơi xấu,NEG
Chất vải chán,NEG
Không sử dụng đựng,NEG
Cả shape váy và chất vải đều tệ,NEG
K đẹp lắm,NEG
Hơi to b ạ,NEG
"Chất không đẹp, không giống hình",NEG
hàng rất tệ,NEG
bán áo thun gân mà để áo len,NEG
Sp quá tệ,NEG
"Shop ship sai màu, đã phản ánh nhưng ko đổi",NEG
"Sz S mà to wa, m 43kg mặc rộng lắm, cái này fai cho ng từ 50kg trở lên thì dc",NEG
đường may xấu,NEG
Vải mặc hơi nóng,NEG
"form ko đẹp, ko định hình tốt vòng 1",NEG
"Lúc đặt hàng thì không nói cần cọc card, 3 ngày sau mới nói",NEG
"Giao sai hàng đã đặt, hỏi thì nói do hết hàng, vậy sao ko nt báo trước cho khách",NEG
Vải ok nhưng in xấu,NEG
Áo không giống hình :(,NEG
Chất vải rất xấu mỏng và ráp,NEG
Shop nói hồng phấn nhưng là hồng ruốc,NEG
Thời gian giao hàng rất nhanh Chất lượng sản phẩm tuyệt vời đóng gói sản phẩm không được đẹp,NEG
Vừa măc đã bị xù lông,NEG
Áo k giống hình lắm,NEG
"Chất vải mỏng, màu k như hình",NEG
"Khóa ko kéo lên đc, chỉ xô ra rất nhiều may ẩu",NEG
Hàng rất tồi xấu,NEG
Size hơi to so với chân mình,NEG
Mẫu ko đúng như trong hình,NEG
Pit trước đã ko order đơn hàng này,NEG
Chat liệu ko dung nhu hình ao ko ra j,NEG
"Chất lượng sản phẩm kém ,xấu",NEG
Đặt quần trơn mà giao quần rách vậy shop,NEG
Giao thiếu san phẩm này,NEG
Chất lượng sản phẩm kém- đặt size s gửi m,NEG
Shop giao cho em nhầm size..,NEG
Voucher the khac gi an binh thuong dau,NEG
Balo đẹp đúng hình nhưng mùi da hơi khó ngửi,NEG
Có hiện tượng tróc vài sợi chỉ ở hình dán,NEG
"Tn tự động báo gquyet trong vòng 1 tuần, mà hnay đã hơn 1 tuần rồi",NEG
Đang cần hàng ko thì mình cũng trả lại sp,NEG
Làm ăn ko uy tín,NEG
Chất lượng quá kém,NEG
Xấu luôn cái áo 😪😪😪,NEG
Đường may lỗi nhiều,NEG
Màu ko giống ảnh Chất lượng sản phẩm tạm được,NEG
"Đặt 2 bộ màu đen mà 1 bộ đen, 1 bộ áo đen quần xám",NEG
Mau dam wa..mac ao mong k dc...ao bi loi quai.,NEG
"Shop nhiệt tình nhưng hàng k giống mẫu, vải thừa chưa cắt bỏ",NEG
"Mình đã hỏi rõ có con gấu đi kèm ko, shop trả lời là có v mà gửi hàng thì ko, da túi bt, ko giống hình",NEG
Đóng gói sản phẩm rất đẹp và chắc chắn Thời gian giao hàng rất nhanh Chất lượng sản phẩm kém Không đáng tiền,NEG
Màu vàng hơi tối,NEG
Chất vải k đc đẹp lắm,NEG
Đã chất lượng kém mà giao lại k đúng size,NEG
Kiểu đẹp nhưng chất xấu,NEG
Quần dài đẹp nhưng dợ bầu to ko mặc được.quần ngố rất mỏng mà còn đắt hơn quần dài,NEG
"Thẻ quá mỏng, vận chuyển bị dập làm cong thẻ bên trong, haizz",NEG
"Tiền thì nhận đủ, hàng thì giao thiếu",NEG
Đặt xanh xám mà giao nâu???,NEG
tưởng voucher mà giao evoucher nên hơi thất vọng tí,NEG
Còn cái size s thì bị mốc,NEG
sao mih mua nua k dc z b,NEG
Lần này mua thất vọng,NEG
Hàng bị mớp shop a,NEG
Ren không giống trong hình,NEG
Mua 1 quan dài 1 lửng,NEG
Nhưng áo bị bung chỉ nhiều,NEG
Đồ bị lỗi,NEG
Nt thì ko thèm trả lời mặc dù ko onl,NEG
Tốt nhất lần sau khỏi mua,NEG
"chất lượng hàng kém giống đồ cũ phai màu k giống hình, không nhãn mác. nói chung mua về 2 cái vứt sọt rác k mặc đk. như váy cũ",NEG
Form rất to lùng bùng như trùm cái mền,NEG
Giao k đúng hàng,NEG
Chật ở cánh tay,NEG
Áo không hề giống hình,NEG
Hình quần dài mà sao shop giao quần lửng vậy,NEG
Shop làm ăn rất chán,NEG
Hang te qua...dong goi so xai hang ko dung chat lieu.vai xau,NEG
Cổ tròn ko giống hình,NEG
Nhưng chất lượng hàng quá tệ,NEG
Không đáng tiền,NEG
"Chất lượng bóng kém, giá rẻ nên có lẽ cũng không được tốt lắm, độ nảy bóng không ổn định",NEG
Vải thì mỏng dính,NEG
Không giống như trong hình áo nhỏ như áo e bé mặt chứ khô phải người lớn mặt,NEG
Tốn 75k mua về cái zẻ lau,NEG
Hộp nào cũng rách nát như gì ak.!,NEG
Thời gian giao hàng chậm Không đáng tiền,NEG
"Sản phẩm kém, chất xấu, cạp quần ko co dãn thoải mái",NEG
Rất không đáng tiền,NEG
Nhắn hỏi ko trả lời,NEG
Đường may k đc chắc chắn lắm,NEG
"Chất lượng thì không chê, nhưng góp ý: khách đặt màu nào bạn nên gửi đúng màu đó",NEG
Giao Sai màu,NEG
Ống tay xấu,NEG
Quá thất vọng,NEG
"Quần áo nhão nhèo nhèo, k đẹp",NEG
Hai mẫu áo 2 chất khác nhau,NEG
"Trên hình có đáp bụng n sp của shop may thẳng lên luôn, nên hay bị tụt dù cho có thít chun sát bụng",NEG
Giờ chẳng biết làm gì với cái áo đó,NEG
Chất lượng kém,NEG
Bị Giao hàng nhanh lưu kho mất gần 1 tuần,NEG
"Shop làm mình thất vọng quá, hết muốn mua trên shoppe nữa rồi",NEG
Ko hài lòng vì màu ko như ý,NEG
Áo khác so hình,NEG
Chất lượng sản phẩm kém mới mặc một lần tua hết vải,NEG
pi rach 1sp .nt du koa online nhug ko tl,NEG
Nhắn tin thì k trả lời,NEG
Điên máu,NEG
Moi Mac ma 1bo da Rạch hang zoi,NEG
Moi nhân ma giày da bị bỏng kéo ở mũi giày.vien giày có dãn keo nham nho mấy chỗ.dung là hàng giảm giá,NEG
Sp bị bong keo,NEG
Giao hàng tiết kiệm giao trễ mà báo delay do không gọi được cho khách hàng mặc dù mình không nhận được cuộc gọi nhỡ nào luôn,NEG
Shop phục vụ kém,NEG
Sản phẩm không được như hình đã đăng trên shoppee,NEG
"Hàng rất tệ,k như shop nói đâu",NEG
Mua về kiểu vỡ mộng ấy,NEG
"Mình mua 3 bộ, bộ này đắt nhất nhưng chất vải kém nhất, quÀn rộng thùng thình, vải rất mỏng",NEG
Cái váy vải không đẹp lắm,NEG
"Ghi màu đỏ nhưng giao cam vàng, màu ngoài rất chóe",NEG
Màu ko giống như anh shop,NEG
Màu k đẹp như mình nghĩ,NEG
"HỘP MỐP MÉO , rách",NEG
"Giao hàng ko đạt, nt ko thèm trả lời, lúc mình đặt thì nhiệt tình lắm đến lúc hàng kém thì ko thèm tl, ít nhất cũng phải xin lỗi khách hàng chứ",NEG
Shop bảo là có thể đổi khi không vừa size bây giờ nhạn đc hàng thì bảo là không đổi đc,NEG
Mình chưa thử dây đã đứt rồi :(,NEG
Sau đó không chuyển đợi quá 3 ngày KHÔNG THỂ khiếu nại trên Shopee đc nữa,NEG
"Thất vọng, sản phẩm không giống như hình",NEG
May kh cẩn thận,NEG
Ko đẹp như hình,NEG
Áo rộng wa,NEG
Shop gói hàng kh cẩn thận,NEG
Vải nóng,NEG
San phạm k giong hình...chat Luong kem,NEG
"cực kì mỏng và dởm, nhỏ xíu như cuộn chỉ ko làm dc j",NEG
Định cho 5* nhưng shop cứ hẹn lần hẹn mòn nhưng vẫn ko thấy gửi bù cho m cái nắp,NEG
Main hơi yếu chút cứ tg G41 cơ hoá ra ko phải,NEG
"cho viên tẩy vào xong bồn cầu ""nguyễn y vân""(vẫn y nguyên)",NEG
Quá phiền phức,NEG
Mỗi tội hơi rộng,NEG
Không đáng tiền,NEG
Gấu bị bẩn còn lại thì ok,NEG
Màu k chuẩn,NEG
Hơi thất vọng,NEG
"Đã cố ý đặt thêm 2c quần để đc chuyển vào cùng tất bầu đã thiếu hôm trc, có hỏi ý shop là bấm đặt tất bầu luôn nhưng trừ tiền ra vì đã tính tiền ở đợt hàng trc r , và shop oke xong lại bảo kh trừ đc",NEG
Mắc so với chất lượng,NEG
"áo vải dày dặn tốt, mẫu y hình, ship nhanh nhưng form áo quá rộng. mình order size M mà rộng như cái mền ý =))))",NEG
"Hàng giao chậm ,ko có đóng gói mà quấn băng keo bên ngoài nên hàng bị dơ tai thỏ",NEG
Tai phone này không phải hàng chính hãng như lời rao bán,NEG
Buồn ghê,NEG
Gửi ko đúng mẫu hình,NEG
Cùng lấy 1 size nhưng cái đen nhỏ hơn cái trắng đến 2 cỡ mất í,NEG
Phải màu,NEG
Sản phẩm dán tem của DigiWorld nhưng check bảo hành không được,NEG
"Sản phẩm ngoại hình cũ và xước, chất lượng ko như quảng cáo, wifi bắt kém và xử lý các tác vụ rất chậm",NEG
Chất lượng vải nói chung cũng ổn,NEG
Ko ngon như mình nghĩ,NEG
"K như hình, form hơi dài và hơi ôm",NEG
Đằng này bán xong phủi tay luôn à,NEG
Sản phẩm sale nên k chú ý đến chất lượng thì phải.có hai vết ố nhỏ 😑 Thời gian giao hàng nhanh,NEG
Một vài hình ko giống Album,NEG
Đã nhận hàng nhưng chất lượng sản phẩm quá kém,NEG
Được cái giao hàng nhanh,NEG
Duog may sau nhieu loi nhu hang cho,NEG
"Áo lỗi thì chủ hứa đổi xong nt ko thèm xem, k thèm trả lời",NEG
Chất ko đc thik lắm,NEG
Giao sai hàng,NEG
Lởm,NEG
Đóng gói sản phẩm rất kém Shop phục vụ rất kém Shop phục vụ rất kém Shop phục vụ rất kém,NEG
Đặt 1 kiểu giao 1 kiểu khác,NEG
Áo mỏng from nhỏ,NEG
Lừa đảo,NEG
Lừa đảo,NEG
tôi đạt mua màu nâu.sao shop lại giao cho tôi màu đen.về bỏ đi k lm đc gì,NEG
Đặt hàng ko giao hàng là Sao vậy á,NEG
Chất lượng sản phẩm rất kém,NEG
Nhìn hơi già,NEG
From k chuẩn,NEG
Giống hình,NEG
Thất vọng,NEG
Đóng gói sp cũng sơ sài,NEG
Sản phẩm chụp và hình ảnh nhận khác nhau 1 teoi 1 vuc ko đáng mua,NEG
Vải mới sài vài bữa xù lông rồi :(,NEG
"Vải mỏng ko phải chất cotton, hàng nhận đc ko giống hình",NEG
Một bên Mũi giày dán keo hơi bị dúm,NEG
"Lỗi may nhìu chỉ thừa, nhăn nhíu lại",NEG
Vải xấu quá k tốt,NEG
Gửi nhầm size,NEG
Mà shop lại lấy tiền là 9 cái là mk bị lỗ 80k,NEG
Khách hàng đặt size bé gửi size to.Hình trong ảnh k thể ưng nổi.thảm họa thời trang là đây.mất lòng tin Chất lượng sản phẩm rất kém,NEG
Chất lượng sản phẩm rất kém Chất lượng sản phẩm rất kém Chất lượng sản phẩm rất kém Chất lượng sản phẩm rất kém Chất lượng sản phẩm rất kém Chất lượng sản phẩm rất kém Chất lượng sản phẩm rất kém Chất lượng sản phẩm rất kém,NEG
Nhưng mặc vào người thì áo k co giãn nên cảm giác k thoải mái,NEG
Áo hơi to ...,NEG
Sản phẩm ko đẹp như hình,NEG
"Mk tìm hiểu tưởng dành cho da dầu,mà dùng xong mặt mk vẫn ra nhiều dầu",NEG
Vải thì ok nhưng mà ngắn quá không dài như trong hình,NEG
"Mới dùng bữa đầu tiên, mở ra mới biết túi bị sứt quai cả 2 bên (gần như còn dính tí tẹo vào giỏ).Nản",NEG
Nhanh chóng mặt.,NEG
Nt ko rep,NEG
Hàng k đc rộng như trong hình,NEG
Chỉ sạc được 42% ip6s,NEG
Vải mỏng tiền nào của nấy thôi,NEG
"Hàng đặt vải tốt, chất lượng như hình, nhưng giao sai mẫu, nhắn tin k phản hồi?",NEG
"Shop làm ăn ko uy tín , giao lộn hàng , tiền thì nhận đủ nhưng hàng thì giao thiếu , liên lạc với shop ko 1 lời xin lỗi , ko chịu giải quyết , làm ăn như vậy chẳng khác nào là cướp của khách hàng , ko ngờ s.bee lại có những cửa hàng như vậy",NEG
bọc thì mỏng quá mỏng,NEG
"Tuy nhiên tiền nào của đo thôi, rẻ mà",NEG
Áo mới giặt 1 lần đã bị trầy ra ntnay 😞😞😞,NEG
"máy chạy ồn, hiệu quả không tốt",NEG
Chất lượng sản phẩm rất kém,NEG
Mà vải cũng y như vậy nè,NEG
"Chất lượng sản phẩm tạm được, phù hợp với giá bán",NEG
쓰레기,NEG
Gửi nhầm mầu nhắn cho shop shop k trả lời,NEG
Vải xấu quá nhưng tiền nào của nấy,NEG
"Quần rất cúng, bé mặc lằn hết đùi",NEG
Phom xấu,NEG
"Thời gian giao hàng nhanh, sản phẩm giống hình 90%, có phần vai hơi khác, phù hợp với giá 229k hơn là 450k",NEG
"Có điều màu hồng ko giống trong ảnh, hồng hơn nhìn hơi sến 1 tí. 😂😂",NEG
Chất lượng tạm,NEG
Tay quá sức ngắn,NEG
"Nên e mua, nhưng em mua thì thất vọng quá",NEG
"Bao bì cũng cũ, dơ, ko được bóng láng",NEG
áo e mặc bị ngắn huhu nhưng sơ vin vào thì nhìn cx dc vải hơi thô ko dc mềm với giá tiền thì e thấy khá đắt:((,NEG
Rep tn 3ngày :)))))),NEG
Cái váy khá chật :>>,NEG
Gửi lộn màu cho ngta rồi quần màu đỏ ớt mà giao áo màu đỏ đô là Sao,NEG
Buồn thế ý,NEG
"Hàng không như mô tả, thái độ Shop kém",NEG
Làm ăn như cứt.!,NEG
Nhưg áo khoát của bn giao cho mih bị dính cái gì đó,NEG
Chất phi bóng nóng,NEG
Giá cả chấp nhận được,NEG
Chữ in nhỏ,NEG
Áo bị dính dầu máy mà shop cũng gửi đi,NEG
Keo hơi tràn tý,NEG
Hơi ít ảnh vi trg 1 xấp ảnh bts,NEG
Inbox shop ko trả lời,NEG
Bii rách chỗ gần nách,NEG
"Form quần lớn nên nếu ban nào đặt chu y dịch lùi size , minh 47kg mang size M rộng",NEG
Giao sai đia chỉ.cần cẩn trọng hơn,NEG
"So với giá thì ổn nhưng đường may xấu, chỉ lòi ra ngoài",NEG
Form áo k được đẹp,NEG
Gọi điện nói giao hàng đợi quài ko thấy rồi ghi lên đơn đặt hàng nói là gọi ko bắc máy mà mình có bắc máy mà đợi giao hàng muốn xỉu Thời gian giao hàng rất chậm,NEG
S có tật giật mìh z shop lời nói hàh độg có 1 sự trái ngc nhẹ ai chặn ai ta,NEG
Mong shop lần sau gói hàng kiểm tra kỹ trước khi gói,NEG
Ban hog ban thi noi cho ta biet,NEG
Quần vậy mà mỏng thế mặc sao ta,NEG
Hàng giao hơi chậm,NEG
Mùi giống mùi sơn..,NEG
Đóng gói sản phẩm rất kém,NEG
Vải chưa mặc mà đã xù....haizzzz,NEG
"Làm ăn ko uy tính,giao thiéu hàng nhắn tin định mua thêm kêu trừ tièn mon đồ giao thiéu lại nhung đợi 4 ngay ko thấy trả loi tin...hiẻu luon",NEG
May vớt vội cái áo trắng chứ ko hỏng luôn áo,NEG
Bán hàng kiểu qua cầu rút váng,NEG
"Cực kì tệ, giao sai size L mà giao XL, lộn logo mặc dù chat kĩ càng rồi, mọi người không nên mua, shop làm ăn rất tệ Chất lượng sản phẩm rất kém, đổi trả thì lại mất tiền gửi nên mình k cần",NEG
Mình chủ đông xin đổi hang và chịu phí ship thì dc tl n,NEG
Chất lượng sản phẩm rất kém,NEG
Hàng co gian ít ko đc như y Đóng gói sản phẩm rất đẹp và chắc chắn,NEG
Đúng là thứ shop âm trì địa ngục ăn ở thất đức..ăn cho cô vô con cháu mày gánh hậy quả,NEG
Nhắn tin k thấy trả lời,NEG
Giá sale rồi mua thì đc chứ nếu để mua nguyên giá thì quá là phí tiền,NEG
Chất lượng sản phẩm kém. 😡😡😡,NEG
vải hơi cứng,NEG
😞,NEG
"Giao không đúng size, chat không trả lời",NEG
"Nhìn ba cái áo lỡ mua k đổi được, chật k mặc đuợc mà lòng buồn mênh mang",NEG
Mất tiền oan,NEG
"Loại bỉm này thấm hút không tốt, dễ bị tràn bỉm",NEG
"Riêng nivea cho nữ ko có hộp còn bị quấn 1 băng keo xung quanh miệng nhìn mất thẩm mỹ, sx t2/2018",NEG
"Vải mỏng , chật",NEG
Hơi mất thời gian của khách hàng,NEG
Làm ăn như lol . nt đell tl moi ng xem xét tr khi mua,NEG
"cổng tai nghe 3.5 đằng trc cắm k nhận , mặc dù đã cắm đúng dây vô main",NEG
Âm thanh rất dở,NEG
Dây bảng qá to móc cài khổng lồ luôn ko như hình,NEG
Chất lượng sản phẩm rất kém Shop làm ăn ko uy tín gửi hàng ko đúng hình,NEG
Màu k đc trắng tinh như trong ảnh mà hơi vàng vàng ý,NEG
Màu áo không giống hình size quá to,NEG
Đặt mua 4 lót gót để dán chống rộp gót cổ chân thì gửi 4 lót đế bàn chân,NEG
Sp rất xấu,NEG
Nhưng hàng lại chất nỉ bông viền nâu,NEG
Khg nên mua,NEG
Áo chật so vs tưởng tượng Chất lượng sản phẩm tạm được,NEG
IOS ko sẵn app như với android,NEG
"giày thì face rồi không biết loại mấy ở clip còn có tem mác , với giá này mn có thểm tham khảo thêm có nhiều shop bán tầm 280k thôi",NEG
Chỉ có AL15 loại kéo khóa cỡ M mà rất chật,NEG
Áo bị lỗi mong shop kiểm tra lại kĩ hơn,NEG
san pham chua dung nen chua danh gia,NEG
"Đã nhắc nhở kĩ càng mà vẫn giao thiếu 2 món mình cần nhất, tuy rằng shop hoàn tiền nhưng giờ mình phải đi mua lại và chịu ship 1 lần nữa có bực ko, đặt 13 món thiếu hết 3 món",NEG
Giao hàng chậm,NEG
Áo nhỏ màu lợt hơn trong hình,NEG
Đóng gói hơi xấu,NEG
Shop gửi thiếu hàng,NEG
Một số chỗ bị xước..,NEG
"Làm ăn thiếu trách nhiệm, giao thiêud hàng, sai màu, đã yêu cầu đổi màu + giao hàng thiếu, có thưa gửi đàng hoàng mà shop rep lại như con kẹc, đến giờ t đếch phải tôn trọng mấy đứa như m, làm ăn bố láo, t thí luôn cho m đấy. 😏😏😏😏",NEG
Giao hang k dung,NEG
Quần sọc freesz mà quá chật khánh về mà ko mặc vừa luôn ý có 43kg thôi,NEG
Hơn 1 tuần mình ms nhận đc hàng,NEG
Giao lộn màu:(((,NEG
Mà giao hàng lâu quá lâu,NEG
Chất vải mặc nóng,NEG
"Hàng hơi khác hìn,nhưng cũng tạm đk",NEG
Sai mẫu đặt,NEG
Đẹp chuẩn màu nhưng mỗi tội áo lỗi một bên vai to 1 bên nhỏ,NEG
Size M nhưng hơi rộng (mình 57kg),NEG
"Hộp móp méo, bề mặt đàn hơi xước",NEG
mày giống hình nhưng tay hơi xấu. cổ mặc bị quá sát đằng trước còn rộng sau gáy nhiều. dù cố chỉnh cái váy về đằng trước thì chỉ cử động vài cái là lại về như cũ. đằng sau dáng váy xấu,NEG
Mỗi tội form áo hơi dài vs rộng so với mình,NEG
Mua đồ trên mạng nhiều rồi mà lần này là thất vọng nhất,NEG
Rất không hài lòng vs sản phẩm Shop phục vụ tạm được,NEG
Rất không đáng tiền,NEG
Bi loi nh,NEG
"Chất k được mịn, cầm vào thấy như mấy loại quần rẻ tiền ngoài chợ",NEG
"Chất liệu vải xấu, không như hình",NEG
Mình đặt quần ren mà gửi mình quần gân :(,NEG
Tuy nhiên việc lắp ráp sản phẩm hơi khó khăn,NEG
"Chất lượng sản phẩm rất kém.shops phục vụ rất kém,mua rồi rất hối hận,nếu biết trước như vậy mình không mua",NEG
Sản phẩm mỏng và xấu hơn nhiều so với hình ảnh,NEG
Tiền sao hàng vậy,NEG
Nhỏ quá,NEG
"vải xấu, gửi nhầm màu nữa chứ",NEG
Mua lần đầu cũng là lần cuối,NEG
Mùi len hơi nặng đã giặt nhưng vẫn còn nặng mùi,NEG
Sản phẩm ko giống hình chất lượng kém,NEG
Mình chọn đúng size áo mình vẫn mặc nhưng cảm giác vẫn hơi rộng dù đã gài nút trong cùng,NEG
"Có điều 7/10 cái cổ vuông rõ đẹp còn 3 cái cổ bị nông, nhìn giống cổ tròn hơn vuông",NEG
Buôn bán không uy tín,NEG
"Mình đặt xanh đậm, nhận là màu đen",NEG
In dễ bong tróc..,NEG
Thất vọng,NEG
San phẩm chek ma vach khong duoc,NEG
Sản phẩm đóng gói sơ sài...chất lượng hàng không tốt,NEG
Em thất vọng quá k tl tin nhắn sản phẩm xấu,NEG
"Năm ngoái cũng mua 1c quần warm bên shop r,quần chất khác so với năm ngoái cứng hơn shop ạ",NEG
So với giá 400k là đắt,NEG
Khó lắp nắp bình và bình có mùi hoá chất rất khó chịu,NEG
"Mặc không nâng, k ôm, đệm rất rất mỏng",NEG
Ko giao vẫn tính tiền,NEG
Chất lượng sản phẩm tạm ổn nhưng shop làm ăn chán quá,NEG
Ao len vat bau ko nhu anh mau.ngan cun con,NEG
Vải lỗi,NEG
"Áo vừa ngắn vừa bó, nghĩ sao áo vầy gọi là áo cánh dơi",NEG
Chi co mot dau cap sac thoi :((,NEG
"- trong ảnh vàng nhu, lấy về vàng chóe luôn",NEG
Chất lượng sản phẩm rất kém,NEG
Shop có gọi báo đợi đến tối hàng về đủ giao sọc mình chọn,NEG
Thất vọng đồ bị dơ Chất lượng sản phẩm tạm được,NEG
Vải đẹp nhưng size quá bụ,NEG
Khi đặt hàng mjnh đã note là che tên rồi còn nhắn tin cho shop,NEG
Hơi thất vọng nhưng còn giữ vỏ hộp cũ sang qua xài cũng dc,NEG
Áo vải kp gió thất vọng shop,NEG
"Giao sai,ko chịu kiểm hàng trước khi gửi,quần bó",NEG
Shop phục vụ rất kém,NEG
Chất liệu phải lộn xộn không đồng nhất,NEG
"Chất lượng sản phẩm rất kém, giao sai sản phẩm Shop phục vụ rất kém",NEG
Rất xấu,NEG
Siêu ngắn,NEG
Rất tiếc,NEG
"Chất lượng sản phẩm tạm đươc. dung la tien nao cua day duong chỉ xấu,bi lỗi vua mac ra rach rui",NEG
Không chắc có phải hàng mới không nữa,NEG
Hang gi dau ma quan lot rach ben trong het mieng tham sua thi chat xai 1 lan roi duc chu giat lai gi dc Rất không đáng tiền,NEG
"Shop phục vụ rất kém, Chất lượng sản phẩm rất kém",NEG
Rất đẹp rất ưng ý,NEG
#BUỒN(.)❤️,NEG
Chất lượng sản phẩm không như shop giới thiệu,NEG
Sau váy bị hếch,NEG
Ko co dãn lắm,NEG
"Hàng kém chất lượng, ko chấp nhận đuọc",NEG
Chịu,NEG
Quần màu đen nhưng có rất nhiều đốm vàng nhìn ko đc đẹp mắt,NEG
"Phản hồi mình trả hàng đi, ko đổi ko ship j cả",NEG
Mũ hơi to,NEG
Áo không giống hình ( cân nhắc kĩ trước khi mua ),NEG
Shop quyên kẹp của mình về ko làm nào mở được mà ăn,NEG
Giao hang khong dung mau ...,NEG
Áo ngắn cũn như áo trẻ con,NEG
Cạch,NEG
"chất như vải màn, váy bị rách",NEG
Vải mỏng quá,NEG
Hàng này chất vải k được tốt giặt đã phai ra rồi cái màu cam đất k được đẹp,NEG
"Sản phẩm ko như mong đợi,kém..",NEG
Khá thất vọng,NEG
Áo kiểu ko giống hình chút nào quá ngắn,NEG
Giao thiếu cho mình 3 món hàng,NEG
"Thời gian giao hàng nhanh,Ym không thơm lắm,không có hạn sử dụng",NEG
Quá mỏng không giống hình,NEG
Lừa ngta,NEG
Chất lượng sản phẩm rất kém Đóng gói sản phẩm rất kém rat khong dang tien shop lua dao,NEG
Giao hàng lâu,NEG
Chưa dùng dây đai rụng lả tả có 3 rụng 1,NEG
"Chất lượng sản phẩm rất kém ,áo đen giao bị rách 1 lỗ",NEG
Nhưng ko thấm như quảng cáo kiểu tấm tranh hơn là thảm,NEG
Bị bung chỉ nhiều,NEG
Shop nói chỉ còn màu hồng mà giao hàng màu xanh,NEG
Buồn,NEG
Shop giao nhầm size :((,NEG
Chất áo ko đẹp lắm,NEG
"Mình đặt 2c,1c túi quần thiếu vải nên rách 1 bên (phía trong túi)",NEG
"Chất lượng sản phẩm tạm được, giặt xù lông ra rất nhiều :(( Lại phải giặt riêng một chậu, ko biết lần giặt sau có đỡ ko nưa",NEG
Hơi dày,NEG
Vải xấu mỏng ko đẹp cho lắm,NEG
Tiền nào của đó,NEG
Không bao giờ mua shop này nữa,NEG
Hàng k i hình,NEG
Vải bi đổ long,NEG
Mong lần sau k bị hớ nữa,NEG
K như hình quá xấu,NEG
Vui lỏng cho đổi pin,NEG
Mẫu này k thích,NEG
Bùn shop thật haizz,NEG
Không có chữ,NEG
Ko được nhiều kim tuyến như m nghĩ,NEG
Vải ko tốt,NEG
Thời gian giao hàng chậm quá,NEG
Mình mặc quả là thảm hoạ 😭😭,NEG
Tã rất nhanh đầy,NEG
"shop ban hang cu, da qua su dung. hang ko co tem ko co nguon goc ro rang, ko dung voi mo ta nhung ko chiu doi tra hang cho khach moi khieu nai cua khach deu bi huy bo. khach mua 10 cai nhung ko co cai nao co tem va cai nao cung bi nhau nhet het",NEG
Hang k giống trong hình chất liệu cực chán,NEG
Hoa lại k giống hình Rất không đáng tiền Thời gian giao hàng rất chậm Chất lượng sản phẩm rất kém,NEG
Áo bị rách :(,NEG
Mỗi cái e mặc hơi rộng kích,NEG
Lần sau shop kiểm tra kĩ hàng giúp mình nhé,NEG
Sau đó ko rep mình nx ạ,NEG
Chất lượng sản phẩm rất kém,NEG
Áo mặc không ôm ngực,NEG
mình tưởng trắng tinh mà ở ngoài màu đục quá hơi kì,NEG
Tui hok hài lòng về áo đen nó bị lổ lông còn còn áo gì đâu mà rõng nửa cả 2cái,NEG
K đẹp như mong đợi,NEG
"Chất lượng sản phẩm kém, chi tiết đế bị rỗ nhiềuL",NEG
Mỗi tội mới nhân nên hơi nhăn ạ,NEG
Hơi nóng khi mặc,NEG
Màu lai áo hơi nhạt,NEG
Sản phẩm k như hình vải xấu hơn trong hình,NEG
Bảng này bán đắt hơn ở shop khác,NEG
"Bị mất niềm tin vào mua hàng qua mạng, biết là mua hàng giá sale sẽ không đẹp bằng giá thường, nhưng không nghĩ sản phẩm lại tồi đến nt, chọn một màu gửi một màu, shop cũng k nói là có Size, gửi toàn size bé tẹo như của trẻ con, k vừa cái nào, quá tồi",NEG
M đã giặt áo và thấy áo bị nhão vậy,NEG
Áo khác với hình,NEG
"So với chai simply 1L đang dùng thì đậm hơn, ko biết hàng thật ko nữa",NEG
Chất tạm được phom nhỏ,NEG
"Đặt hàng giao cho ai đâu ko, tui chưa hề nhận được mà báo đã thu tiền ngày 17/8 vậy cuối cùng là giao cho ai",NEG
Wa tệ,NEG
"Đằng trước thấm nước nhẹ, dễ bị phai màu khi cát chà vào",NEG
"Ko giống hình, vải cứng",NEG
"Áo đẹp, chất áo hơi cứng nhưng cũng đẹp, mỗi tội dễ bị nhăn mà bị nhăn thì khó mà hết nhăn được",NEG
Hình in ko dc sắc nét lắmp,NEG
"Kết nối Bluetooth có vẻ không ổn định dù khoảng cách rất gần, đặc biệt là khi cầm trên tay",NEG
Tồi tệ bóng đèn bị vỡ báo cửa hàng đổi cho vận chuyển gọi hotline thì báo lỗi hệ thống,NEG
Chất liệu khác hoàn toàn so với hình,NEG
"Áo k dày như hình,k giống hình lắm",NEG
Đường chỉ may không chắc,NEG
Áo size L mặc ổn nhưng trên nón lại có chữ trong khi áo XL lại không có chữ,NEG
Nhưng dây giày bên phải có đoạn bị lẹm mất 1/3,NEG
Shop giao áo bị lỗi....,NEG
Mong lần sau shop sẽ uy tín hơn,NEG
Thường khi mua đôi này size 39 vừa y với chân luôn.. nhưng hôm nay size giày 39 mà như size 40.. quá rộng luôn... bạn nào muốn mua giày nhớ hỏi shop chiều dài của giày nha,NEG
Giao không đúng màu,NEG
Màu xấu nhất Thời gian giao hàng hơi trễ,NEG
Shop giao nhầm màu cho mình,NEG
Mơi mua vê chưa kiêp măt nưa .day kéo hư rôi ..,NEG
Áo quá nhỏ luôn,NEG
Ưng chỉ tiếc quần chun ko có cúc thay đổi cỡ,NEG
"Đặt 2 mẫu, mẫu này thì bị rách, mẫu kia thì giao sai màu",NEG
Chất lượng sản phẩm rất kém,NEG
Áo cho trẻ em mặc thì vừa,NEG
Áo màu xanh em đặt có mũ lại giao k có mũ :(,NEG
Chất lượng quần thì mỏng nhanh dão,NEG
Rất đáng tiếc,NEG
Chỉ thừa hơi nhiều,NEG
Chất lượng sản phẩm kém k giống hình,NEG
Chất lượng sản phẩm rất kém Ko hai long,NEG
"Đóng gói sản phẩm kém, túi hạt chia 1kg bị thủng lỗ",NEG
"Chất lượng kính ko dc tốt lắm , bám vây tay và khá rít",NEG
Sp kém chất lượng,NEG
"Quần mỏng dính, chất tạm được",NEG
"Thời gian giao hàng hơi lâu, đôi khi gây ra sự ức chế",NEG
"Tiep do phuc vu khong nhiet tinh, doi 30 phut moi co banh ma con den truoc cac khach kia nhung ho lai duoc phuc vu truoc",NEG
Áo chưa xài nhưng thấy k ưng ý,NEG
Thiếu 2c vẫn chưa trả nha shop,NEG
Túi hơi nhỏ so với mong đợi,NEG
Chất lượng sản phẩm rất kém,NEG
Ko vua ý lắm,NEG
Quần chỉ k dc chắc chắn,NEG
Áo hàng nhái khong như hình ship hàng hơn gần nửa thag mới nhận dk,NEG
Quần áo xước vải nhiều chỗ,NEG
"Tuy nhiên,cổ của tất cao hơn so với hình chụp nên khi đi cùng giầy bị xấu",NEG
Màu ngoài xấu,NEG
"Kiểu và màu áo xinh, tuy nhiên vải áo ko đẹp",NEG
Shop phục vụ rất tốt,NEG
Quả ko đẹp Chất lượng sản phẩm tạm được,NEG
Giao sai màu nt Shop kh trả lời luôn,NEG
"Shop phục vụ rất kém , mình mua 2 cái, gửi chỉ 1 cái thôi, nhắn tin hỏi thì shop nói sẽ đền cho mình vậy mà hơn một tuần rồi ko thấy, mình nhắn tin hỏi lại shop ko trả lời luôn :) mặc dù mình thấy shop đang trực tuyến , hơn 1 ngày rồi cũng ko thấy trả lời gì hết :)) quá tệ",NEG
"Áo đặt nơi giao hàng ngã, thất vọng về shop quá, huy vọng shop lần sau rút kinh nghiệm cho ~ khách hàng khác, kiểm tra thông tin trc khi gửi hàng",NEG
Nhưng giao hơi lâu,NEG
Chất liệu vải ko đẹp lắm đường may thì lỏng lẻo quá chất lượng so với giá tiền thì ko hợp lý rất thất vọng về shop,NEG
Nhưng cách phục vụ hỗ trợ của người bán quá kém,NEG
"Quá rộng, như cái mền ấy",NEG
Áo chất hơi thô mỏng k mịn,NEG
"Chất lượng sản phẩm kém, khong như hình",NEG
Cho vào giặt lấy ra vẫn sạch tinh,NEG
Giao 2 dài mà khác loại. 1 loại tạm đc 1 loại quá tệ,NEG
"sp rẻ nên lỏng lẻo, đi ko chắc chân, tiền nào của nấy,",NEG
Cái đen lại cho chun màu trắng??,NEG
"ngày đầu về mang nút ngoài cùng không được phải nhờ người kéo giùm, đeo xong đau hết tay",NEG
Như màu cháo lòng chứ ko phải trắng,NEG
Quần quá xấu chất thì quá xấu luôn ko bgio mua tiếp của shop này nữa Chất lượng sản phẩm rất kém Rất không đáng tiền,NEG
"Shop giao nhầm màu cho e r, e đặt màu trắng mà lại giao màu đen",NEG
Áo ngắn mỏng vãi nóng thô ko giống trong hình lắm mình 48kg mà mặc vào thấy áo ngắn ko như hình,NEG
Rất không đáng tiền,NEG
Phục vụ như l** địt con mẹ khách nhắn thin thì sủa đi ít câu,NEG
Áo k đúng vs màu mình đã chọn,NEG
"Khách hàng mua về mặc không vừa, đề nghị shop đổi size, nhưng shop im lặng không phản hồi",NEG
Màu xanh bên ngoài ko tươi như hình,NEG
Kh đẹp,NEG
Mua combo 10 cái mà giao có 9 cái,NEG
Đèn chỉ gắn dc 12v.độ sáng tạm dc.k rọi xa nhu quảng cáo.đèn gắn vào thì chớp tắt liên tục.k phải sáng luôn Chất lượng sản phẩm tạm được Thời gian giao hàng tạm được,NEG
"San pham chi dk 30fan tram nhu hinh, k ung y, mua xong danh cho luon ,k mac Chất lượng sản phẩm rất kém",NEG
Sai mẫu áo,NEG
Mình bóp lại xíu nữa là ok,NEG
là con gái nhưng shop ko chọn hình đc. nên nhận đc toàn hình đen xì. ko có chút màu nào,NEG
áo chật so với số kí shop bảo,NEG
Đặt khăn 60x1m2 thì shop lại giao khăn 45x1m,NEG
"Shop phục vụ kém, sim đã được kích hoạt trước nửa tháng, tuy nhiên không nói gì với khách hàng",NEG
Tay Áo k dài như hình,NEG
Chữ in tệ lắm nha,NEG
màu dam hơn hình,NEG
hàng k giống hình lắm,NEG
Shop phục vụ cực kì kém,NEG
Shop giao nhầm hàng cho mình nhưng sau đó đã rep nhận lỗi,NEG
K bao giờ quay lại!,NEG
Áo bị bẩn phía sau vai :((((,NEG
Nhưng gửi hàng max lâu,NEG
Len dày dặn giống ảnh nhưng chất len hơi dão,NEG
"From áo lên rất xấu , vải không đẹp bỏ ra 250k mua bằng giá tiền đi shop mà nhận về hàng rất dỡ",NEG
Hoi thật vọng,NEG
Chán,NEG
"Chất liệu k tốt, size, form nhỏ, co giãn k tốt, mặc thử đã bục chỉ luôn rồiiiiii",NEG
"Vải rất mỏng, đường may xấu",NEG
Sp bị bẩn,NEG
Đặt hàng hết hàng shop không báo 1 cấu trước để khách chọn kiểu khác,NEG
Hàng gớm . quần mua mới về thấy rách 1 đường,NEG
Cái thứ nhẩt hàng giao không đúng ngày,NEG
"Áo đẹp, thun tốt",NEG
Loa trong nghe nhỏ quá,NEG
Nhưng 1 bên túi quần bị may lại liền quần luôn,NEG
"Hơi thất vọng vì box ko phải box vans, giày đẹp",NEG
Thất vọng ghê,NEG
Đóng gói không chắc chắn,NEG
"Cổ áo khác màu với mẫu, bộ hơi cộc",NEG
"Order màu sữa thì shop ship sang màu xám,cả quần baggy lẫn yếm đều từ màu sữa nhưng hàng nhận được la xám (đừng nói là lầm cả 2 :)) okey đồ rẻ mình ko đòi hỏi nhiều nhưng đừng cẩu thả tới mức ko vắt sổ,mặc yếm mà dây yêm vải tưa tùm lum thấy ghê",NEG
Nhin cuq duoc nhuq hk ung lam,NEG
"Chất lượng sản phẩm rất kém, hàng về lâu, áo bị thâm kim và có vệt mực vài chỗ",NEG
"Quảng cáo chai 1 lít, giá 105k",NEG
K hài lòng lắm bột k dc thơm,NEG
"Hàng không giống hình , mẫu mặc 1 kiểu hàng giao 1 kiểu trời ơi",NEG
Giao k đúng màu,NEG
shop ban hang dieu,NEG
Thất vọng,NEG
Bé lớp 1 đắp còn sợ quay ngang hở lưng,NEG
"Mình cao 1m66 nặng 55kg, được shop tư vấn là vừa, nhưng thực tế là bị ngắn cả áo lẫn quần 😅😅 Bạn nào thấp hơn mặc sẽ đẹp hơn",NEG
hang nhan nheo ko doi hang cho khach. hang ko co tem,NEG
Vải hơi mỏng mk 44kg mặc size s còn rộng,NEG
Sz 2 bộ xanh và hồng ko giống nhau,NEG
Quá thất vọng,NEG
Cơ mà sau 1 hôm kiến bỏ đi hết,NEG
Quần hơi ngắn mặc dù mình đã chọn size XL,NEG
:)) Mua hàng thì gửi 1 kiểu :)) size thì 41 mà gửi 43 :)) full box thì converse thì gửi vans :)) làm ăn vậy k sợ thất đức :)) nhắn tin thì k rep :)),NEG
"Sản phẩm k giống hình lắm, mặc 2 lần dạn hết đường chỉ",NEG
Không giống mẫu cho lắm,NEG
Chất lượng sản phẩm tạm được Vải xấu qúa k thấm mồ hôi,NEG
Áo quá bé và ngắn so với hình ảnh,NEG
"Cổ áo bị rách shop nên ktra kĩ trc khi giao, mình 40kg cao 1,55m mà mặc hơi chật",NEG
Lấy 12c mà giờ k dám giao cho khách,NEG
Chất lượng sản phẩm tạm được vải hơi nóng,NEG
K giong hinh,NEG
Nên sửa lại cách phục vụ,NEG
Vừa mặc đc 1 2 tiếng đã bị xù lông,NEG
Shop làm ăn không được,NEG
Quá rông,NEG
Lần trước tưởng shop nhầm nên thôi,NEG
Tôi k hề nhận được sản phẩm này,NEG
"Gửi hàng nhầm, đã liên hệ với shop",NEG
M55 65kg mặc ôm . ko đc thoải mái . hơi buồn,NEG
"chất liệu xấu, k giống mẫu",NEG
Bán sản phẩm mà không biết check bảo hành,NEG
Shop giải thích tại hàng là hàng trưng bày,NEG
Làm ăn như shit ý,NEG
Ống quần xấu,NEG
Chưa dùng nhiều nghe liên tục 30 phút thì bình thường,NEG
Mình 50kg ko mạc vừa,NEG
Trc’ đấy mình đã mua hàng bằng rất nhiều nick nhưng giờ sẽ k mua nữa,NEG
"Mình chọn màu da, shop giao màu đen",NEG
Mn lưu ý khi mua hàng của shop này,NEG
"Banh bị xì , bơm mãi ko căng",NEG
42kg mặc chật trong khi drom 55 kg🙂,NEG
Có tiền thì khuyên các bạn nên mua hãng khác,NEG
Chất lượng sản phẩm tuyệt vời.. mềm mịn.,NEG
"Sản phẩm bằng nhựa, ko phải inox, không lắp vào vòi được",NEG
Áo nhận được khá dơ và có mùi hôi,NEG
Chất lượng sản phẩm kém,NEG
Sản phẩm k đc tốt..,NEG
Éo ra j,NEG
Yêu cầu shop đồi hàng mà ko thấy đổi,NEG
Mua do hong ra mau giong tim sen v,NEG
Quần bị chật ống,NEG
Áo xấu vải kém chất lượng,NEG
hic,NEG
Mặc k thoải mái,NEG
"Chất k phải lụa , cũng m phải phi lụa",NEG
Mình phải đổi lại,NEG
Shop phục vụ rất tốt Chất lượng sản phẩm tuyệt vời Rất đáng tiền,NEG
Thời gian giao hàng rất nhanh .dong goi chua ky nen do ra ngoai,NEG
Vì dép bé,NEG
Ko ưng y lam,NEG
Nhưng giáo hàng hơi lâu hic,NEG
Áo giống hình,NEG
Có dấu hiệu pin đã qua sữ dụng !!,NEG
"Quần túi bóng bình thường, k phải túi zip loại 1, vừa kéo lên đã nghe tiếng nick chỉ Hic",NEG
Sản phẩm Không như mong đợi,NEG
Quần bị dính cao su,NEG
Áo rách,NEG
Mùi hơi thơm quá,NEG
Mình béo nên mặc váy hơi bị xòe nên xấu quá,NEG
Ko nên mua,NEG
Chữ black hơi to không giống ảnh lắm,NEG
"Huhu,",NEG
Thấy hoang phí quá,NEG
Ống tay k giống kiểu như trong hình,NEG
"Áo này chỉ mặc được mùa thu, mùa xuân, mùa đông",NEG
Chưa mặc đã rách hazzzz,NEG
"Mua 3 chiếc thì 2 chiếc không hề có nhãn mác cả trên bao bì lẫn mác trên khăn, nhắn tin thì shop bảo gửi hàng hoàn tiền, nhưng mình muốn là shop đổi hàng thì không rep luôn",NEG
Chất lượng sản phẩm rất kém,NEG
Sản xuất tháng 12-2017 .bây giờ t10-2018 .mùi nghe hắc lắm. :)))))),NEG
Tiếc phần đế chưa đc gia công tốt,NEG
"Chất nóng, mỏng Chất lượng sản phẩm kém Chất lượng sản phẩm kém Chất lượng sản phẩm kém",NEG
Đồ không như mong đợi,NEG
rộng so vs người 45kg,NEG
Mỗi tội áo bị chật,NEG
Túi zip bị hư nên k kéo bao lại đc :(,NEG
Chất lượng quá tệ,NEG
Ống quan may bên to bên nhỏ,NEG
shop gửi nhầm size cho m. đặt size s thì gửi size m,NEG
Không nên mua,NEG
Chất k co giãn,NEG
Thời gian giao hàng lâu,NEG
"Giao thiếu hàng, rõ ràng bộ sản phẩm nhưng chỉ giao mỗi xịt khoáng",NEG
Ví mỏng hơn mình nghĩ và phía bên trong có vẻ cũ,NEG
Đặt size M đưa L hết size k báo tự ý giao cái ao nhỏ xíu,NEG
Treo đầu dê bán thịt chó,NEG
Chất lượng sản phẩm tạm được đặt size M giao size L đm shop,NEG
"Giao thiếu hàng cho khách, nhắn tin cả tuần không trả lời",NEG
"Váy không đẹp như trong hình , sản phẩm không giống hình",NEG
Chất vải khác với ảnh,NEG
Xấu ngoài sự tưởng tượng!!!!,NEG
"Shop phục vụ rất tốt, sản phẩm ko giống hình nhé",NEG
Cổ áo quá rộng,NEG
"Áo chất đẹp, rộng rãi thoải mái, không dễ nhăn, 1 sao vì giao hàng chậm",NEG
Dép thì cũng ok mà shop giao thiếu giao những cái mik hk đặt nữa chứ,NEG
Đóng gói sản phẩm rất kém Túi bên ngoài thì bị rách hết,NEG
Ko ưng ý lắm ko được đẹp,NEG
"Chất lượng sản phẩm rất kém, áo cũ như đã qua sử dụng",NEG
"Vải pha nhiều nilon, mặc cứng và bí",NEG
Xin ban hang hay co tam 1 xiu,NEG
Áo ngắn,NEG
Ship thiếu 1 gói :( vẫn phải trả tiền 2 gói,NEG
Hóa ra là dài tay,NEG
vai ao giong 100 k 3 cai . cho troi hay ban . vai giong lau lon qua di . mau ko giong . ngat luong . do that duc . dam gat ca ba ngoai ha con,NEG
Áo hơi ngắn so với mình,NEG
Shop phục vụ kém,NEG
"Quá ngắn, ko giống hìn",NEG
"Áo bình thường, kg hút mô hôi, mặc nực muốn chết",NEG
Khuyên anh em chân thành.. đừng bao jo mua hàng trên shoppe nữa,NEG
"Box nát :v giày nhiều chỗ bị thừa keo, bung chỉ nhưng với giá mềm như vậy thì cũng hợp lí rồi",NEG
Chốt đặt đơn xong gửi 2 cái đen liền,NEG
Sai màu,NEG
Giao thiếu đồ,NEG
Shop tư vấn nhiệt tình tuy nhiên đặt 1 mẫu giao 1 mẫu,NEG
Vay ko giong hinh giay keo bi dung kho keo ban lung ko om lung Chất lượng sản phẩm kém,NEG
Sp làm cứng lên thì ok,NEG
Q Chất lượng sản phẩm rất kém,NEG
"Áo bị ố, cổ tay áo hơi bẩn",NEG
Áo quá rộng ko đẹp lắm,NEG
"Chất lượng sản phẩm kém, vải mỏng , ko có form gì cả, mang vô như vái thùng vây , giao hàng quá chậm",NEG
Giày của mình bị ố vàng nên hơi buồn shop ạ,NEG
"Chất áo mỏng, đường may ko được đẹp, nhất là chỗ cổ áo",NEG
XẤU,NEG
"Phân loại hàng hơi rắc rối, mình k mua được cái muốn mua",NEG
sản phẩm chất lượng kém,NEG
Có cáo giặt bị ra màu,NEG
Không đc cái hộp màu hồng như hình,NEG
"Chiều ngang áo tầm 2 gang tay rưỡi, 1m58, nặng 42kg mặc hơi bị rộng, xém tý là rộng lố",NEG
Áo len tăm 2 dây chất lượng kém,NEG
Áo hơi ngắn,NEG
"Chất lượng chán vì cứng quá, mặc vào rất khó chịu rất ngứa",NEG
Hàng thì ảnh là hàng quảng châu nhưng sp là đồ may lại từ xưởng,NEG
"Shop giao ko đúng sản phẩm, mình báo đổi trực tiếp và phụ phí ship cho nhanh",NEG
Không thể chấp nhận được,NEG
Chất lượng sản phẩm rất kém,NEG
Phần túi không có đồ đóng lại nên k yên tâm để đồ lắm,NEG
"Có chút ko hài lòng vì sp bị bẩn và bung đường chỉ, màu sắc đậm hơn ảnh chụp",NEG
",sau khi chủ shop tư vấn cho khách chọn L.Chốt khách hàng nhận được siz XL😂 Vậy tư vấn để làm gì nhỉ???",NEG
Shop lưu ý size cho chính xác,NEG
Chất lượng tạm được,NEG
tai nghe âm thanh rất kém,NEG
Mình lấy cho khách mà lại ko đúng mẫu,NEG
Giặt xong là 2 bàn tay cũng đen theo luôn,NEG
GUI hang lâu quá.san phẩm thì ok.nhưng k hieu sao xài tam 30p là k nghe mùi nưa.mà nt cho shop thi k thèm tl dù 1cau.can xem lai,NEG
Chất lượng sản phẩm rất kém,NEG
Nhìn lại mẫu bao nhiêu cân,NEG
Có báo làm việc lại nhưnh chưa thấy chốt lại giao bổ sung hay sao cả,NEG
Máy khá to so vs ảnh,NEG
Màu trắng thì nhìn trông cũ :),NEG
"Hàng đẹp, ảnh chụp ảo, hàng thật xấu hơn hình chụp",NEG
Vậy mà giao cho quần size L đc,NEG
Chưa bán đc thì rep chat nhanh lắm bán được rồi nói ko vừa thì im re,NEG
"kính ko vát 2,5D, cạnh rấ sắc, sờ gợn tay, vừa dán đã phải bóc vứt đi",NEG
ban hang ko uy tin,NEG
"Nét chữ không được rõ, sp có mùi hơi kinh",NEG
Nhưng mà shop nói có tặng kèm dây đàn mà mình nhận được không có ạ,NEG
Chất lượng sản phẩm kém size hk đúng như shop nói,NEG
Shop cũng ghi ngoài bao bì là màu xanh,NEG
Ko giống hình ko có bâu quần Vải nhăn,NEG
Tiền nào của nấy,NEG
Shop phục vụ rất kém,NEG
Chất áo kém,NEG
"San pham ko dc nhu y muon , minh ko nghĩ túi lại ko như trong hinh",NEG
Đóng gói khg kỷ,NEG
Rộng thùng thình,NEG
"Giao hàng thiếu , nhưng vẫn tính tiền đủ hàng đã đặt",NEG
Sản phẩm k giống hình,NEG
Màu tối hơn ảnh,NEG
Mỗi tội gần hết hàng nên màu thích nhất cũg k còn nữa hichic,NEG
Chất liệu mỏng và rất mỏng...,NEG
"Vải mỏng chứ k dày, mua màu hồng nhạt rất ngọt lun, đường may hơi sơ xài phải đem ra tiệm sửa lại, nhưng mặc vẫn đẹp --> nên sửa lại chỗ kaki dày nhé",NEG
"Hồng vải mặc ok hơn, màu đen vải thô qá mặc cứng",NEG
K nên mua tẹo nào chuột chạy vào tấm keo rồi lại chạy ra dc,NEG
K đág tiền,NEG
"Shop phục vụ rất tốt, vải cũng mát nhưng cái phần bèo nó quá ôm tay khiến cho rất khí cử động, nói chung là bình thường với cả giao hàng hơi chậm, cảm thấy khá chật",NEG
"Màu quá xấu, màu tươi quá nhìn ghê",NEG
Đường may chỗ quai trên hơn ẩu và lệch,NEG
Chất vải xấu,NEG
Shop làm ăn thiếu uy tín,NEG
Giặt xong nhăn quá,NEG
Nhưng nhìn chung sp êm foam dáng tốt,NEG
giao hang nhanh nhung ao thi chi co e ne 15 tuoi mac chu nguoi lon kg mac suoc qua nho so voi XL mau khac,NEG
Chất bt k dày dễ xù lông sau giặt,NEG
"Shop gửi thiếu hàng lần 1 đặt 10c gửi đc 7c, lần 2 đặt 8 cái gửi có 2 cái, nhắn tin thì chặn tin nhắn🙃 nhuốt hơn 500k cẩn thận Ko nghẹn 😘",NEG
Tiền nào của nấy,NEG
Coi như bố thí cho cân thịt,NEG
Màu sắc ko đẹp như hình,NEG
Could be better,NEG
Chất lượng sản phẩm đúng với giá tiền nhưng mình 48 kg mặc chật,NEG
Hơi thất vọng,NEG
Chất lượng sản phẩm ko Ok cho lắm,NEG
Mua áo một đằng gửi một nẻo,NEG
Chất liệu rất nóng,NEG
"dặn shop gửi tất màu tối rồi nhưng vẫn gửi màu sáng,",NEG
"Shop ko lay giong màu theo yeu cau chat luong sp mỏng ko giong mo ta, lien he voi shop doi hang thi shop ko tra loi.that vọng",NEG
"Hàng méo mó, đóng gói kém",NEG
Nói chung là rất tệ,NEG
Hàng kém chất lượng Đóng gói sản phẩm rất kém,NEG
Chất lượng sản phẩm kém,NEG
Cái lót mu bàn chân khâu lỏng lẻo quá,NEG
Chất vải không đẹp cho lắm nhưng vẫn ổn so với giá,NEG
sp k check dc mã vạch. chắc hàng nhái,NEG
Size hk giống như trong phân loại.đo eo đặt size về rộng quá trời,NEG
K lên gấu quần,NEG
Nhìn hàng quá cũ.k có được mới..giống hình ảnh trên đó mà k hai long cho lam,NEG
Lại mất công đem đi giặt,NEG
Đặt 2 áo thì 1 áo bị lỗi,NEG
Đơn 115k lấy 198k,NEG
Áo màu đen in chữ trắng nhưng chữ xám xám bẩn bẩn,NEG
Shop phục vụ kém mua sơn móng lựa màu gửi đàng hoàng rốt cuộc giao 6 chai chỉ có 1 màu Bây giờ hỏi lại shop tl cái rồi im luôn Chất lượng sản phẩm tạm được,NEG
"Shop gói hàng xấu quá nên hỏng hết dáng túi, bị gập",NEG
Quần ko mặc được,NEG
K đc ưng cho lắm,NEG
Minh nhan dc hang roi,NEG
Lấy hồng nhạt giao hồng đậm,NEG
Bình thường mình mặc size 27 nhưng đặt size 29 về mặc vừa in O.O,NEG
Quá tệ shop ạ,NEG
Bye,NEG
Mà không dài như hình,NEG
Áo hơi lỗi,NEG
Đồng hồ mua về k sử dụg đc,NEG
"vải mỏng xấu , may dây bị lỗi, không giống như hình Rất không đáng tiền",NEG
"Thái độ của shop ko thích , kẹp mua ko kẹp đc chút tóc nào luôn, kem trị sẹo bảo tiếng Nga hết, lấy về 1 nửa tiếng Nga 1 nửa tiếng anh Shop phục vụ rất kém Rất không đáng tiền Chất lượng sản phẩm rất kém",NEG
----->>>>Bó tay,NEG
Như shit ý,NEG
Kiểu áo thực tế nó là như này nha,NEG
Cổ quá rộng,NEG
"Gt dưới 55kg nhưng mình còn chưa đc 53kg mà còn chặt, thật sự k biết xử lý sao vs sp đã mua",NEG
Thời gian giao hàng rất nhanh Chất lượng xấu,NEG
Gửi hàng ko có dây đeo chéo,NEG
2 màu khác nhau v,NEG
Vạt Áo ko bằng nhau,NEG
Áo bị lỗi quá,NEG
Bỏ luôn cái áo,NEG
Nói lấy y hình ng mẫu mặc thì lại đưa màu khác..,NEG
Rất mong nhận được hàng cho con nhưng khi nhận hàng thì cảm thấy thất vọng,NEG
Màu sắc không như hìn,NEG
Màu sắc giống mẫu có điều túi khá nhỏ không gian chứa ít,NEG
"Shop rất bất lịch sự, rõ ràng ghi free size mà bảo sao ko chịu đặt size, hàng bẩn lỗi do shop mà ko thèm nhận, rõ ràng thấy online nhưng ko trả lời, còn đổ thừa do người mua khó chịu",NEG
Mới mạc làn 2 đã sườn rách hết rồi,NEG
Tuy nhiên shop k support dù online thường xuyên,NEG
K khác giẻ lau,NEG
Vải xấu.mỏng và rất cứng,NEG
Trên giầy có dính 1 lớp keo làm mất đẹp,NEG
Áo hơi nhỏ k rộng như hình,NEG
"Vải tệ quá, thô quá trời 😡",NEG
Sz hoi bé,NEG
"Đóng gói sản phẩm rất kém, Shop phục vụ rất kèm, Chất lượng sản phẩm tạm được",NEG
Shop phục vụ rất kém.áo ko đẹp như hình,NEG
Chất lượng sản phẩm kém Đóng gói sản phẩm kém Không đáng tiền,NEG
Khi giao lại giao xl,NEG
Dây dán sơ sài đoạn gập,NEG
Ko ph nơ,NEG
Gửi sai màu,NEG
Áo rất ngắn,NEG
Sản phẩm k tốt,NEG
Giao hang ko dung,NEG
"Book Size 38 thì lại giao 39 , ko mang được",NEG
Mà đế giày của mình màu vàng mà,NEG
Hình 1 kiểu đến lúc nhận hàng 1 kiểu,NEG
Ai có ý định mua ở shop này thì tránh xa ra,NEG
Vài thun rất mỏng ko fai len,NEG
"Đóng gói làm túi bị gấp mất dáng túi, màu tối hơn so với ảnh",NEG
"dáng k đẹp, ống quần cổ chân quá to",NEG
Áo k ôm,NEG
Vải tệ qá 😒😒,NEG
Dây bị đứt,NEG
Đóng gói sản phẩm kém,NEG
Mình 70kg mà mặc rộng thùng thình tí lại tụt,NEG
Đúng là đóng gói hơi sơ sài,NEG
Giờ chẳng mang đc bỏ hết 180k uổng,NEG
Lỡ mua rồi mà chắc k dám dùng cho bé,NEG
Áo ngắn,NEG
Dinh dưỡng cho trẻ ăn dặm mà chua quá,NEG
Ktra kĩ khi mang cho khách,NEG
"Chất vải hơi cứng co giản ít, form hơi nhỏ",NEG
tay áo quá dài,NEG
"Chất lượng rất ""cùi nhầy""",NEG
Áo đc mô tả là form rộng lệch vai nhưng khi mặc lên thì k khác j áo bo đì và vai thì k có tí gì là lệch,NEG
● Điểm trừ: Son không lì như mô tả,NEG
Áo qá nhăn,NEG
Shop sơ suất quá,NEG
Ko đúng ý,NEG
Giao lộn kiểu,NEG
Có 1 vấn đề nhỏ đó là bên giao hàng nhanh họ giao hàng quá chậm. 😁,NEG
Mua hai miếng dán iPhone X mà một miếng bị lỗi,NEG
"Màu áo k được đẹp như hình, tuy 2 lớp nhưg vải cũng k dày lắm, nhìn thấy cả hình bên mặt trong áo",NEG
Mua theo cân nặng nên về không thể mặc đc,NEG
Chạy phập phù hút sặc nước lại hút lại từ đầu,NEG
Vải Áo quá tệ,NEG
Shop phục vụ rất kém Chất lượng sản phẩm rất kém,NEG
Đóg gói kg đạt.giầy bj dơ chùi kg ra,NEG
Áo thi bi loi,NEG
Vải xấu,NEG
Rộng,NEG
Ống tay hơi nhỏ,NEG
Không đáng tiền mua cho lắm,NEG
Hang k đẹp k mjn,NEG
Đóng gói sản phẩm kém Chất lượng sản phẩm tạm được Thời gian giao hàng rất chậm,NEG
Đặt màu cam champagne mà shop giao nhầm màu vàng,NEG
Đặt mua quần nâng mông mà gửi cho quần cạp chéo,NEG
Có điều chữ thái lan mà nhãn mác trung quốc nên đang hoang mang,NEG
Chất vải ko bằng 2 bộ kia chỉ 75 và 65k Chất lượng sản phẩm rất kém,NEG
"Đẹp, ko bị lỗi",NEG
Hàng không đúng size,NEG
Đóng gói sản phẩm kém,NEG
Shop ơi,NEG
K đc đẹp như hình ảnh,NEG
"Hàng in bị lỗi, chất lượng vải ok, không in lỗi thì chất lượng ok, đóng gói sp sơ xài",NEG
"Mỗi ngày giao hàng càng kém chất lượng, không giống hàng mẫu",NEG
Chất lượng sản phẩm rất kém Chất lượng sản phẩm rất kém Chất lượng sản phẩm rất kém,NEG
Đóng gói sản phẩm tạm được Đóng gói sản phẩm sơ xài,NEG
Có vết bẩn ở thân dày,NEG
Áo bị lủng lổ,NEG
Nói chung là hàng quá kém chất lượng,NEG
》Giao hàng nhanh,NEG
Thất vọng lắm áo chật,NEG
Mùi đậm,NEG
Thề méo bao h mua lại cái shop này nữa,NEG
"Giao hàng nhanh, hơi rít mặt, cảm giác chống nắng chưa thật sự tốt",NEG
ÁO MẶC KHÔNG VỪA..,NEG
Shop bớt đi lừa đảo người ta đi,NEG
"Và vài hôm sau mình nhận đc đt kêu xuống nhận hàng nhưng kh phải hàng của shop , mà là hàng của 1 shop tên dâu pet shop - bán đồ cho chó mèo :))))) , rất tiếc là nhà mình kh nuôi chó mèo , và lịch sử đặt hàng của mình chỉ đặt mỗi hàng của shop quần bầu ?",NEG
Size hơi nhỏ hơn bt nên mua s L vẫn bị chật,NEG
"Khá oke, nhưng túi đựng vừa kéo ra thì rách..",NEG
Chất lượng sản phẩm kém,NEG
Mấy viên tẩy rửa thì bao rách rớt tùm lum,NEG
Mỗi tội con hạc ko xuất hiện ở mặt trước như ảnh mẫu nên nhìn ko đẹp lắm :( ko biết có phải do số mình đen vào chiếc ít hạc ko :(,NEG
"Sản phẩm kém chất lượng đường kim mũi chỉ lởm ẩu , phom dáng ko chuẩn siZe",NEG
Ko hài lòng,NEG
Thật sự chưa hài lòng lắm về cách pvu,NEG
"cũng được, chỉ trẳng nổi nên ko thích lắm",NEG
áo tệ quá,NEG
Cũng đc,NEG
Mua bộ đen nhưng gửi cho mình bộ khác,NEG
Không che đc tí khuyết điểm nào :( cũng k mờ đi đc tí gì Không đáng tiền,NEG
Mua 2 món giao nhầm màu 1 món,NEG
"Chất vải xấu tệ Chất lượng sản phẩm rất kém, Rất không đáng tiền",NEG
Shop phục vụ rất kém Thời gian giao hàng rất chậm,NEG
Giao hàng lâu,NEG
"Size không chính xác, áo quá nóng, kiểu thực tế ko đẹp",NEG
2day ao khong giong trong,NEG
Lằng nhằng mất thời gian,NEG
Bị lát hộp nhìn k đẹp mắt,NEG
Hang qua dêu khong giong nhu hình đặt,NEG
Đặt hang ma dao ko đúm,NEG
Áo bị bẩn như kiểu dính mực ở 1 bên ống tay,NEG
"Vô trách nhiệm, rất vô trách nhiệm",NEG
Son hơi khô,NEG
Chất lượg rất tệ mới mặc đã đứt quai size 42 nhưg nhỏ bằg sz 38 áo bt mặc chật,NEG
"Nhìn như rẻ lau cái trắng thì form bé xíu, 2 cái còn lại thì mn thấy r đó như 1 mớ rẻ lay Chất lượng sản phẩm rất kém Chất lượng sản phẩm rất kém Đóng gói sản phẩm rất kém",NEG
Kể ra có size to hơn thì tốt,NEG
Gói hàng đẹp và kĩ,NEG
xau te,NEG
Rộng và dài quá,NEG
"Shop giao hàng 2 áo giống nhau mà một áo thì vừa 1 áo thì nhỏ xíu xìu xiu,rất nhỏ luôn, 2 áo giống mà size áo khác nhau không hiểu sao luôn, ib thì shop kh thèm trả lời",NEG
màu hơi lem 1 chút :((,NEG
Có điều đừng quảng cáo không đúng như vầy,NEG
Ko đúng trọng lượng,NEG
Mặc dù mua về để sửa win nhưng mà còn lỗi bên cạnh là máy bị hư pin rồi nên phải mua pin mới cài được,NEG
Viết rất mờ,NEG
Sp lỗi nhiều mất cúc bấm,NEG
"Hàng bị lỗi dùng không được, shop phản hồi đổi trả để mình sửa lại đánh giá nhé",NEG
"Chất lượng sản phẩm rất kém, đây không phải gối cao su non,gối có mùi rất khó chịu",NEG
Một áo bị lỗi đường may,NEG
đôi đỏ đi hơi bị đâu chân cho lắm với phần đế hơi bị cứng không có mền cho lắm,NEG
Đã nt cho shop nói rõ lấy loại quần dẫm gót rồi mà vẫn gửi loại ca bàn,NEG
***,NEG
"Chất len cứng, ren hơi mỏng",NEG
Ko có hàng mà khi cho hàng vao gio kho vẫn báo con mấy chục chiếc .ko có hàng mà khi nhắn tin hoi cung rap tin nhân chung chung,NEG
Shop phục vụ rất kém,NEG
Tem mác k rõ ràg,NEG
"Màu vàng xẫm, không tươi như trên hình, mặc lên tối da",NEG
Giao size lộn tùng tèo,NEG
"Chất lượng sản phẩm kém, miếng mút bên trong áo móp méo ko tròn quả dù đã cố gắng chỉnh cho vào nếp",NEG
Chất lượng sản phẩm kém😑,NEG
đặt chục cái mà cho nguyên 1 màu sữa đúng màu mình ghét,NEG
"Vải thô, nút áo ko giống trên hình, form áo xấu",NEG
Mới mang 1 ngày mà đứt rồi,NEG
Size ML gì cũng ngắn hết,NEG
Mua 3 sp chỉ nhận được 1,NEG
Vải khó tẩy bẩn :v,NEG
"ao size qua nho,52 kg dat size XL mac van chat o nguc",NEG
"Mua 2 hộp phấn mắt, hộp 07 Kiss mặt phấn mới, hộp 05 Joy jam mặt phấn như đã qua sử dụng",NEG
Thú vui mới là nuôi kiến,NEG
Áo hơi ngắn và nhỏ ko đc như hình,NEG
"Áo k giống hình, giao sai màu",NEG
Vải xấu khủng luôn,NEG
Vs giá này là ok,NEG
Tiền nào của nấy mà ship lâu quá nên trừ 1 sao,NEG
"chat oki, mau k dc den lắm hoi sang xiu",NEG
Vãi thật,NEG
Đường may k cẩn thận có vài lỗi,NEG
Màu khác nhau chất khác nhau theo,NEG
Đặt 2c size L mà giao 1 S 1L :),NEG
"Chất lượng sản phẩm tạm được, nhưng mặn quá",NEG
Sản phẩm thực tế khác mô tả,NEG
Sz S rộng hơn sz M kia shop ah,NEG
shop lừa đảo đó mấy bạn,NEG
Sz M mà mình dưới 50kg vẫn hơi kích nách,NEG
"Đóng hàng thì móp méo, nghĩ sao cái hộp nhựa cứng mà đóng sao nó méo xẹo luôn.!",NEG
Thực sự cảm thấy không hài lòng khi bỏ tiền ra mua 1 sản phẩm k chất lượng,NEG
charm ko đúng trên ảnh. charm shop chọn có cái đẹp cái xấu nhưng nhìn chung khác ảnh,NEG
Mọi người hãy cân nhắc kỹ trước khi mua,NEG
Áo ra lông quá,NEG
Ngẵn cũn cỡn đéo mặc đc nhé,NEG
Dt k dep .xai k dc .mau mau khong dung .ban gja mat .nhan vien noi chuyen thi khong co dj hoc,NEG
Đặt màu này giao màu khác,NEG
"Mua 2 cái cùng cỡ M mà 1 cái bé như XS, 1 cái như L, shop xem lại cách đo size từng mẫu áo thì tốt hơn",NEG
M thắc mắc là ko hề có nhân viên nào giao hàng nào gọi mình delay,NEG
Tệ nhất trong 6 áo mình mua cổ siêu rộng mặc cứ bị lệch lệch,NEG
Đóng gói bị rất lồi cả bỉm ra ngoài,NEG
Ảnh với sản phẩm nhận đc khác nhau hoàn toàn,NEG
Mặt trong ko đc trần như màu nâu,NEG
Chất đẹp 😍,NEG
", đường may k chuẩn làm tuốt hết sợi của áo",NEG
"Hàng đặt một đằng, đưa một kiểu, shop phản hồi kém",NEG
"Flash sale shop nâng giá lên ròi giảm, lừa ngươi mua",NEG
Sản phẩm xấu lắm ko mặc dc s mà rộng phải cho người kg mới vừa,NEG
Mình khuyên các bạn đừng mua áo ở shop này vì Các bn sẽ tốn tiền mua dài dài :) :),NEG
Không đẹp,NEG
Vải áo mỏng,NEG
Ko như mong đợi,NEG
"Quần quá to, 1quần nằm trên cùng bị rách cũng giao",NEG
Hàng bỏ đi chưa mặc đã thủng,NEG
Made in china minh k hai long,NEG
Đóng gói ko cẩn thận,NEG
Lần đầu mua đồ trên shoppe mà gặp trường hợp này!,NEG
Lỗi sản phẩm 01 bộ bị rách vs lại bị thâm kim,NEG
"Chất lượng sản phẩm rất kém , ko có độ co giãn",NEG
Hình ảnh con thỏ thành con gấu,NEG
"Mua lại lần 2, form mặc rất thích..",NEG
Vãi Sấu,NEG
"Chất thun mặc nóng, size nhỏ",NEG
Chất luọng chưa biết sao mà đóng gói kiểu gì mà ướt hết gói hàng,NEG
"Thứ 2, Kết hợp điều trên và trải nghiêm của mình đối vói shop này thì mình khuyên các bạn đừng nên mua",NEG
Ko phát ra tiếng Chất lượng sản phẩm rất kém,NEG
Lo viên xả vải này tôi mua về không thấy thơm,NEG
Đường khâu k đc chắc chắn,NEG
"Shop giao sai mẫu, áo chất xấu, ib thì mãi k chịu tl",NEG
Nên kh vô điện,NEG
áo ngắn quá,NEG
áo i hình .vải hơi mỏng,NEG
"Chất lượng sản phẩm tạm được, khi xả đồ chưa thấy thơm như lời giới thiệu",NEG
Có điều đóng gói sơ xài,NEG
Ống quần 1 bên ngắn 1 bên dài,NEG
"Shop phục vụ rất kém, Thái độ dv kém",NEG
Đặt size 41 thì shop giao 42,NEG
Áo nhỏ hơn áo kia,NEG
Dã man,NEG
Nhận đc hàng hay k cũng k báo,NEG
Hàng giao ko như những gi bán hàng tư vấn,NEG
Ko đáng tiền,NEG
San pham cung dc nhung ma bi do,NEG
Nách bị rộng,NEG
CHẤT LIỆU VẢI LẦN NÀY KHÔNG GIAO GIỐNG NHƯ LẦN TRƯỚC,NEG
Chất co dãn vừa phải mặc tôn dáng dã man,NEG
Áo mỏng vãi hơi chỗ lông,NEG
Shop phục vụ rất kém,NEG
Hic hic ngại chẳng muốn đổi đi đổi lại nữa!,NEG
Bỉm dùng chán :(,NEG
Ko giống màu trong ảnh,NEG
Tệ .....,NEG
Điểm trừ là đường may mũi chỉ như may hàng chợ,NEG
"Dù đã nhắn tin SHop, để lại ghi chú và chọn sản phẩm trên ap , SHop vẫn giao sai màu",NEG
Order size S ship M,NEG
Ảnh áo dài mà gui áo ngắn tay,NEG
Freesize từ S tới L đều bận dc mà mình mặc vô tưởng đầm body ko hà trong khi mình có 47kg :(((,NEG
Nhưng mở ra cũng bể vụn nhìu,NEG
Ý không để shop chờ lâu việc nhân tiền,NEG
Size hơi nhỏ,NEG
Tuy nhiên màu 01 mình k ưng lắm,NEG
"Áo ngắn, cổ hơi chật",NEG
Sp như lồn,NEG
"Chất lượng sản phẩm tạm được, vải dày kg mịn lắm , quá rộng với người 46kg, tốn mớ tiền bóp lại áo... hơi buồn",NEG
Lỗi,NEG
Áo hơi ngắn tay nhưng vẫn đẹp,NEG
Xấu quá shop ơi,NEG
"chất vải nhiều coton,hơi nóng và k đc mềm",NEG
"Mua voucher quang cao la 197k giam con 99k ma thuc te shopee van thu tien nguoi mua la 197k, chat luong The company pizza hoi nao ko can ban cai nhung: hoa don tinh tien tai nha hang the hien phan an co 99k thoi, trong khi shoppee thu cua khach là 197k , yeu cau shopee tra loi cho hop ly ti di",NEG
Chất lượng sản phẩm rất kém,NEG
Cà mã vạch thi k ra,NEG
Vải khá mỏng,NEG
K giống vs ảnh đồ ma,NEG
Hàng sai hình .quần lệch dải dọc hai bên,NEG
Đã quay Video và chụp ảnh nhưng shop không phản hồi,NEG
Duoc 50% là chat luọng còn lại ko dáng tien,NEG
Chỉ may ẩu,NEG
Vãi khá mõng,NEG
"Hang kém chat lượng,",NEG
"Áo quá bé, cổ áo cực bé chui đầu qua khó",NEG
quần đẹp nhưng đường may k chắc chắn lắm. lấy 2 sz giống nhau mà màu đen nhỏ hơn màu xanh,NEG
Quá thật vọng về màu sắc,NEG
Không như hình đăng,NEG
Hơi thất vọng tí,NEG
Chất lượng sản phẩm rất kém Đóng gói sản phẩm rất đẹp và chắc chắn Shop phục vụ rất tốt Rất không đáng tiền Rất không đáng tiền Thời gian giao hàng rất nhanh,NEG
"Len giày quá,mặc thấy rặm,k thoải mái",NEG
Dây nịt ngực trong suốt rách ko dùng đc 1 lần nào,NEG
thái độ phục vụ rất tồi các bán tránh xa shop này ra nhé,NEG
"Form hơi nhỏ so với size, nên mua trừ hao 1 số",NEG
Quá thất vọng,NEG
Áo ngắn quá mô mặc đc ....,NEG
Len nay mặc hơi bị xót và khá mỏng,NEG
Bị giao nhầm hàng quần nhưng quần này cũng OK.chất lieuj vải co dãn.vải dày dặn,NEG
Giấy quá xấu,NEG
"Sau liên hệ, phải tự đến lấy",NEG
Mặc bị co hết lên,NEG
"Hàng không giống ảnh, xấu",NEG
Shop phục vụ rất tốt Nhưng chất vải nóng thật,NEG
Lồng nhỏ,NEG
Chất lượng không tốt,NEG
Hàng kem chất lượng hoan toan không giống hình,NEG
"Hàng kém chất lượng, vải rất mỏng và form quần xấu",NEG
Chất xấu và mỏng,NEG
Hàng xấu hơn so với hình quảng cáo .thất vọng Không đáng tiền,NEG
Áo lúc nhận .khác xa so với ảnh mẫu .logo bé tí .chất áo ko đẹp .nhắn tin cho shop về hàng lúc nhận ko thấy phản hồi lại .thiéu trách nhiệm .tóm lại là ko có lần 2,NEG
Khăn mỏng khg giống hình,NEG
Đã dặn trc shop là kiểm tra truớc khi gửi rồi,NEG
"Giao hàng k đúng với đơn hàng ,nhầm size mà còn làm khó",NEG
Mìh mua giá cao hơn,NEG
đã dặn lấy áo size s m mag lấy toàn s nhỏ chút síu à làm ăn gì kì cục mua lần đầu cũng như lần cuối luôn,NEG
"Mua 2 màu đỏ, đen, nude mà giao có 2 màu đen với đỏ",NEG
Màu vàng bị vàng quá T.T,NEG
De giam mo bung thi ko ăn thua,NEG
Tiết kiệm kiểu này sẽ khó có đơn hàng sau,NEG
Áo bị lỗi mà sao shop lại giao cho khách,NEG
"Mua 2 đôi giày size 38 của shop mà đôi này đi bị chật, đôi còn lại thì rộng hoác, cả 2 đôi đều không dùng được",NEG
K đáng tien,NEG
Shoppe nên coi lại chọn người bán cho c9s kinh nghiệm chút,NEG
Màu k đẹp lắm,NEG
Giao hàng ko đúng,NEG
Hàng thì form bé và ống tay bé,NEG
úi rồi ôi làng nước ơi shop làm ăn cái kiểu gì đây hả,NEG
"Chất lượng sản phẩm rất kém, quảng cáo dày 7mm nhưng chỉ dày cỡ 3mm",NEG
Riêng về giao hàng thì có thái độ cáu gắt với khách,NEG
Nhưng có anh giao hàng gọi em hôm trước mà hôm sao mới giao hàng cho em,NEG
Chất lượng sản phẩm rất kém..đừng ai mua bán gì với cái shop này.,NEG
Chất lượng sản phẩm rất kém,NEG
Nỉ cực mỏng,NEG
Đóng gói kém quá,NEG
Quả k ôm nói chúng k phải loại tốt,NEG
Đề nghị đổi nhà giao hàng,NEG
Đặt xanh blue mà shop giao màu xám,NEG
"Đặt 1 đen, 1 vàng mà giao 2 vàng",NEG
Áo bị rách tay Chất lượng sản phẩm rất kém,NEG
"Đường chỉ may lỗi, đã vậy đai quần rách nhiều, mở ra mang thử thì bung hết chỉ",NEG
"Chất lượng sản phẩm rất kém, hàng bị lỗi, tưa 1 đuờng chỉ từ trên xuống dưới",NEG
800ml mà trong chai chỉ có đk tầm nửa chai,NEG
K hài lòng cho lắm,NEG
"- Làm bánh cho KH mà làm sai loại bánh, vô làm lại thì bánh cháy",NEG
Giao hàg siêu siêu lâu,NEG
Trên hình là áo trễ vai nhưng giao lai k trể vai đc. rất to,NEG
Nhắn tin thì không trả lời,NEG
Váy k giống ảnh,NEG
Vải cổ áo bị dúm,NEG
Thua luôn,NEG
Áo hơi ngắn so vs hình và tưởng tượng,NEG
Chất lượng sản phẩm rất kém Mua một lần sợ luôn vải như vải khăn tang mỏng dính,NEG
Chất lượng sp kém,NEG
"Thực sự là bạn nào phải rất rất gầy mới mặc được đồ của shop :( Mình cao 1m62, nặng 50kg, k hề béo mà mặc chật ních không chui nổi tay qua :((",NEG
"Sản phẩm đúng mô tả, nhưng ko thấy nhãn mác, dây ngang áo nhỏ siết, quả lại to ko ôm ngực, ko mặc được, thất vọng",NEG
Đường may quá xấu,NEG
Túi áo bị rách,NEG
Chất ko đẹp,NEG
Điên quá,NEG
Mà quần k ưng lắm,NEG
Áo đen vải rất cứng và đơ ko mặt đc,NEG
Phải đi may lại đường chỉ,NEG
áo mau xanh mà đường may lộ chỉ màu hồng 1 tay,NEG
Sản phẩm ko giốg hình nhé.giốg video thôi.size hơi nhỏ nêm khó lên chuẩn form lắm,NEG
Mặc dù có chú thíc rõ là mua 2 màu khác nhau 1 xám và 1 đen nhưng lại bị giao nhầm cả 2 đen,NEG
Màu rêu mà lên xấu quá :(,NEG
Khuyên các bạn đừng hàm rẻ mà mua kẻo lại lỡ mua nhầm phải máy kém chất luợng giống mình,NEG
Sao cái ảnh nó là lá mà xanh mà nhận hàng nó là màu vàng z shop nhưng mà Giá cả chấp nhận được nên thôi,NEG
Đặt 2 cái 2 chất khác nhau . 1 cái thì from bé,NEG
1m55 46 kg mà mặc ko vừa hình như tke cho hs tiểu hoc,NEG
"Đường may ko chắc chắn , Gấu của mình mua đc 1 tuần đã bị đứt chỉ rồi shop ạ",NEG
Đm,NEG
"Giao hàng nhanh làm tốt, giày phù hợp với mức giá và khá tốt",NEG
Thiết kế ko bắt mắt,NEG
giao áo lộn màu rồi shop nha..,NEG
Mình 48kg mà mặc quần này bị trật luôn r,NEG
Nhưng ko có tem,NEG
Thất vọng..,NEG
"Không trả lời tin nhắn,mình không hiểu lý do",NEG
Vải đẹp khóa tốt chỉ duy nhất là túi đo đc size L nhưng bên trong gắn tag size M,NEG
Quần Toàn bị xoắn trên bụng lại,NEG
Màu hơi tối hơn so với ảnh sản phẩm,NEG
Mua màu be mà nhận hàng giống màu mỡ gà,NEG
Với lại những áo nào hết shop ko nên để lên đó lúc mua đặt hàng được nhưng shop lại thiếu hàng,NEG
"K thể nào mặc như vậy nếu k đem sửa -> shop đã nhiệt tình đổi nhưng mình từ chối vì mình ở sg, gửi lại mất time",NEG
Áo ko rộng như hình mua màu trắng bị phai màu đỏ ra không mặc đươc,NEG
Áo hơi nhỏ,NEG
Không đáng tiền,NEG
"Gói hàng nhét cả đống giấy bìa. 2 chai nivea for men sx năm 2017 (trên web chính hãng giờ ko còn thấy hàng này), có hộp riêng",NEG
Giao sai màu và trên sp K có size,NEG
"Form đẹp nhưng vải tạm thôi,bên ngoài là 2 mảnh vải thôi chứ không có đường may,mua phải sửa lại,gió bay phất phới như thả diều á",NEG
Bị thiếu 1 giỏ đựng quần áo,NEG
Hàng nhận kg giống như hình mẩu,NEG
Chất lượng vải quá tệ,NEG
"shop ko tư vấn nhiệt tình do mình k bít xài .hỏi mấy ngày rồi onl cũng k trả lời.do đóng gói mỏng manh quá.nên bi vỡ rách,ko thôi mình trả hang roi",NEG
Quần xấu lắm 😂😂😂,NEG
Giao hàng thì rất chậm luôn,NEG
"Hộp đã bị khui... mình mua tặng bạn và ship đến nơi bạn mình làm để nhận được tin nhắn không hài lòng, đó giờ mình chưa bao giờ đánh giá shop nào tệ vậy đâu nhưng shop nên xem lại sản phẩm bên shop",NEG
Màu hơi tối hơn trong ảnh chút thôi,NEG
Chất lượng sản phẩm rất kém Thời gian giao hàng chậm,NEG
Áo bị nhăn mất rồi,NEG
Mình bầu 6 tháng nặng 54 kg nhưng mặc XL vẫn kích ở vùng bụng,NEG
"Đóng gói sản phẩm chắc chắn,áo trg hình màu hồng nhg khi giao thì là màu tím.Hơi thất vọng",NEG
Gửi nhầm màu quần,NEG
Không giống hình mẫu,NEG
Chất xấu,NEG
Dễ mấy kháh lắm,NEG
Quá bực mình,NEG
Đặt maug đen lại gửi màu trắng,NEG
"Mình mua 2 cái cùng lúc thì 2 loại vải khác nhau. 1 cái đúng là voan, mặc mềm mại, còn cái khác thì ko biết vải gì, giặt rồi vẫn cứng",NEG
Bể chảy,NEG
Sản phẩm ko mặc được vải thô xấu,NEG
Với giá này thì rất không đáng tiền,NEG
Shop giao thiếu hàng đặt 8 cái gửi có 2 cái nhắc tin thì chặn luôn tin nhắn🙃,NEG
Màu 4 tối hơn ảnh :(,NEG
Áo đẹp mà giao lau quá,NEG
"Áo k như hình, vải mỏng và xấu",NEG
Có nguyên cọng tóc bên trong túi đựng quần :(,NEG
Không đáng tiền quần size m như là size l chất vải xấu,NEG
Khi mình nhận hàng bao bì bị rách 1 chút ở phần “open” của bịch bỉm,NEG
Màu áo k trắng như hình,NEG
"mua 3kai chỉ đc 1kai đỏ la giông hinh, 2kai trang va xam nhin xấu tệ k măc đc mà k giông hinh nưa 😔",NEG
Ao cung size voi ao gia dinh nhung thuc te nho hon 2cm nen khong mac vua,NEG
Nhưng k giống màu,NEG
Tệ quá,NEG
Gom quần nhỏ hơn bt,NEG
"Áo may kiểu gì, 43kí mà mặc chật nách, chất vải thì được",NEG
Vì đem tặng eg mà hộp k đc bắt mắt,NEG
Chỉ thừa còn nhiều,NEG
"Hàng giao ko đúng size, nhảy size lung tung nhưng vẫn ghim size l, mặc cái rộng cái chật. đồng ý giá áo tương đối rẻ nhưng chất vải rất ko đáng đồng tiền",NEG
Nt k tl,NEG
Sản phẩm bị lỗi nhưng shop không có trách nhiệm đổi,NEG
"Shop giao hàng ko đúng mẫu, chọn màu ghi giao màu hồng, không uy tín",NEG
Màu lên nhợt,NEG
Áo chất thô ráp,NEG
Giao hàng quá chậm,NEG
mỗi tội sản phẩm bị rách và may lỗi thôi,NEG
Thời gian giao hàng chậm Quá,NEG
Nói chung né shop này ra mất uy tín,NEG
Đặt 36 nhưng shop giao 34,NEG
Không biết shop có sẵn hàng hay k nhưng thời gian shop giao hàng cho vdon rất lâu,NEG
Đóng gói quá tệ về tay nhận hàng còn nữa bình hizai,NEG
Sp quá tệ,NEG
"Mà Bánh thì bị bể hơn 1 nửa luôn, cái này chắc do vận chuyển..",NEG
Nhắn tin mong shop hỗ trợ mà shop ko trả lời,NEG
Do tôi nghỉ chỉ có mấy món nên sẽ ko giao thiếu ko quay clip,NEG
Áo hơn ngắn,NEG
Ở ngaoif áo dài và rộng quá chất vải kh đc như ảnh :<,NEG
Dùng giấy lau nhẹ trôi hết sạch luôn,NEG
"Thời gian giao hàng rất chậm,đặt màu trắng lại giao màu xanh bó tay",NEG
Chất lượng sản phẩm rất kém Thời gian giao hàng rất chậm,NEG
"Chất lượng sản phẩm rất kém, mác thì bị bong ra đâu mất rồi",NEG
Vận chuyển hơi lâu,NEG
"Cẩn thận khi đặt hàng ví dụ 10 cây sẽ có vài cây bị hư, thối, gãy, shop sẽ hứa là bù cho orders sau và cứ thế sẽ diễn ra tương tự cho nhưng đơn hàng sau",NEG
Minh nhan hang bi loi ma goi cho shop k nghe may.ban bao gui anh qua zalo nhung k gui đc .qua that vong,NEG
Áo này chưa mặc đã bị rách ra rồi 😥😥,NEG
Chất lượng sản phẩm kém vải from bao xấu,NEG
Điều tối kị nhất là rách,NEG
"Hàng chất lượng có vẻ ổn, nhưng dịch vụ thì không tốt..",NEG
Chất vải xấu,NEG
Hơi rộng shop ơi,NEG
Shop gửi thiếu 1 cái áo dài tay size l ạ,NEG
nói 55 kg đổ xuống mặt vừa. mà đứa nhỏ 30kg chưa mặt vừa nữa. tệ. rất tệ 😤 Thời gian giao hàng rất nhanh Shop phục vụ rất tốt Đóng gói sản phẩm rất đẹp và chắc chắn,NEG
"Sp Check ko ra thông tin, vỏ hộp thì nhàu nát",NEG
Áo rộng 😭😭,NEG
đường sọc chưa đẹp,NEG
Vải ko đẹp,NEG
Thuốc vật quá chịu không nổi,NEG
"Áo quá rộng, ko thấy shop tự van j",NEG
Mua hàng nhiều trên shopee mà chưa từng thấy shop nào gói hàng lại cẩn thận tới mức toát mồ hôi để gỡ được món hàng ra,NEG
Chi la hang nhái thui.moi ng đừng bgio để bị lừa như mh.quần quá xấu k giống hinh,NEG
Đường may lỗi,NEG
"màu trắng không trắng, bị dính mực màu xanh áo xấu, có mùi hôi",NEG
"Chất vải không được đẹp lắm, nóng",NEG
"quần quá dài và mỏng,không giống hình",NEG
"Quần size bé, k nên ghi là free size, ng trên 50kg k mặc vừa",NEG
"Lần sau m sẽ mua tiếp, hy vong lần sau shop giao đúng màu đúng mẫu nhé",NEG
Muốn đổi trả phải chịu phí 2 đầu,NEG
Mà vải này rách thì chịu ko may lại đc,NEG
Áo ko giống mẫu và dính màu,NEG
"Vải hơi mỏng, mới mặc đã rách, thiet là mất mặt",NEG
Chất ko đẹp cho lắm,NEG
"Vải mỏng như quần sịp, bị bẩn",NEG
Phải ra tiệm may lại,NEG
Lực hút yếu,NEG
Chỉ bên giao hàng chậm quá,NEG
Muốn đổi shop ko trả lời,NEG
Độ hoàn thiện chưa cao,NEG
Nói chung là đáng tiền,NEG
Quần lót giấy không phải màu trắng như hình,NEG
Đeo rất dễ tuột,NEG
"Mua 4 cây mà về tới cây nào cũng gãy lá, thấy hết ham",NEG
Rất không đáng tiền,NEG
Rất kém,NEG
Chán chả muốn dùng GHN nữa,NEG
Đặt 6sp thích nhất mỗi áo này,NEG
"Mình đặt gấu bằng shop gửi gấu lệch, thất vọng quá",NEG
sao chỉ sáng đc 15p sau đó tắt hẳn,NEG
Yeu cau doi ko doi,NEG
Size 65-75kg nhưng mình 60kg mặc đã chật,NEG
Màu sắc k giống hình,NEG
"Không đáng tin cậy,tư vấn size nhưng đến khi giao đưa áo bé size quá to.nhưng ko giải quyết đổi hay j cho khách nhắn tin ko trả lời",NEG
"Vải mỏng, shop giao hàng mà ko đối chiếu đơn hàng của khách hàng dẫn tới việc giao ko đúng size khách cần",NEG
"Nạp chậm, nạp 200 mà chuyển cho có 100",NEG
Áo chất cũng không đc đẹp lắm,NEG
Chất lượng sản phẩm kém,NEG
"tay áo ngắn quá, nhìn ảnh ko như vậy",NEG
Chất lượng chưa đc như kỳ vọng,NEG
Rẻ mà k ưng ý + k sử dụng đc thì cũng như k..,NEG
Hang wa xau ko giong hinh .chac mua 1 lan chay tron lun.dang hinh ban ko giong mau da ra mau vang,NEG
Đóng gói sản phẩm rất kém.áo không trơn chất len khá thô,NEG
Ao nhu de lau nha,NEG
Nhìn xót lắm luôn,NEG
"Trôi mầu nhanh,han xử dụng thi ngắn,giao hag chậm",NEG
"Chất lượng sản phẩm kém, vải quá mỏng, đường may tệ",NEG
Đóng gói sản phẩm tồi như của vất đi,NEG
Giao áo khác,NEG
"Có gọng mà, hay shop lấy nhầm",NEG
N trách ra nhá,NEG
"Hàng kém chất lượng, quá xấu",NEG
"Chất lượng sản phẩm tạm được, đèn bảo sáng hơn zin mà đêm bật lên như đấm vào mắt, ko thấy đường đi",NEG
Áo rách hicc Nhưng nếu ko rách thì cx ổn Đóng gói sản phẩm rất đẹp và chắc chắn,NEG
áo ko đẹp ko giống quảng cáo,NEG
Hàng chỉ tạm đc,NEG
Đóng gói sản phẩm rất kém Chất lượng sản phẩm tạm được,NEG
Mua về mở ra y như mấy cái quần hàng mã nản luôn!!,NEG
Vải co dãn nhưng bị ra màu,NEG
"sản phẩm không được đóng gói đàng hoàng, chỉ nhét đại vô hộp, hộp bị rách ,may mà áo chưa rách",NEG
Nt cho shop thì sh k tlời,NEG
"Giao thiếu 1b 80k , mà im re",NEG
Mua 3 áo mà giao 2 áo mẫu như hình còn 1 áo kiểu khác vải xấu mỏng k đáng tiền,NEG
K hài lòng :(((,NEG
Đường may ẩu thả,NEG
Chất lượng sản phẩm rất kém,NEG
"Đầm nhỏ , không rộng như tên gọi . tôi không thích lắm",NEG
Váy rất ngắn,NEG
Áo chật ngắn trong khi mình là người gầy,NEG
Vai mong,NEG
"Gia tot nhug tui nho qua kho su dung , mac du sot tac nho nhug van ko vua",NEG
Giao lộn sz,NEG
K chấp nhận đc Chất lượng sản phẩm rất kém,NEG
Hàng đóng gói không đẹp,NEG
Vải không được ok lắm,NEG
"Giao sai áo,đặt áo lót đúc bàn tay nâng ngực giao hàng lại giao áo này",NEG
"mình lấy hai cái màu da, 1 trắng, 1 đen mà shop chuyển hai cái màu đen luôn",NEG
Quần đùi thô hoa nhí hơi chật với cứng,NEG
Shop giao nhầm màu cho mình,NEG
Dởm,NEG
Giao sai màu,NEG
Chất vải k đc đẹp là thun pha nilong nhiều k phải nỉ da cá như ảnh,NEG
Màu không đc đẹp,NEG
Áo hơi nhỏ,NEG
Không giống như hình,NEG
Ko đẹp như hình,NEG
"Mùi quá nồng, mình nhận đc hàng mà phải vội gói vào túi, dán băng dính chặt mà mùi vẫn còn quanh quẩn",NEG
ko tốt lắm,NEG
K biết sửa sao luôn,NEG
Vải bị mốc,NEG
Ao vai kg dep noi chung la wa giom,NEG
Đặt 2 cái size M thì cùng size M mà 1 cái rộng hơn hẳn còn 1 cái bé như size S .Kết quả cái bé k mặc đc,NEG
Điều này mk k hài lòg lắm,NEG
Quần bên trong bị rách to,NEG
Chị bán hàng rất dễ thương nói chuyện cực kì vui tính ❤,NEG
Quần này thường form rộng,NEG
"Tay chật, ko rộng rãi như hình post",NEG
Màu xấu,NEG
Bjo dem ik sua cug tien k ak😡.mua 6.7 sp ma co ao FIN la ug y thôi re ma vai mat min còn tac ca diu tệ wa that te lam nha.42 ki dua do cơ 52ki vua,NEG
Nguyên seal mà giao hàng lâu,NEG
Thất vọng Chất lượng sản phẩm rất kém,NEG
Áo ko giống như trong hình,NEG
"Bị rách mũ, k có dây ở mũ như hình, áo gió 2 lớp",NEG
Shop phục vụ rất kém,NEG
"Quần nhận ko giống hình, là quần tất hở bàn, ko phải tất cả bàn chaab",NEG
Mặc như áo thun bth chứ ko dấu quần đc mặc dù mình cao có 1m5,NEG
"Không giống với hình, giao hành ko như bài đăng nói",NEG
Màu hồng k được tươi như hình ạ,NEG
Mạng lúc có lúc không,NEG
sản phẩm chất lg xấu,NEG
Cái rộng thùng thình cái chật ém,NEG
Ao gi ma mac vao vua nog vua ham...mac k de chiu..nhug lo mua oy ...dah chiu thui,NEG
Hãy tránh xa những ng bán hàng k có tâm ni ra đi,NEG
Mk mua 1 váy 1 áo thì giao 1 áo,NEG
Dc nhưng cảm giác lọc ko sạch cho lắm,NEG
Hàng không như mong đợi,NEG
Quần cũng ngắn ống,NEG
Nhưng túi quần sau nông quá nhét ví tiền ko vừa nên làm sâu thêm nữa,NEG
Áo này bị chật vải không đẹp bằng,NEG
Giá cả hợp lý 👍,NEG
Mùi hơi kinh,NEG
Tay áo quá ngắn,NEG
"Shop không uy tín, giao hàng thiếu 02 áo ""sơ mi ôm vải cotton tay dài cổ chữ V hàn quốc cho nữ mùa thu""",NEG
"Đến khi nhận phun sương yếu xìu, ib cho shop phản ánh thì ko thèm trả lời",NEG
Nhưng tất nhiên chất vải không đồng đều lắm,NEG
Thẻ hơi mỏng mềm,NEG
Sản phẩm chỉ có dây cắm mà k có đầu cắm vậy shop,NEG
Chữ in kh rõ giặt là bong ngay hết,NEG
Túi nhỏ hơn nhiều so với mô tả,NEG
SP không có hộp nhé,NEG
"Vải thi mỏng nhão đường chi thi thưa, áo may cái to cái nhỏ mua 4 cái mà mặc đươc 2 cái hai cái con lại thì nhỏ xíu không đúng size S.😤😤😤😤",NEG
"Đuong may ẩu, màu tối",NEG
Ống quần hơi rộng,NEG
bọn lừa đảo còn thiếu mẹ mày tiền mẹ m ib ko tl thôi bà mày biếu dmm làm ăn thất đức kieru này đéo tồn tại dk mãi đâu,NEG
Shop giao nhầm màu: đặt màu nâu sữa giao màu vàng,NEG
Quần kh có chữ như hình,NEG
Ko có day cột nơ,NEG
Tiền vận chuyển thì cao.quá hối hận khi đã mua sản phẩm này.dm shop,NEG
Bạn nào ngục nhỏ k nên mua áo này mình mặc nó trượt đi rất xấu đã nt cho shop đề đổi nhưng k dc chấp nhận thôii nó k đáng b nhiu tiền chấp nhận làm ghẻ lau k mặc dc,NEG
Ko giống hình quần thì nhăn nheo,NEG
"Check lại giúp mình, mình ko dùng dc",NEG
Chủ shop trẻ trâu chưa gì chặn méo hiểu :),NEG
Chất lượng sản phẩm k tốt,NEG
Dùng được mấy hôm thì ốc bắt đầu long ra,NEG
"Đường chỉ cúc áo bị rùm , ko mặc được",NEG
Rất không đáng tiền,NEG
"Áo rộng không giống hình, chất liệu nhão .Không đáng tiền",NEG
"Mua 2,5kg, có 1 kìm",NEG
Chất xấu kinh khủng,NEG
Rất thất vọng,NEG
Khác trong hình hoàn toàn,NEG
Vải đẹp nhưng tiếc wa..,NEG
Nhắn tin hỏi 5 lần 7 lượt thì mới bảo hết size trong khi giày mình gửi ra đổi thì họ đã nhận được rồi,NEG
"hàng kém , không giống hình",NEG
Áo bị phai màu in,NEG
"Sp giao k đúg hình ,",NEG
Chịu,NEG
Chất lượng sản phẩm kém Và k dc như mong đợi,NEG
Gọi điện bảo hành ko bắt máy,NEG
Lót nỉ chứ ko phải lót lông,NEG
Form hơi ngắn,NEG
"Vải mỏng, đường may hơi ẩu, vừa xỏ tay áo vào đã thấy tuột chỉ ở cổ tay 🙄",NEG
"Chất lượng sản phẩm tạm được Chất lượng sản phẩm tạm được, mùi hơi khó chịu,",NEG
T thấy rộng hơn cả mẫu mặc ý,NEG
Hàng k giống giới thiệu đâu......,NEG
Rộng mặc k nổi,NEG
Đồng hồ được đó mà không sao chỉnh được là sao,NEG
"Giá cả chấp nhận được. 3 tốc độ nhưng chỉ là 1, có đèn nhưng 0 bật dc",NEG
Mất uy tín !!,NEG
Buồn là shop giao nhầm màu áo nỉ bông cho mình r mình báo shop là xanh than nhưng shop đưa xanh rêu mình k mặc hợp,NEG
Rất không đáng tiền,NEG
K đúng size....rõ ràng là đặt size L lại giao size M,NEG
Chất lượng sản phẩm rất kém Chất lượng sản phẩm rất kém Đóng gói sản phẩm rất kém Shop phục vụ rất kém Rất không đáng tiền Thời gian giao hàng rất chậm,NEG
Vo vẩn,NEG
Vải đẹp nhưng nhầm size shop ạ,NEG
"Đã uống 5 ngày giảm 2kg, bị choáng, hạ canxi",NEG
Chất vải quá tồi,NEG
Duyên quá cơ vừa mở ra đã thấy ngay quả rách quần rồi,NEG
Quán ăn phục vụ rất kém,NEG
Mỗi tội mùi hơi khó chịu,NEG
-Quần ngắn quá :(,NEG
Đặt 1 sz l 1 sz m nhưng giao 2 sz L to đùng,NEG
bị rách một xíu Đó Đóng gói sản phẩm rất kém Giá cả chấp nhận được,NEG
ÁO MÀU TRẮNG NÀO CŨNG CÓ VẾT BẨN GIĂT K SẠCH,NEG
Mua cọc tay giao dài tay.vải k co giãn,NEG
Miếng lót dưới dây giày bung chỉ rớt ra ngoài,NEG
Form k ôm mà hơi suông,NEG
Chất lượng sản phẩm rất kém Chất lượng sản phẩm rất kém,NEG
Biết cho shop mấy sao đây khi áo không mặc được,NEG
Sản phẩm chọc rách bao bì,NEG
Đóng gói sản phẩm sơ sài,NEG
Chất lg sp k đáng tiền,NEG
"Shop ơi 2 cái quần cùng size mà sao cái nhỏ cái bự , cái nhỏ mặc hok vừa Thời gian giao hàng rất nhanh",NEG
Váy bị lỗi hở đường mai,NEG
"Chất áo quá xấu, thực sự quá thất vọng",NEG
Đóng gói sản phẩm kém Shop phục vụ kém,NEG
Cứng mà mỏng,NEG
"Đường may áo quá xấu, chất cứng, đường may ẩu",NEG
"Hết hàng ko báo trc tự ý thay thế sp,mình cố ý đặt đồ 70kg cho mặc rộng rãi mà shop lại giao bộ đồ 60kg thì mà kiểu gì,nhưng mình có 46kg đã mặc vừa xít và hơi chật nách",NEG
"Chất đẹp mỗi tội may hơi tiết kiệm vải, ngắn quá Trời",NEG
"M đã note là màu trắng đen đỏ , shop lại giao màu kem đen đỏ mình không hài lòng",NEG
Làm ăn ko có tý uy tín nào,NEG
Mặc ngứa ngáy khó chịu như bị kiến bò,NEG
Hàng xấu vải ko đẹp,NEG
Chất nóng,NEG
Bắt phải nhận lại,NEG
Lừa đảo,NEG
"Vải hơi mỏng , so với giá tiền thì tạm chấp nhận đc",NEG
"Tuy nhiên phần lót gót lại nhỏ so với khuôn giày, đặt vào lọt thỏm",NEG
Ngày SX 30/11/2017 bây giờ là tháng 11 /2018 rồi mà shop,NEG
"Mặc bị dặm người, hơi ngứa í, sợi len bám vào quần đen cũng bẩn lắm @@",NEG
Sp quá xấu so với hình đăng,NEG
Nach hơi rông,NEG
"Hàng ko giống hình , cổ may hơi chật , trong hình ko có túi nhưng nhận hàng lại có túi làm xấu áo",NEG
Ng bán hãm lìn nhất từng gặp,NEG
2 áo sơ mi cùng loại khác màu nhưng chất lượng khác xa nhau,NEG
"Đóng gói sản phẩm rất kém,hộp bị bóc ra,hàng ko đúng hình",NEG
"Vải mát nhưng nhăn quá, mặc mới có 15ph ngồi thôi mà đã nhàu như thế",NEG
Vải cứng mặc nóng,NEG
Quần may quá chán,NEG
hàng giống hình,NEG
Chất lượng sản phẩm rất kém. chưa mặc mà đã rách,NEG
Sp ngắn so với size nên không mặc vừa,NEG
Sp kém,NEG
Size hơi nhỏ so với mình nghĩ,NEG
Liên hệ shop không thấy trả lời,NEG
Máy ồn hàng lắp ráp k chắc chắn,NEG
"Mỗi tội mình mua 2 cái 1 màu, cho vào máy giặt vải hơi nhăn",NEG
Nói chung là quá thất vọng,NEG
Chất lượng sản phẩm rất kém.mk khuyen cac b k nen mua.o ngoai nhin áo to va len thi xù.tiền mất tật mang.mua ve mất công k dùng được,NEG
Hàng quá đểu giày đỏ bị sport đỏ bị loang lổ ra đế giày,NEG
Nhưng nhà hàng làm việc rất chán,NEG
Đỏ đô già...hic hic,NEG
Chất lượng sản phẩm rất kém,NEG
Áo k giống hình tay ngắn shop bán hàng ib k rep :))) Chất lượng sản phẩm rất kém,NEG
Không phải vải thun như miêu tả,NEG
Áo hơi hôi mùa vải,NEG
Chán luôn,NEG
Trời ơi nhận cái áo khác xa hình,NEG
Đang tiếc vì chỉ đặt có 1 em đây,NEG
Thái độ phục vụ khách kém,NEG
Phải đi bóp lại mới vừa,NEG
Bự quá😂😂😂,NEG
Mong shop lần sauomo tả rõ hơn,NEG
Phù hợp với giá tiền.vải ko mịn,NEG
Chất lượng chưa biết thế nào,NEG
Xấu tệ hàng thì giảm xuống nhưng ship tính trên trời đặt mua đầm 59k phí ship 55k mà sản phẩm k đep thôi thì ra shop gần nhà mua tận tay thấy tận mắt chỉ có 250k chênh lêch k bao nhiêu nhưng cảm thấy xứng đáng vô cùng,NEG
Quần ghi sữa so với quần vàng nhạt 1 trời 1 vực,NEG
Vs hộp giày bị bẹp,NEG
Váy bầu hơi mỏng,NEG
Váy dài quá,NEG
Shop phục vụ rất kém m báo size m lại gửi sz s nt với shop mà ko trả lời.m đành bỏ xó cái quần vì ko ních vừa,NEG
Mình nt riêng cho shop mà xem k tl.,NEG
"Vải quá mỏng cần mặc thêm váy lót bên trong, màu nhìn cũ",NEG
Vải xấu,NEG
"Chất vải mỏng,k ưng lắm.nhưng phù hơp với giá tiền,tiền nào vải nấy là thật",NEG
Lần đầu mua hàng của shop thấy cũng uy tín mà nhận cái áo quá chán ko buồn mặc thử,NEG
Tệ,NEG
Chất lượng sản phẩm kém Không đáng tiền,NEG
Mau k giong hinh mau qua noi that vong ve sp nay,NEG
Cực khác hình Đóng gói sản phẩm rất kém,NEG
Vải khá mỏng,NEG
Vải như áo mưa Chất lượng sản phẩm kém,NEG
Áo sống kiểu gì được hơn gang tay,NEG
Dạ e đặt size S mà giao size M,NEG
Vất đi luôn 10c,NEG
Áo mỏng ạ :<<…,NEG
Nếu tốt sẽ tiếp tục ủng hộ,NEG
Đai thắt lưng k giống như trong hình,NEG
Áo đôi cái áo nam cũng bằng nữ mặc dài rộng như váy,NEG
Pin hơi kém,NEG
"Hàng mới nhận váy đen bị rách 1 ít ở phần cổ tay, chịu khó may lại chắc cũng ok",NEG
"Giống hình thì giống rồi, mà chất lượng kém",NEG
"K giống video, chất thô và cứng",NEG
"Vải xổ lông, củ,bám bụi dơ.Thất vọg",NEG
Ko biết sử dụng thì ko biết thế nào,NEG
"Chất cũng ok, nhưng áo bị sút chỉ đoạn cuốn bèo , lúc nhận hàng không để ý",NEG
Time giao hàng hơi lâu,NEG
khong ung y lam size mac qua rộng,NEG
Shop giao nhầm hàng mình đặt roài,NEG
Shop phuc vu ko tot..,NEG
May không đẹp .Không đáng tiền Chất lượng sản phẩm kém,NEG
Giày đẹp đấy,NEG
Hàng nhận không giong hinh,NEG
Chất liệu vải sao sao ý,NEG
Bọn lừa đảo.tao mua quần tặng vợ mà lai gửi cho tao cái quần rách.đã thế còn không cho xem sản phẩm trước.mất tiền mà vẫn bị vợ mắng cho.làm ăn thất đức quá,NEG
Dở,NEG
K hài lòng về màu sắc vì sp bị trùng lặp màu nhiều,NEG
Hix kg có con gấu,NEG
Mỗi tội bị lỗi,NEG
"Shop ơi, mua của shop 3 áo mà ko mặc đc cái nào, phải mang đi cho hết",NEG
Thất thất vọng,NEG
K co lân thư 2 quay lại,NEG
Áo hơi nhỏ nhỉ,NEG
Thất vọng cái áo tay jean vải không phải vải trơn như,NEG
Sao t nt cho shop nhưng gửi tn đi đều báo lỗi,NEG
"Giao hàng lâu, khăn bị đổ lông lau dính lên người, giặt ra màu rất nhiều, ko nên mua",NEG
Các mác áo đính trực tiếp vào thân áo đều đã bị giựt ra,NEG
"Áo bé như áo trẻ con, bạn nào tầm 40kg mặc chắc vừa",NEG
"Mùi ngửi hơi gắt, không như nhũng loại mìnn từng mua",NEG
":( Mình có 45kg cao 1m62 vòng ngực 86 mà mặc ngực chật ních, vải hơi cứng",NEG
Lần đầu mua y như bị lừa vậy.gọi thì k nghe máy,NEG
Vải mỏng quá né màu trắng ra,NEG
Chất lượng 2 cái khiong giống nhau .shop hỗ trợ kém . nhắn tin cho shop cả ngày không thấy trả lời lại,NEG
Mình có phản ánh và hoàn lại sản phẩm nhưng người bán không phản hồi,NEG
In hình bị dính màu đỏ nhạt ở khỏang màu trắng,NEG
Hơi kém,NEG
"Không giống hình , bán xong hỏi shop hok muốn tl như bán 1 lần rồi thôi",NEG
Quá thất vọng,NEG
Đường may hơi ẩu chỉ có vắt sổ,NEG
Giao áo sai mẫu rách,NEG
Mình phải tháo ra may lại hết cả 2 cái,NEG
"Hàng như hình, nhưng chất lượng vải rất xấu, size áo quá khác so với khung kích thước",NEG
"Tay khá ngắn, mình m6 52kg mặc như áo của em mình vậy á :«",NEG
Hàng Dao khác với hình trên mạng,NEG
Chất lượng sản phẩm kém,NEG
Vì sợ bị kiện cáo shop đã gọi trực tiếp gọi điện trao dồi và cách xử lý đổi hàng,NEG
"Áo thiếu 1 thùa khuyết, phải tự làm mới cài đc cúc",NEG
áo k đẹp,NEG
Shop phục vụ như l :)),NEG
Vải mỏng không được như hình,NEG
Như cặk,NEG
Áo đẹp nhưng lấy về bị chật,NEG
Mình đặt side M Mà giao side L,NEG
Sp do wua,NEG
khăn ko đúng kích thước. sp ghi 40× 62 nhưng thực tế xhir 40× 57,NEG
Chất lượng sản phẩm kém... áo rất rất rộng,NEG
"Phần nẹp váy may nhăn nheo, dúm dó",NEG
T.g giao hơi lâu . vải mát . đẹp . nhưng áo bị dơ,NEG
Cái thì rộng cái thì mặc k vô,NEG
Sp bị bẩn Không đáng tiền,NEG
Áo có mùi kinh quá,NEG
Hàng k đúng mẫu,NEG
Rất thất vọng vì nó ko giống hình Chất lượng sản phẩm tạm được,NEG
Shop như cứt ý,NEG
Hàng bán không như mô tả shop con quay ra lèo nhèo người mua này nọ tôi k hài lòng với những gì bạn bán và làm,NEG
Trông rất xấu,NEG
Ao ko Đc đep,NEG
Chất lượng âm thanh kém,NEG
Mũ mỏng,NEG
Rồi đem vứt 🙁🙁,NEG
"Áo không giống trong hình lắm, mình cũng tầm tầm như mẫu nhưng lại mặc bị chật, các bạn mua nên cân nhắc cẩn thận",NEG
Chất lượng sản phẩm tạm được nghe ko được tốt như mô tả lần sau đừng mô tả thái quá lên như thế,NEG
Chất lượng sản phẩm rất kém Shop phục vụ rất kém Shop phục vụ rất kém Rất không đáng tiền,NEG
"Móc dán thi dính đầy keo ,cấn gãy tùm lum,, ao phông trơn cầm lên thấy muốn xũi huống chi mặc vào nguoi .",NEG
Hình màu trắng .,NEG
Chất lượng sản phẩm rất kém ko giống trong hình,NEG
Nhầm hàng,NEG
Giọng điệu thách thức khách,NEG
giao sai màu,NEG
Chữ trên áo mờ,NEG
Vải ko như mong muốn,NEG
Vò vài cái là xù lông rồi,NEG
Giày chỉ may đế ẩu quá,NEG
Chất lượng sản phẩm rất kém,NEG
"Chọn vàng thì gửi màu cam, chất xấu",NEG
Nhưng đóng gói hàng ẩu,NEG
Mua 3 bộ sz l mà 1 bộ sz m cắt mác dán sz l,NEG
Hộp khi nhận nhìn lô lắm mn ạ,NEG
Máy đẹp đóng gói cẩn than giao hàng nhanh nhung máy k dùng đuoc nut am luong to nhỏ nói chung chỉ có 1 lỗi nhỏ còn lại oke ạ,NEG
Dáng áo k giống hình,NEG
Chất lượng sản phẩm rất kém,NEG
chất t,NEG
"Ko đúng mẫu trong hình, thấy giới thiệu là có khóa kéo mà hàng shop giao lại ko có :((",NEG
Ko giống hình lắm,NEG
Đồ nhỏ xíu không mặc được,NEG
giao nhầm mẫu ib k tl,NEG
Qua xau,NEG
"sản phẩm mỏng, ko đẹp như mong đợi",NEG
Shop làm việc k chuyện nghiệp bảo 2áo trắng lại gửi áo trắng với áo đỏ,NEG
"Vận chuyển làm hộp nát, méo mó",NEG
Vận chuyển quá kém,NEG
Đặt đen giao xanh,NEG
"Đặt 1 bộ khăn mà đưa 3 cái ba màu, dao cắt bánh mì thì dơ và như dùng qua rồi",NEG
Áo crt bị lỗi :((,NEG
Chất k dc ưng lắm,NEG
Nói tóm lại sản phẩm này quá đắt so với chất lượng,NEG
"Chất lượng sản phẩm kém, không giống như hình, vai thô hơn",NEG
Size bé tí,NEG
Khó dán lắm và hình dán không khít ạ,NEG
Shop phục vụ thiếu chuyên nghiệp,NEG
Trg khi mình chả lm j nên tội,NEG
Giao sai màu,NEG
Đừng mua hàng shop này,NEG
"Chất vải xấu, màu K giống hình 55kg mà K mặc vừa size L",NEG
May mua shop chị nữa em hạ hỏa chứ mà mua chắc shop mĩ phẩm kia chắc tức phát khóc mất,NEG
"Oder xám hồng nhưng giao xanh hồng, hơi thất vọng hix",NEG
Áo k như ảnh,NEG
Shop giao nhầm hàng,NEG
"Quai áo, đường may Không đẹp như áo xuất nhật mình đã mua, cùng giá chưa sale",NEG
Giao nhầm hàng,NEG
Vải đơ cứng ko mềm với cả dáng áo ko đẹp,NEG
Bị lừa r,NEG
Chất lượng sản phẩm rất kém!,NEG
Giao hàng châm,NEG
Hơi nhiều ba via thôi,NEG
"Giày tróc màu đế, giống như đồ chơi con nít...sơn chồng lên giày dỏm.",NEG
Bảo cho hai áo đỏ thì shop mang cho hai áo trắng...,NEG
Áo lấy dề đã thấy bị sước móc chỉ tùm lum như là áo mặc r,NEG
"Càng lăng thì hôi thêm,bỏ thùng rác là tiện nhất",NEG
Vải hơi xấu,NEG
"Sản phẩm làm mình thất vọng nhất so với tất cả, vải mỏng, kém, ship hàng tới thì hàng nhăn nheo",NEG
"Giao nhầm size và size 2 đôi nhận đc cũng ko chuẩn, cùng 36 nhưng có đôi kích đôi vừa",NEG
Mình hỏi mà trả lời mất dạy lắm,NEG
"Đóng gỏi không cẩn thận, shop nên đong hộp cứng đỡ bị móp bẹp túi",NEG
Quá bực mình với người giao hàng,NEG
Chủ shop tư vấn rất nhiệt tình,NEG
Giao hàng thì rất chậm luôn,NEG
Chờ mấy ngày trời mua quần về làm rẻ lau,NEG
Áo mỏng và còn sổ chỉ,NEG
Có gửi lại tiền hàng hết nhưng khách nhắn tin không rep lại,NEG
"Áo rách, dính mực, nt thì shop k tl",NEG
Thời gian giao hàng chậm vải hơi mỏng,NEG
Giao hàng ko đúng màu,NEG
Chất lượng phục vụ kém,NEG
oto không có ốc lỏng léo. chắc lần đầu lần cuối,NEG
"Vải được nhưng ráp vải chưa chuẩn, bên trái và bên phải của váy lệch nhau, phần váy đang còn bị lệch đường chỉ và các chỗ nối với nhau",NEG
Áo đc shop ghi là mặc được dưới 53kg nhưng lại nhỏ giống size XS,NEG
Đã nt yêu cầu shop gửi sớm vì có việc cần nhưng shop k tl,NEG
"Giao thieu hàng,tien nhận đủ,nhắn tin đinh mua thêm kêu trừ tièn món hàng giao thiéu lại,đợi 4 ngay ko trả tin.làm ăn ko uy tính,ghét nhất thể loai này",NEG
"Vải kém giặc bị ra màu, shop không uy tín",NEG
"Tay áo hơi ngắn , nhưng chất đẹp 😂",NEG
Không cảm thấy hài lòng về cách phục vụ,NEG
Nói chung giày tệ quá so với quảng cáo,NEG
nhu lon dung may ngay la hong,NEG
Đóng gói sản phẩm kém,NEG
May ko vắt line,NEG
Tay áo to quá trời,NEG
"Chất lượng sản phẩm tạm được,áo quá chật so với size...lại thêm khóa gài 3 hàng nút nữa bất tiện quá..",NEG
Tay áo quá ngắn,NEG
Hàng ko giống mẫu,NEG
Không hài lòng,NEG
Màu trắng xanh chứ ko phải trắng như hình,NEG
mua gì 230k mà còn tính shop.trên shoope mua 160k là ko tinh ship,NEG
Khóa hỏng ngay lần đầu dùng.chưa mặc được lần nào,NEG
Mỏng quá,NEG
Sản phẩm tệ,NEG
Rách một đoạn bằng ngón tay phía sườn phải,NEG
"Quần mặc đẹp, nhưng bị lỗi, lệch đáy và thủng nhỏ dưới đáy, haizz, Thời gian giao hàng rất nhanh",NEG
Với áo hơi rộng,NEG
Vải thua cả vải đồ e bé,NEG
"Vãi mỏng, kém chất lượng, k phù hợp với giá tiền",NEG
"Chất lượng k giống trong hình,, bé quá",NEG
Lại mất 2 lần ship,NEG
Có hiểu free size là gì k vậy shop,NEG
"Ko hài lòng lắm,, bé tè có lần là ướt hết cả, phải thay liền,, lúc mới mặc vào thì những sợi long bên trong đái quần ,dính vào bướm bé va mông của bé bé rất khó chịu",NEG
Giao hàng lâu,NEG
Trả hàng được thì đánh giá tiếp,NEG
Mua ở đây 1c mà dùng thành cùi nhất nhà. ko nên mua,NEG
Trong quá trình tư vấn chat thái độ nhân viên rất không cần khách,NEG
thiếu hàng,NEG
Đóng xong thấy mỗi bịch vụn mất 3 lạng,NEG
Chất xấu vải mỏng,NEG
Nt hỏi shop thì k trả lời,NEG
Phí tiền,NEG
Đường may xấu,NEG
"Shop mần ăn gì kỳ cục, thiếu hàng thì phải alo trước cho ng ta hay chứ, phí ship thì tính đủ mà hàng thì ko đủ",NEG
Chưa sd nên chưa biết chất lượng,NEG
"Áo sz S vừa, tuy nhiên Dáng vẫn ko đẹp lắm",NEG
Và bôi mất 1 cái việc cài trên cùng,NEG
Quá tệ không như trong hình ☺️☺️☺️,NEG
Hàng lỗi chưa mặc mà mở ra đã thấy bị rách vải thì k giống như hình,NEG
Shop giao thành quần warm :((,NEG
cục sạc hỏng ngay từ lần đầu sử dụng,NEG
Mik ko thik các gói hàng của shop,NEG
Vào mở thì có bịch như bị chuột mâm ý,NEG
Nhưng thực sự k thích cái áo chút nào cả,NEG
Màu trắng hơn mang vô nhìn thấy hết 😭,NEG
Hàng gì mà 1 trời 1 nẻo,NEG
Rất không đáng tiền,NEG
Sản phẩm mua giống như hình.thời gian giao hàng chậm,NEG
"Tốt, dịch vụ rất tốt,dù thời gian giao hàng còn chậm nhưng cũng tạm ổn",NEG
Mặc vừa qua lưng quần thôi,NEG
Nên hàng chất lượng không cao..,NEG
Vải k đẹp,NEG
"Chất lượng sản phẩm k tốt , đường chỉ may lộn xộn , có nhiều chỗ hỡ chưa dc may",NEG
"mình mới mua về , sao mình rửa nc sôi nhìu lần r vẫn nghe mùi hôi của nhựa vậy shop",NEG
Rất không đáng tiền,NEG
Rộng thùng thình nhu 1 cái nơm,NEG
Bự quá không mặc đc.kiểu thì ko như mình đã đặt,NEG
Đóng gói sản phẩm rất đẹp và chắc chắn Đáng đồng tiền,NEG
"Shop làm ăn lua đao,gioa hang ko co tem mac và bọc ,quanaf rach 10 phan ngang ong quần và may co khoan cach giưa chô rach như v,sho ko hô trợ khach hang nt ko trl cho tơi khi t kien shoppee oa 5 ng shop trl nh ko bjk lỗi...toi ko hoan hang trả tiên gi nưa hêt,140 đo cho shop cái hậu .",NEG
Chat ko nhu minh mong.mua 6cai bi Rạch mot cai nhe sop.giao hang nham sai nua ah,NEG
Xem như là test :(( chắc muốn mua áo dày phải đắt tiền hơn,NEG
Hư 1 bên tai,NEG
Làm ăn vô trách nhiệm,NEG
"Đường lai ao xâu wa, mac hoi chat",NEG
"Vải cứ bóng bóng sao đó, đặt sz M nhưng hết phải lấy sz S neen áo hơi bó bó",NEG
Giao hàng k đúng màu.nt thì k trả lời,NEG
"Áo gửi mình bị lỗi tay áo, nhắn tin shop cũng không có phản hồi gì cả",NEG
Hinh nhu la hang loai 2,NEG
Tiền phí ship hơi đắt,NEG
Ko như mong muốn,NEG
Tuy nhiên khi nhận áo có 1 vết chấm mực trên áo giặt cũng k hết á!!!,NEG
Chất lượng rất kém,NEG
Né shop này ra nếu ko mún bực bội,NEG
"Sản phẩm không như mong đợi, lớp da mỏng nên dáng túi k theo khuôn khổ nào cả",NEG
Chất vải nóng,NEG
Giao sản phẩm áo bị dính màu..sao ko kiểm tra hàng roi giao cho khách vậy shop.làm ăn có trách nhiệm xíu nha,NEG
Chịu cmnr,NEG
"Hình là sọc trắng nhưng nhận là sọc nâu,",NEG
Thời gian giao hàng quá chậm bên vận chuyển chua hen khach ma bao khach hẹn điêu toa,NEG
K bao giờ quay lại lần 2,NEG
Nhắn tin không rep,NEG
Điểm trừ xíu là mầu hồng ko đc giống ảnh mẫu,NEG
Chất quá xấu,NEG
Đặt kiểu giao kiểu,NEG
"Giao hàng nhanh, lông mịn, nhưng đường may thưa, tai bị lệch",NEG
Áo đẹp dày dặn nhưng bị lỗi một chút,NEG
"Sản phẩm bị ỉu,không giòn và cũng không có thời hạn sử dụng trên bao bì",NEG
"Áo không giống với hình, vải mỏng",NEG
giày đẹp nhưng hơi rộng,NEG
bỏ ra 400k mà mua đc đôi giày ko thể chấp nhận đc,NEG
Ko giong hinh,NEG
"Hàng k giống hình ,áo k trắng tinh mà là trắng ngã vàng giống như áo cũ vậy...nhan hang bực minh ghe",NEG
Máng áo đx 2l bị đức,NEG
45kg mặc quá rộng,NEG
Còn chữ mà dc in ở áo thì quá tệ.Chữ dc in như áo cũ vậy kiểu như nó mờ mờ ấy,NEG
Mất t mua bực vào người,NEG
Chất lượng sản phẩm kém Chất lượng sản phẩm kém Chất lượng sản phẩm kém Đóng gói sản phẩm kém tới quá tệ so với hình ảnh... giống đồ chơi trẻ con...,NEG
Chờ lâu,NEG
"Chất lượng sản phẩm kém, k giống trong hình",NEG
Kiểu thì giống hình nhưng da mỏng xấu không giống hình Tiền nào của đấy Bất tiện nhất là không có túi,NEG
Nút hơi bi lệch..,NEG
Làm rẻ lau cũng k xong mất niềm tin về mua hàng ol đúng là nói hay nhưng hàng trả ra gì,NEG
Đặt 2 cái shop giao lộn e 1c áo có tay 😭,NEG
Bán hàng toàn up ảnh photoshop-->có cảm giác bị lừa tình,NEG
Gửi áo rách cho khách hàng,NEG
Áo mới nhận đã bị rách như vầy,NEG
Hàng không giống mẫu quảng cáo,NEG
Đường may xấu,NEG
Chưa bàn đến chất lượng nhưng nhận hàng thật sự cạn lời!,NEG
Chất lượng sản phẩm kém Không đáng tiề,NEG
Shop giao thiếu áo này của mình,NEG
"Mình đặt 5 áo mà shop giao có 3 áo mà tổng tiền vẫn là trả cho 5 áo, nhưng mong shop không hỗ trợ nhiệt để hoàn tiền cho mình vì shop có thể chuyển khoản lại cho mình mà shop không làm",NEG
Áo trắng bẩn xấu chất liệu sao khác voi 2 áo . 🤔 Chất lượng sản phẩm rất kém,NEG
Sẽ ko quay lại với shop nữa,NEG
Chọn màu xanh nhưng nhận màu hồng,NEG
"Áo nhiều chỉ thừa, hình như k phải là len",NEG
Tay áo hơi xấu,NEG
Sai lệch về số đo trong mô tả sản phẩm nên mua về lại mang cho,NEG
》Shop luôn xứng 5 sao,NEG
Tôi nt lên đây để k ai bị lừa như tôi nữa,NEG
Máy uốn rất nhanh duỗi nếp tóc :((,NEG
Cơ mà chờ hàng thì hơi lâu,NEG
Lần đầu tiên trong đời thấy cái khăn tăm mỏng như vậy,NEG
Dùng làm đồ chơi cho trẻ con thì được chứ để tập thì không,NEG
Đừơg may rất ẩu.nhíu ngay cổ áo ko mặc dc.bực mjh.tốn tiền còn ko mặc dc,NEG
Quan qua rong kg duong voi so ky,NEG
Quan ao qua rong,NEG
"Size XL chỉ tầm đến 60kg mặc đẹp, 64kg thì bị chật bó mặc ko đẹp lắm!!",NEG
Nhưng vải hơi mỏng,NEG
Bt k đejp,NEG
Quần đường chỉ may quá kém và xấu,NEG
Áo khác 1 trời 1 vực 😑 thua luôn Chất lượng sản phẩm kém,NEG
Cảm thấy thất vọng,NEG
Còn hàng thì bó từ trên xuống dưới,NEG
áo ngắn và xấu,NEG
kém lắm. tv sai đổ lỗi cho khách. có ai bán hàng mà sai tự nhận lỗi đâu ạ,NEG
"Kiểu giống nhưng chất vải ko đẹp,vải thô cứng sờ vào nghe sột soạt.hàng xưởng may.vải giống phi bóng.rất nóng",NEG
Áo i hình nhưng hơi mỏng,NEG
Váy không được phồng lắm,NEG
Đóng gói sản phẩm chắc chắn,NEG
Màu không đẹp cho lắm,NEG
Chat luong san Phàm rat kem,NEG
Chất len tăm hơi dão,NEG
"Áo mỏng và cứng, Hàng loại 2 rồi",NEG
Chất liệu đẹp .nhưng dáng áo ko đẹp,NEG
Xấuuuuưuuuuu,NEG
Giao hàng thiếu,NEG
"Báo hàng có sẵn mà mãi ngày thứ 3 mới cho hàng đi,vải tệ,fom còn tệ hơn,thất vọng toàn tập",NEG
Mình đặt màu hồng nhưng lại giao màu da,NEG
mua rồi éo dám sử dụng,NEG
"Hang bi tray xuoc nhu da su dung, nguon khong phai chinh hang,khong co day AV",NEG
"Phần áo bên trong bị dơ, là rất dơ luôn có mùi rất khó chịu=< Đóng gói sản phẩm rất đẹp Shop phục vụ tạm được",NEG
Chất lượng sản phẩm rất kém Đóng gói sản phẩm rất kém Chất lượng sản phẩm rất kém,NEG
Bị rò nước,NEG
Mà mua của shop xong qua shop kia coi bán có 95k 1 áo thôi ạ,NEG
Hơi yếu,NEG
Quá tệ,NEG
Tất mỏng,NEG
Chất lượng sản phẩm rất kém,NEG
hàng gì như đồ mã hàng dởm mà đem rao bán trên SHOPEE Thiệt mất uy tín của Shopee,NEG
Thất vọng,NEG
Mình bảo là gửi màu đen vs xanh mà chỉ gửi màu xanh thôi màu đen ko thấy,NEG
K quay lại lần 2,NEG
đừng nên bẩn những chiếc áo như vây nữa nhé . dù là rẻ nhug bán buôn vậy thì k ai vào shop bạn nữa. áo k thể mặc dc . quá tệ,NEG
Áo k giống hình,NEG
chất lượng sản phẩm không giống mẫu. nhắn tin thì nói đang ngoài đường chờ về trả lời. 4 ngày không thấy trả lời. shop làm ăn không có uy tín. lấy size 38 đưa size 36. quần 5 cái vừa 1 cái,NEG
M mặc s mà mua s mặc rộng quá,NEG
Giao hàng hơi chậm,NEG
"Đặt 20 chai mà giao 18 chai , shop nói giải quyết mà chờ mãi ko thấy",NEG
Sản phẩm cứng rất khó sử dụng,NEG
thất vọng với giá hơn 500k.ko bằng cái áo 200k,NEG
"Hủy hàng thì từ chối , thái độ rất khó chịu .Lần đầu cũng là lần cuối mua đồ của shop này",NEG
Chất lượng sản phẩm rất kém,NEG
Nếu đây là quần 120k như giá chưa sale thì rất không đáng mua,NEG
Chất lượng sản phẩm rất Rất không đáng tiền,NEG
Nhưng vải hơi tệ tý,NEG
Đóng gói sản phẩm rất kém Shop phục vụ rất kém Shop phục vụ rất kém,NEG
Mn nên xem xét trước khi đặt hàng,NEG
"Chứ mua đôi này thì giá thấy hơi cao, giày này size thì chuẩn mà bị loang phần màu mũi giày, keo dán nhìn rõ, có chỗ nhựa còn hơi bị bong ra xíu",NEG
Shop phục vụ quá tồi,NEG
Mua từ sag tới đêm (gần 23h30) mới đuọc nạp,NEG
Mỗi tội mk k thích ánh kim tuyến nhưng tất cả các màu đều có nên hơi buồn một xíu,NEG
Hơi thất vọng,NEG
"Chất k mịn, nhưng ok tạm được",NEG
"Mỏng, len giãn chất lượng kém mặc vào lông xù gây ngứa...",NEG
Macca khe nứt nhỏ nốt k khui đc,NEG
"Túi thì ok những chỉ buồn cái là , mình có note là giao 3 cái màu đen mình củng có nt nói , mà shop giao cho mình 3 cái 3 màu khác nhau , nên k vui cho lắm",NEG
Không đẹp như hình,NEG
Hôi kinh khủng,NEG
Áo đẹp nhưng k như mong đợi lắm,NEG
Vãi đẹp nhưng áo nam size cho người 66kg mặc chật shop không cho đổi trả buôn bán k uy tín,NEG
Chưa đủ độ ngọt,NEG
Nhưng sp còn có nhiều vết bẩn,NEG
"Đồng hồ không dùng được, gọi cứ sập nguồn, shop lừa đảo, nhắn tin không trả lời",NEG
Ao mong qua,NEG
"Hàng giống như hình,tuy nhiên vải mỏng, mình không hài lòng chất liệu vải lắm",NEG
Sản phẩm không đúng với giới tính,NEG
Chất vải xấu,NEG
Màu áo không giống ảnh,NEG
"Mua 4 cái áo mà shop giao cùng một cở hết trơn,Áo bự đến nổi người 80kg cũng mặc vừa,trong khi đó mình 46kg mặc vào như đang trùm mền đi ngủ vậy",NEG
Vải quần hơi thô,NEG
Quần đai rộng ơi là rộng,NEG
"Quần rộng quá, free size nhưng có quần quá to, quần quá bé shop ạ",NEG
Hàng đẹp y hình nhưng mua 2 set thì 1 set thiếu mất 1 cái 😌😌😌😌shop chú ý hơn nha,NEG
Lần đầu và cũng là lần cuối cùng,NEG
Ib shop k trả lời Shop phục vụ rất kém,NEG
Son khô môi . 07 đỏ cam nhưng lên màu ra màu hồng,NEG
Shop nên để lưu ý để khách biết chừng mua,NEG
"Mình đặt 3sp mà chỉ nhận được 2sp, nt với shop thì bảo kt lại đơn hàng xong im lặng luôn",NEG
vải đẹp nhưng gửi hk đúng màu,NEG
Áo bị mốc,NEG
"Sp kém, ra màu",NEG
Chất lượng sản phẩm k ưng,NEG
Áo cỡ L nhưng bé như cỡ M,NEG
Rất không đáng tiền Hàng giao không như hình,NEG
Váy cũng được nhưng thấy màu đậm quá mặc sẽ rất chóe,NEG
Chất liệu mỏng nhão,NEG
"Quần khác với trong ảnh, size bé như size 27-28, muốn trả hàng hoàn tiền, mặc ko vừa mong shop Thoòng cảm cho khách hàng",NEG
đặt màu trắng mà giao màu đỏ,NEG
Đề nghị trả nhưng k được thông qua,NEG
Phục vụ kém,NEG
Áo quá dài😢,NEG
Áo form rất to đối với nữ,NEG
Đặt trắng tay đỏ nhg shop giao đỏ tay trắng,NEG
Mình đặt 2 màu hồng 1 màu nâu mà shop giao 2 màu hồng 1 màu trắng,NEG
Nhưng tiền nào của đó,NEG
không giống ảnh,NEG
"Giao hàng chậm quá, ko sử dụng đc lúc cần",NEG
Vai nong .ko dep,NEG
Mình mua sọc xanh nhưng shop lại gửi sọc đen :(,NEG
Shop bán hàng như này chắc cũng chỉ bán cho 1 ng 1 lần là ngta ko muốn quay lại nữa,NEG
Rất chán,NEG
Mỏng te,NEG
Sz S nhưng phải bạn nào cao và trên 45kg mặc mới vừa,NEG
Sau khi thươg thuyết ko thành công thì chăn cả khách,NEG
"Khi giặt áo phai màu kinh khủng, giặt 3 lần vẫn phai đen ngòm cả nước :-<",NEG
Có 1 cái k cÓ logo,NEG
Đặt 2 cái size S thì shop giao 1 S. 1M Thời gian giao hàng nhanh,NEG
"Áo nóng, vải có vẻ sẽ nhăn",NEG
Nhưng cổ áo của áo bé hơi to,NEG
Shop phục vụ quá kém,NEG
sp ok nhưng shop giao nhầm mua váy len lại giao ao khác,NEG
"Sp thì k vấn đề gì nhưg phục vụ và cách bán hàng của shop quá kém k đág 1 *,rõ m đã mất săn deal mãi mới đc màu 16 hí hửng nhận hàng mở ra là 1 bộ màu m ghét nhất số 4 vàng như c*t,k thèm báo trc khách câu nào, chả biết ghi phân loại màu để lz,chẳng nhẽ lại trả hàng, lm ăn thật vô trách nhiệm haiz",NEG
"Thun kg đẹp,kg đáng tiền",NEG
Không đáng tiền,NEG
Màu áo k giống trên ảnh,NEG
Hàng chính hãng nhưng nghe cũng bình thường giống như loại pistom 2,NEG
"Nhưng cái đầm của tui thiếu mất một hột nút rồi, 4 nút mà Áo tui có 3 nút ah, cái nút trên cùng khg có",NEG
"Mua màu hồng nhẹ nhàng như hình mà shop lại giao cái màu hồng chóe nhất, màu chả giống hình tẹo nào cả",NEG
"1m50 43kg mình mặc vừa xinh, váy đẹp",NEG
Shop có nói là do công đoạn tẩy màu nh mình mua bò màu nhạt nhiều lần rồi chưa bao giờ bị tình trạng này,NEG
Ao khoac thi ok.ao phong vai day nong,NEG
Sp k như mình tưởng tượng,NEG
Đăng là hàng nhập Hồng Kong mà tệ ơi là tệ,NEG
chất liệu bthuong.mặc ko vừa form người mặc dù dúng size,NEG
Sản phân không có hộp như lời giới thiệu,NEG
Sao sáng ít quá hầu như đều ko sáng:),NEG
Chất vải kém,NEG
Nhưng ngoài đời nhìn rộng hơn trong hình nhiều,NEG
Nhưng tới 2 đôi trắng,NEG
Đặt mẫu bé trai size 5 thì giao 1 bộ của bé gái.1 bộ size 4,NEG
Chờ hàng mãi tới 4 ngày mới có khi nhận được hàng rồi thì hàng khôg giống hình mình đặt đến khi đổi trả thì chờ xác nhận các kiểu rồi phải làm theo hướng dẫn tự đóng hàng đi trả lại rất là rắc rối,NEG
Quan khong co tui truoc,NEG
"Màu áo đẹp, nhg hơi ngắn😅",NEG
"Chất lượng tồi, bị rách không thể mặc đước",NEG
Chỉ là mk đã đo đạc kỹ càng lắm rồi mới chon size nhưng mang vào vẫn hơi hơi chật xíu,NEG
Vai Ok nhưng vay bên trong hơi ngắn,NEG
Dành cho những bạn chân nhỏ,NEG
Chất lượng sản phẩm rất kém Chất lượng sản phẩm rất kém khuyên không nên mua,NEG
Huhu,NEG
"Mình dặn k gấp hộp thì gấp hộp làm hộp bị méo. 1 lần nhầm size. 1 lần nhầm mẫu. 1 lần 1 chiếc 38 , 1 chiếc 36",NEG
Vãi xấu,NEG
Màu giao random do shop chọn nhưng vô cùng phù hợp với thanh niên chuẩn bị đi thiến,NEG
M mua hộ 1 ng bị shop giao nhầm size nên ko đi đc,NEG
Hãm,NEG
Giao k đúng hàng thu thêm tiền mà k thông báo vs khách hàng,NEG
Váy ngắn wa ah,NEG
Voucher mua 95k dc 1 pizza size M ma an xong thanh toan them 89k,NEG
hàng ko được đẹp lm,NEG
Ha gf như cho trẻ con😤,NEG
Giao sai màu đã đặt,NEG
Mình đặt sai S nhưng lại ship sz M,NEG
bị chật ngắn,NEG
Shop đăng là baggy mà lấy về lại thành legging,NEG
Chất lượng sản phẩm tạm được Không giống hình,NEG
Mong được đổi,NEG
Chấtản phẩm rất kém Rất không đáng tiền Thời gian giao hàng rất chậm Rất không đáng tiền,NEG
Không được như mình mong đợi,NEG
Thiếu một món hàng. 1 charm đuôi cá ;),NEG
Đúng màu nhưng shop giao nhầm sai shop nên kt đúng size trước khi giao cho,NEG
Mua giùm chứ có mua mặc đâu mà sao cũng đc,NEG
Mình mặc 2cái.2Size # nhau mà k cái nào vừa,NEG
"Màu sắc giống hình Ma nó ngắn hơn tôi nhìn thấy trong hình, quá ngắn",NEG
giao thieu hang,NEG
Chất liệu vải nóng dưới 30% coton..nhận hàng cảm thấy thất vọng 😩,NEG
Áo đẹp lắm..Nhưng hơi rộng vs mk,NEG
"Shop phục vụ rất tốt, nhưng chất liệu ko ưng lắm",NEG
Bảo kiểm tra hàng trc khi gửi mà như này đây,NEG
Bị rách đường chỉ nữa,NEG
Vải hơi bóng,NEG
Nơ xấu bị vải tưa ra,NEG
Nhưng bạn giao hàng ko đúng mẫu,NEG
Nên mình trừ 2 🌟,NEG
Sau đó ko rep mình nx ạ,NEG
Nhưng ít ra k nên để tiêu đề và mô tả sản phẩm như vậy,NEG
Mặc thấy hết nội i từ trên xuống dưới,NEG
Cổ chật,NEG
"Quá tệ cho thái độ mua bán, áo ngắn, dành cho đối tượng dưới 1m50 thoai",NEG
Mình oder màu tím giao mình màu xanh,NEG
Nhiều chỉ thừa và lệch,NEG
Dây đeo xấu za,NEG
"Áo form ko đẹp, nách áo bị hở 1 khoản",NEG
Shop bán hành không uy tín,NEG
Không giống ảnh lắm,NEG
"Giao hàng hơi lâu, áo hơi chật",NEG
Makeup thời gian ngắn thì ok,NEG
Chỗ lưới bị rách 1 tẹo nhìn ko đẹp cho lắm 😩,NEG
Shop phục vụ rất tốt.Tuy nhiên shop rep tin nhắn chậm.Lần sau khắc phục tốt hơn,NEG
Đặt kiểu 3 trắng vàng đen mà giao hồng vàng trắng,NEG
Áo màu vàng chất vải khác và mỏng hơn,NEG
"Sp bị lỗi , mình nói đổi trả thì shop ok, nhưng khi mình bấm hoàn trả shop k xac nhận , chat cũng k tl mình",NEG
"Mình đặt 2 đôi, Đôi giầy vải thì ko sao nhưng đôi giày da lộn cứng bị gấp thành nếp luôn",NEG
Chất lượng sản phẩm rất kém Đóng gói sản phẩm rất kém,NEG
"Hjx nhìn đồ thì thik lắm nhưng chỉ mặc vừa áo thôi ạ, quần thì k vừa. 😢",NEG
Như mớ rơm,NEG
"Len hơi khô hồ, ko dc mềm",NEG
Nồng mà kiểu ngọt gắt s ấy,NEG
"Khách hang bao doi tra thi chang ý Kien gi , bơ di",NEG
Vải nhiều chỉ thừa,NEG
Bị rộng,NEG
Sản phẩm khi mở ra bị gãy 2 chân,NEG
"Mực in bị lem, vải hơi mỏng",NEG
Giày không đúng size,NEG
Mà bên vận chuyển còn lấy lý do là kh hẹn ngày lấy,NEG
Nhưng mua 2c lại cái dày cái mỏng,NEG
"Áo logo in to k giống ảnh, logo xấu quá xấu quá thất vọng",NEG
Chắc chắn sửa xong sẽ dùng đĩa,NEG
Thất vọng,NEG
Giao thiếu hàng kêu trả lại tiền mà không thấy,NEG
Không dùng được,NEG
Áo dở ẹc cho không cũng không lấy,NEG
Size hơi rộng,NEG
"Vải xấu,cứng,dính đen ko giặt đc,nt shop ko trả lời,ship cao bằng tiền mua áo",NEG
Chất lượng sản phẩm tốt nhưng khi nhận hàng hộp bị móp trông cũ kỹ,NEG
"Ăn giòn, ngon",NEG
"Hình ngoài thì nối được vào vòi không cần ren, thực tế thì sản phảm có ren -> không nối được với vòi rửa bát :(",NEG
Gửi thiếu hàng nên k đáh giá dc,NEG
Hàng may quá kém,NEG
"Đế cứng, nhất là phần gót lót cái gì mà cứng ngắt",NEG
Chất lượng sản phẩm rất kém Rất không đáng tiền,NEG
in hình có chỗ hơi đen xíu,NEG
Thái độ như vậy cho thấy cách hành xử rất kém,NEG
Gói hàng còn bị dơ và móp méo,NEG
"Cứ tưởng áo vài, thi ra là thun lạnh",NEG
LÀM ĂN KIỂU BỐ LÁO,NEG
Thời gian giao hàng rất chậm,NEG
Buồn quá,NEG
Váy bị rách,NEG
"Mình nhận được hàng nhưng hàng bị may lỗi, đề nghị shop đổi lại cho mình",NEG
size 38 shop giao size 34 nhỏ xíu sao mặc được,NEG
Mặc lên dính sát vào người chứ không đứng áo như trong hình,NEG
Chất lượng sản phẩm rất kém,NEG
Cam on,NEG
"Quá tồi tệ ko như quảng bá , đúng là lừa đảo nguoi mua hàng nếu ai chưa mua đừng mua tôi mua 3 bộ mà chỉ có 1 bộ tạm đc còn 2 bộ còn lại thì quá tệ ko thể mặc đc",NEG
Phục vụ không tốt,NEG
"Quần k giống hình, ống rộng k bóp",NEG
Size hoi bé hic hic,NEG
"Hơi nhỏ, chọn lệch 2 size thì vừa",NEG
Chất duong sản phẩm kém áo ko giống trong hình xấu vl,NEG
Đặt áo cổ thuyền lại giao cổ tròn v shop,NEG
Thái đô kém Thời gian giao hàng rất chậm Shop phục vụ rất kém,NEG
Áo không giống hình lắm,NEG
Mang bị đau chân,NEG
Hàng chất lượng kém,NEG
Áo hơi nhàu với chất vải hơi mỏng,NEG
Sản phẩm quá kém chất lượng thấp k giống hình,NEG
Hàng kém chất lượng và không như quảng cáo,NEG
Nói chung là thích hơn sp mình đã mua chỗ khác k có hoạ tiết,NEG
Shop gửi sai màu rùi,NEG
hương sả chanh ko thơm. mùi hắng,NEG
"Chất vải và đường may xấu , giá cao hơn chất lượng sản phẩm",NEG
Sản phẩm k giống hình,NEG
"Mật để trong tủ lạnh bị đóng sệt lại, khoảng không trong chai ko di chuyển như mật mình mua ở địa phương",NEG
May nhỏ xay k duoc,NEG
"Shop giao hàng không có tâm... nhặt chèn vào đơn hàng của mình chiếc áo cộc , trước khi đó đã nhắc shop rất nhiều lần vì cũng đọc đc feedback shop giao nhầm , Nt thì bảo gửi hàng lại cho mình nhưng vẫn không thấy . nt không thấy tl nữa . các b muốn mua số lượng nên lưu ý",NEG
dây thắt giày xấu..mong shop xem lại...,NEG
"Chất liệu vải quá xấu,",NEG
"vải nóng, đường nút thì qá thưa, chỉ thì may ẩu tả sót qá nhiều, đã zậy dat so 9 11 lai giao 10 11.",NEG
"Bỉm sờ thấy bị vón cục, mặt bỉm bên trong bị phai màu",NEG
"Thời gian giao hàng rất lâu, từ ngày 31/8 đến ngày 11/9 mới giao",NEG
Nhưng phần váy đen phai dã man quá phai hết cả ra phần cổ trắng,NEG
Kích thước nhỏ hơn thực tế,NEG
Nhưng ksao nói chung chất lượng tốt,NEG
Chất lượng sản phẩm tạm được Vải không đẹp như trong hình áo hơi ngắn nhắn tin với shop đến hơn 5 ngày rồi shop vẫn chưa rep,NEG
"Vải xấu, áo bị dơ",NEG
T nhờ Shop gửi hàng đúng màu,NEG
"Chất vải ok nhưng khá mỏng, mặc lộ áo trong",NEG
Rất không đáng tiền Thời gian giao hàng rất chậm Chất lượng sản phẩm rất kém,NEG
Chất lượng sản phẩm rất kém nhu giẻ lau nha lua gạt ko giống hinh,NEG
"Áo rộng, chất vải k đc đẹp lắm",NEG
Áo form nhỏ shop tư vấn k đúng may mà bán lại được mong shop lần sau tư vấn kĩ hơn,NEG
"Chất lượng sản phẩm kém, box siêu nát, không được đẹp như trong hình và khá chật so với size",NEG
K đẹp như hình,NEG
"quần đẹp vải tốt nhưng một bên túi giống như bị may sai, bị phồng ra khi mặc",NEG
"Mỏng, dể rách, ko đáng tiền",NEG
Giặt 1 nước đã xù lông,NEG
Xài k thấy hiệu quả gì,NEG
Xấu,NEG
Thời gian giao hàng rất chậm,NEG
Hang ho vớ vẩn,NEG
Đường may ẩu,NEG
K có chút danh dự j,NEG
Đắt so với chất lượng sản phẩm,NEG
Giao hàng nhanh shop giao k đúng màu mình chọn biết sai màu mà shop vẫn gửi cho khách là sao ạ trả lại thì thương mấy anh đi ship hàng lần sau mua shop nhớ đưa đúng màu nhé,NEG
Chất lượng sản phẩm rất kém,NEG
"Chất đẹp, mà giao nhầm màu đặt",NEG
Mua về chân sạc bị hỏng,NEG
"Sim xài được 3-4 ngày bắt đầy yếu xìu , chỉ nhắn tin bên messenger được chứ kh lướt fb instagram hay youtube được , quá thất vọng về shop :((",NEG
Vai cứng Mac k eo,NEG
Mỗi tội rộng vãi nhái,NEG
Chất lượng sản phẩm tuyệt vời Shop phục vụ rất tốt có điểm trừ là hàng rất bụi và dây nguồn và vga rất cũ mong shop rút kinh nghiệm,NEG
Sp dc nhưng giặt bị ra màu,NEG
Giao hàng chậm chễ,NEG
Quần mỏng,NEG
"Chất quá xấu, ghi giá cao rồi sale xuống lừa người mua hàng",NEG
Đóng gói sản phẩm rất kém Chất lượng sản phẩm rất kém ảnh bị trùng hết Rất không đáng tiền,NEG
Nchung bán hàng đéo có tâm nt bảo thì còn xàm lồn,NEG
Hơi buồn vì ko dùng đc. :( Nhựa bị lệch ko lắp đc vào nhau,NEG
Hàng may lỗi nhiều quá,NEG
"Chất vải tạm đc, nhưng crop đó may nách gì mà chật quá, ko đủ rộng rãi, mặc nhìn tưởng mặc nhầm đồ trẻ con, haizzzz",NEG
"quần chật bụng quá, chỉ đáng size S, M",NEG
Vải thun dễ bị dãn,NEG
"Vải thuộc loại vải bóng, mặc nóng, dễ bám bụi, ren dễ bị xù",NEG
Màu tối ko giôngd trong ảnh,NEG
"Làm không tỉ mỉ, sơn kém",NEG
Chất lượng sản phẩm tốt Shop phục vụ khá tốt,NEG
Giao trùng màu không được nhiều màu như hình chụp,NEG
Giải quyết lâu,NEG
Mặc dễ xù,NEG
"Vải binh thường, may chỉ lỗi nhieu",NEG
Ma nho hon so voi hinh anh review,NEG
"Shop phục vụ kém, mua 2 gửi 1 tính tiền 2",NEG
Chỉ phần trên và dưới hơi to nên phải gấp vào trong cho gọn,NEG
Ảnh là chất thô mà hàng thì vải bóng bóng,NEG
Thun ngay tay dãn nữa,NEG
Hàng nhận được k phải loại mk đặt vì shop đã ib nó hết hàng như mk k kịp hủy thì cái này mình thấy cũng được nhưng mà tại sao mình đặt 4 áo lại giao có 3 áo tính tiền 4 chiếc,NEG
"Nhìn mẫu mặc đẹp mà k nghĩ mình vừa đẻ xong, cứ nghĩ ng nhỏ như mẫu :)), mặc lên trông thật thảm, tiếc quá",NEG
Treo đầu Dê bán thịt chó!!!,NEG
Chọn màu trắng thì gửi màu cam,NEG
Hộp phấn đến tay thì vỡ tung toé hết:(,NEG
"Shop ko trung thực giao hàng không đúng mô tả, chỉ giao có 1 miếng dán",NEG
"Chất lượng sản phẩm rất kém, quần ngắn hơn so với thực tế, vải cứng, ống to, đường may ẩu, Nchung k nên mua, phí tiền 😫",NEG
"Màu ko như hình ,mình đặt màu cam nhưng nhận được là màu đỏ gụ. mẫu sản phẩm không như mô tả, đường máy sơ sài nhiều chỉ thừa, thực rất không hài lòng",NEG
Dây yếm hơi dài và có chỗ bị sứt chỉ,NEG
Mình gửi tin nhắn shop onl mấy ngày mà ko hề rep,NEG
form nhỏ k như hình,NEG
Mua 3 màu có mỗi màu đen chuẩn sz,NEG
Ko bao giờ mua lại,NEG
"Áo rộng phần nách nên hơi bị nhăn, màu đỏ hồng chứ ko phải đỏ tươi",NEG
😌,NEG
"Giao sai cỡ 1,6",NEG
"Vải mỏng, chữ in trên áo khá nhoè",NEG
chưa khi nào mua hàng mà thất vọng như lần này,NEG
Không đáng tiền Thời gian giao hàng chậm,NEG
Áo rất nhăn,NEG
Mình không thích màu son và mùi lắm,NEG
"Hơi ngắn, vải thường",NEG
Vải cotton da cá mỏng.áo may k giống trong hình.dáng hớt cộc hơn hình.k có phần cạp bo thân áo giống hình,NEG
Nhưng liên hệ người bán thì dùng dằng mất thời gian không chịu giải quyết,NEG
Sp hơi gião ko tốt lắm chắc giặt nó sẽ dài ra mất,NEG
"Keo viền da không chắc chắn, cạo là tróc ra",NEG
Tuy nhiên mẫu áo 1 kiểu nhưng khi nhận được áo thì quá dài,NEG
Cổ áo hơi rộng,NEG
Giao sai màu,NEG
"Hình với thực tế chênh lệch 1-10 ,hình thình lòng lanh ngoài thì như giẽ rách",NEG
"Chất vải và đường may quá kém, chưa mặc đã bung hết ra",NEG
"Shop phục vụ rất kém, hàng trước khi giao bị dơ bẩn, shop k kiểm tra hàng trước khi giao khách. phản hồi thì bên phía shop không 1 lời giải thích. làm ăn phải chữ tín chứ đừng vì lợi nhuận nhỏ nhoi mà xem thường khách hàng",NEG
Phần cúc áo bị co rúm,NEG
Tệ,NEG
Thành ra phải đi đâp lại nữa,NEG
"Áo giống ảnh, nón rộng nhưng nhiều đường chỉ chưa cắt",NEG
Áo gì thun mỏng còn hơn giấy,NEG
Thái độ phục vụ kém,NEG
"Sản phẩm này hình như có liên kết với bên sữa Mornaga thì phải, mình thấy có logo sữa song song với Calbee",NEG
"Chất liệu vải cứng, dễ chạy chỉ 😢",NEG
Lần sau đừng quên quà km cho khách nha shop,NEG
Chất lượng sản phẩm rất kém Đóng gói sản phẩm rất kém Shop phục vụ rất kém Rất không đáng tiền,NEG
Hàng bt ko đẹp lắm ..,NEG
K giống như clip lắm ạ 😟😌,NEG
Sản phẩm chưa mac da rách rồi,NEG
Màu ko giống,NEG
Lân sau mong shop chu y hơn,NEG
Áo có mùi khó chịu khủng khiếp,NEG
Đường may sơ xài vầy mà nói hàng VNXK,NEG
Bàn mỏng và thấp hơn so với bàn làm việc trung bình,NEG
Cứ tưởng là cái mền shop ạ,NEG
Chất lượng K dẹp,NEG
Hình ảnh hàng giao và trên bài đăng hoàn toàn khác nhau,NEG
Hộp bị rách,NEG
Size số đanh linh tính,NEG
"Chất vải được so với giá tiền, đường may hơi ẩu",NEG
Không đúng màu như đã chọn,NEG
Shop ghi kích thước 25x22 nhưng thực tế chỉ 20x15,NEG
"Nhưng ko nên gập lưng túi làm nó bị gãy rất mất dáng, cũng ko cho hộp giấy hãy bọc nylon",NEG
Không đáng tiền,NEG
Sản phẩm ko như hình mẫu,NEG
K gởi hàng,NEG
Bảo lấy 1 rêu 1 ghi mà lại gửi 2 rêu vậy bạn,NEG
"Treo đầu dê bán thịt chó, mua sp giá 52k thì giao sp 25k, kêu hoàn trả lại bằng thẻ thì ko thấy,ko đáng tin",NEG
Shop phục vụ không tốt,NEG
Nhắn shop k lấy đá lọc thay bằng 4m dây ok r cho 2m dây thế thà lấy đá lọc cho xong,NEG
Áo may lỗi và xấu,NEG
Chất xấu,NEG
kể có size L thi mặc thoải mái hơn :(,NEG
Quần thì giao cho mình bé quá dù đã nói cân nặng,NEG
Shoppe nên kiểm tra chất lượng sản phẩm,NEG
Sẽ không bao giờ mua hàng trên shoppe nữa,NEG
Mỗi tội mình không thích mặc body lắm dù mua lệch size rồi vẫn cảm thấy bé quá ><,NEG
Shop giao nhầm hàng,NEG
Chưa nhận đc hàng :(,NEG
Rất không vừa ý với cách phục vụ,NEG
"Mua size to nhất mà mình bầu 5 tháng 51kg ko vừa bụng, bỏ uổng quá",NEG
Vải hơn cứng,NEG
Áo may lỗi,NEG
"Quần rất đẹp nhưng không vừa, nghe shop quảng cáo free size 57kg đổ lại nên mình mua luôn 5 cái, mình chỉ 52kg, mình nghĩ quần này thoải mái cho bạn nào vòng 3 dưới 85cm và cân nặng tầm 48kg đổ lại",NEG
Nhìn cái áo cũ màu không đẹp vãi mỏng không đág tiền lắm,NEG
"Chất lượng sản phẩm tuyệt vời Đóng gói sản phẩm rất đẹp và chắc chắn Shop phục vụ rất tốt Rất đáng tiền,lần đầu mình sẽ ủng hộ shop tiếp ah",NEG
Áo khá rộng,NEG
Nghi vấn fake Chất lượng sản phẩm rất kém,NEG
"Không giống như quản cáo,vãi quá mỏng",NEG
Sẽ ko ghé lại shop lần nào nữa,NEG
Chứ vậy sẽ mất uy tín lắm,NEG
Tuy nhiên chất lượng bị nhám,NEG
"Váy hơi rộng quá, ko thich lắm",NEG
Bản thân tôi đã gặp,NEG
Áo khá mỏng và cụt hơn mình nghĩ Đóng gói sản phẩm ok,NEG
Áo không giống với ảnh,NEG
Gửi sai sp,NEG
"Vải mỏng quá ạ, và dáng quần không đẹp ah, mặc khó coi lắm ý. 😰",NEG
Không được như trên ảnh,NEG
Mình đã lấy tổng là 12c rồi,NEG
"Thấy thất vọng về sp, dáng áo nhìn như ctrai, chất vải xấu, ncl so với giá tiền thì tệ",NEG
Khá thất vọng về sp dép thì shop giao thiếu,NEG
Mỗi cái hộp là nó quá mỏng manh và ọp ẹp nên sử dụng kém hiệu quả,NEG
Hàng xấu giao hàng lâu hộp thì móp méo,NEG
"Không có miếng dán, cũ",NEG
vai ao xau vo cung . hoi han da mua . 😭😭😭😭😭 dung la mua lam . ban ko lam .,NEG
Đặt hàng một kjeu giao hàng kjeu khác,NEG
Sim đã kích hoạt 20 ngày trước rồi,NEG
"Thời gian giao hàng rất nhanh,hàng rất mỏng các bạn cân nhắc khi mua,tính ra cũng ko rẻ đâu",NEG
Vai nham qua kg dioc min,NEG
Hàng fake mùi rất kinh,NEG
Chán,NEG
Không phải màu trắng như hình chụp,NEG
Lần trước em mình mua chất khác.nó giới thiệu mới mua .nhận dc thất vọng,NEG
Mới mặc thử đã bị bung chỉ,NEG
Chất vải hơi thô chứ kp vải mềm,NEG
Lúc nhận hàng kêu áo ngắn chụp ảnh gửi cho k trả lời luôn,NEG
"Chất lượng sản phẩm không được tốt, hàng giao bị bẩn đục ở tay áo",NEG
Đặt size s lấy cho size m,NEG
"Quần màu sữa nhưng túi màu hồng trông lộ , siêu rộng mua 2 cái chắc cắt thành quần lửng :))",NEG
Quan tem mac TQ nhung ảnh va tieu đề ghi quan xuat khau,NEG
Mất niềm tin,NEG
"Áo vải mỏng, đường may ko đẹp, cổ tim bị lệch",NEG
Áo bị mất cúc,NEG
Nửa tháng có hàng,NEG
"Hàng ok nhưng đóng gói hàng chưa kỹ, bị bể 1 bịch",NEG
Chất lượng sản phẩm kém,NEG
Gì cũng thích chỉ mùi son hơi khó chịu (kiủ mùi phấn í nhưng bay khá nhanh..),NEG
Hàng hoá chất vải k dc tốt giao hàng lai châm,NEG
Mua áo ngực màu da thì giao màu đen.!,NEG
.nói chung là ko ưng lắm,NEG
Nói chung mấy dạng quần này thiết kế cho bầu nhưng chất liệu quá chán,NEG
Vải mỏng,NEG
Shop lớn mà làm ăn chán,NEG
"không như hình, hơi rộng, vải xấu",NEG
Áo k như hình,NEG
Vãi mỏng,NEG
"CẢNH BÁO: Các anh chị em KHÔNG NÊN mua hàng shop này, chuyển thiếu hàng cho Khách, Sau đó nói chuyển hàng thiếu lại rồi",NEG
Tiền nào của đấy,NEG
Đi 42 toàn rộng mà 42 này chật wa,NEG
Thời gian giao hàng rất chậm,NEG
Màu hơi tối so vs ảnh,NEG
"Lúc mới lấy ko để ý kĩ ,h xem lại hóa ra áo bị loang màu, bạn bán hành lỗi cho khách sao",NEG
Giao ko đung hàng,NEG
Chân váy bị lỗi,NEG
Sản phẩm ko đáng để mua,NEG
Đóng gói sản phẩm rất kém Rất không đáng tiền mô tả có nói là 53kg mặt vẫn vừa nhưng sự thật phũ phàng quá,NEG
giao hàng quá lâu áo khá là to,NEG
May bo kia deu ung chi co bo nay la bi o mau nhin nhu ao cu,NEG
"Sp tệ, rất tệ, đã vậy còn dính bẩn các kỉu, buôn bán vậy nên nghỉ bán đi, k có tâ",NEG
Đóng gói sơ xài,NEG
"như hàng dựng trưng bày, không có vỏ hộp, đóng gói sơ sài. bên ngoài tuýp còn vài vết lem lem",NEG
Mình m6 52 kg,NEG
Ko tốt lắm,NEG
Không bao h mua của shop này nữa,NEG
Đừng để bị lừa như mình,NEG
Mua 2 lần đều rất tệ,NEG
Nên bị dư ra nhìu khó cho việc cầm nắm,NEG
size M nhưng bị chật eo,NEG
Trừ 1* để shop chú ý hơn,NEG
Giày móp méo,NEG
Ai không thích vải mỏng không nên mua,NEG
Chất lượng vải k tốt,NEG
Rất không đáng tiền Đóng gói sản phẩm rất kém Chất lượng sản phẩm rất kém,NEG
"Mua 2lan deu giao hàng thieu dung ai tin tuong con quy ban hang nay nua, chắc do mình mua nhìu nen nó cố tình giao thiếu hàng 2lần đều thiếu",NEG
Ao nhìn kinh thật.may thì sơ xài,NEG
Thất vọng,NEG
Áo hơi mỏng,NEG
Giao sai r nói khách hẹp hòi ảnh đánh 2 stt 56 thay vì xin lỗi và có trách nhiệm vs thông tin đăng bán,NEG
Pin có 10000 mà ghi là 13000,NEG
Mình đặt 2 mẫu giao sai cả hai,NEG
Hàng giống hjh nhưng Giao không giống màu đã ib nhưng k giải quyết,NEG
Có điềub ao bì sản phẩm chưa được sạch,NEG
Đèn cũ bụi bẩn như hàng đã qua sử dụng,NEG
Hang mac 1 lan da bung het chi,NEG
Xạo ghê,NEG
Quần này gọi là quần chip cạp cao đúng hơn là quần gen,NEG
Giao hàng rất chậm,NEG
Khuyên thật mọi người,NEG
Mua 5 sản phẩm shop gửi sai 2 sản phẩm,NEG
Sản phẩm mua 3 chỉ có 1 cái là đẹ,NEG
Thời gian cb hàng và giao chậm,NEG
Chất k đẹp,NEG
Thích thì mua không thích thì thôi,NEG
"Giao do k dung mau,nt k tra loi,giao cho co de du so luong",NEG
"Quần nhìn rất hời hợt, rất bé, đằng sau khi mặc thì lọt khe",NEG
shop ban hang cu. ban hang da sai roi,NEG
"Giày đi thì cũng nhẹ, hơi mỏng",NEG
Form Chật Không đáng tiền,NEG
Giao hàng hơi lâu,NEG
"Đồ còn lại thì đc nmà cái thái độ pvụ của shop thì chán quá, hỏi 1 đằng trl 1 nẻo, hỏi nhiều ý thì trả lời có nửa, nhắn hỏi dài nthe mà trl có 1 dòng cụt lủn sai trọng tâm, nhắn bày tỏ t/độ vậy rồi mà chả xl 1 câu",NEG
Áo nhỏ wa shop ơi,NEG
Ai đánh giá 5 sao đều là người của shop à,NEG
Nt đổi mẫu khách chưa đồng ý mà tự đổi,NEG
Cổ hơi sâu,NEG
Chất vải Ko dc tốt đóng gói xấu,NEG
Áo nhỏ hơn hình rất nhiều :((,NEG
Bán hàng vô trách nhiệm,NEG
Vải hơi nóng,NEG
"Cái vạt nó ko vắt chéo kín fan ngực, cho nên hở sâu quá",NEG
Đặt 4 đôi mà giao 3 đôi . nt hỏi thì k tl . phải chi láy tiền 3 đôi thì k nói gì đằng này láy tiền hết 4 đôi . giày đóng gói thì móp đầu này đầu kia . shop làm ăn kì cục . ăn nhiu tiền đó của tao chắc mày giàu à :)) cô hồn tháng 7 là có thật đấy máy chị ạ,NEG
Có cái to cái nhỏ,NEG
Sản phẩm chất lượng quá tệ,NEG
k như mong chờ,NEG
Sản phẩm không như mong đợi vải thô và cứng bận vào nóng hứa với lòng không mua trên Shopee Nữa,NEG
Shop giao sai mẫu..ib shop còn không tl.làm ăn gì kì vậy,NEG
Chất sơn in lên áo k đc đẹp,NEG
"Chất lượng sản phẩm tạm được, trượt cơ học khá dít gây khó khăn cho sử dụng",NEG
Đường may ko đc đẹp lắm,NEG
"hàng bị lỗi sau giày , sản phẩm đóng gói hộp bị rách tả tơi",NEG
"Chất vải hơi mỏng, màu be sáng nữa nên m bị lộ khuyết điểm chân to",NEG
What the fuckss??,NEG
Sản phẩm này k đc tốt,NEG
Thời gian giao hàng hơi lâu,NEG
tất sờn hết ca chưa dùng mà vay r,NEG
Mình đặt bộ 23# màu xanh mà lại giao bộ màu hồng,NEG
Vải ko đẹp như shop ns....,NEG
Nhưng phần đệm ngực bị xẹp mất form,NEG
"Chat lieu vai qua xau, duong may au",NEG
Tay áo hơi dài ạ TvT em ốm nhưng mặc vào trông như bà bầu TvT,NEG
Chat ko trả lời,NEG
Mình giặt lần đầu bị phai màu đen,NEG
Lưu ý là giới thiệu dành cho những bạn dưới 55kg nhưng mình 47kg mặc thấy khá ôm người rồi nên ai trên 50kg cân nhắc nhé,NEG
Mặt hơi ngứa,NEG
2 size S + L khó chọn lựa. 52kg mặc size L rộng thùng thình - đổi thành áo khoác,NEG
Chất áo kém ... áo như li lông Rất không đáng tiền,NEG
Chất lượng san phẩm kém,NEG
"Quần mặc bị chật , nt shop k tl",NEG
Rất không đáng tiền Chất lượng sản phẩm rất kém,NEG
Áo ko giống trong hình Chất lượng sản phẩm rất kém,NEG
Rất xấu,NEG
"Hết hàng k khoá sp cũng k báo ng mua, giao thiếu hàng, hàng thiếu 15k mà bỏ trả 10k",NEG
"Chỉ riêng đợt này rất bất mãn, đồ không giống hình lắm, mua màu đỏ lại giao màu đen",NEG
Nhưng hơi rộng,NEG
Rep ib của khách lâu mấy ngày liền không rep,NEG
Không giống như hình Áo này nổi long giống áo cũ,NEG
Ao thi xau.tien nao cua do,NEG
"Vai qua xau, duong may au, form rong mac kh duoc",NEG
Thái độ tồi,NEG
Nhưng 1 lỗi đó là hình trên shopee là áo tay lỡ nhưng hàng giao thì ống tay ngắn hơi thất vọng chút,NEG
Đóng gói sản phẩm rất kém Chất lượng sản phẩm kém,NEG
Cũg tạm đc... nhưg như hình ảnh có túi mà nhận đc hàg thì k có... lấy màu trắng và đỏ nhưg 2 chất vải khác nhau hoàn toàn .. mog shop đăng ảnh như nào thì sp cug giống ảnh,NEG
Chất lượng sản phẩm rất kém vải ko giống hình mặc vào rất ngứa kém Rất không đáng tiền,NEG
"Sản phẩm như thế này mà cũng bán, không thể mặc đc í chứ đừng nói là xấu mà là quá xấu",NEG
"Rất mềm, ko có form",NEG
Hình 1 kiểu giao áo 1 kiểu khác hoàn toàn,NEG
Vải quá xấu,NEG
Hàng bị móp méo,NEG
"chất hơi xấu, mầu hơi đậm so với ảnh",NEG
Không đung sizeGiao hàng chậm,NEG
3 áo rách 2 áo,NEG
Đành phải lấy hàng n k mặc đc,NEG
Hơi lớn vì chọn Size nhầm :))),NEG
Đóng gói sản phẩm rất kém Shop phục vụ rất kém Thời gian giao hàng rất chậm.,NEG
"Tiền nào của nấy, chất k đẹp như tiệm bán, mặc rất nóng",NEG
Áo chưa mặc mới giặt bằng tay luôn mà sứt chỉ tùm lum,NEG
Về mới giặc lần thứ 2 màu xanh pha màu hồng,NEG
Đặt 4 bịch shop gởi có 1 mùi duy nhất,NEG
"Không giống hình, vải xấu",NEG
Không nên mua=]]😖,NEG
Áo màu hường Ko đẹp lắm,NEG
Hơn nữa màu áo ngoài với màu trong ảnh là không liên quan,NEG
Bán hàng vớ vẩn,NEG
Đường chỉ bug ra . về mất sữa lại .Đóng gói sản phẩm tạm được,NEG
Chat liệu vai không được tot,NEG
bị rách nách và vai áo 😔,NEG
Đóng gói sản phẩm rất đẹp và chắc chắn Rất đáng tiền,NEG
Vì k có khóa kéo chỉ có dây thắt nút thôi(cái này túi đựng trong hình khách nhau) Túi đựng nhỏ khi bỏ thảm vào toàn bị dít vào nhau,NEG
Thời gian giao hàng chậm,NEG
Đặt son màu cam đất thì giao mình màu Hồng,NEG
Lần sau là bom hàng luôn 🤣🤣🤣,NEG
Hơi bay mùi keo,NEG
Đóng gói cẩn thận mà sao cũg vỡ vụn,NEG
Hàng này ko chấp nhận đc toi tiền,NEG
Shop phục vụ kém,NEG
size s hơi rộng...k dc đẹp,NEG
Áo kem,NEG
Giày đẹp,NEG
Áo màu in nhạt vải mặc nóng,NEG
Sạc dự phòng kg dùng đc..,NEG
Mỗi tội cái vỏ nilon bên ngoài hơi bẩn 1 tý thui,NEG
Áo quá dài và vải rất mỏng Giá cả chấp nhận được,NEG
Noi chung mua ve chi lam re lau,NEG
"Mình nhận dc hàng thực sự thất vọng, giá 3c cả Vc là 125 000 khoan nói về giá nhưng áo gia công cực ẩu",NEG
Kiểu dáng giống với hình nhưng vải xấu,NEG
Không giống hình ảnh,NEG
"Giao hàng k đúng nt k thèm tl, k dám mua lần thứ 2",NEG
Khá thất vọng đó,NEG
Size s vẫn bị rộng,NEG
"hàng xấu tệ,mình hầu như không chê trách ai bao giờ nhưng shop làm việc vậy là rất bậy,áo như là giẻ lau nhà vậy..",NEG
Gui thieu do shop k tra,NEG
kiểu đc nhưng vải xấu quá :((((,NEG
"Rất đáng tiền, Đóng gói sản phẩm rất đẹp và chắc chắn",NEG
Vãi bị lem màu,NEG
Sh k nên bán mấy chất như z nữa,NEG
Áo ok có điều tay áo hơi nhỏ,NEG
"Sp chất lượng rất kém, ko dám mặc sợ rách",NEG
Phải gọi là thun tăm thì đúng hơn là len tăm,NEG
Đắt,NEG
Màu giống 90% so với ảnh,NEG
Không ưng lắm,NEG
Ai có ý định mua thì nên dừng lại,NEG
"Áo form nhỏ hơn bt, không ôm lắm",NEG
Hang xấu,NEG
San pham kem,NEG
Đặt hàng màu vàng nhưng lại giao màu trắng,NEG
Vải k đẹp,NEG
Khách đặt size 38 thì shop ship size 39-40 chọc thủng toét chỗ ghi size. ( không có hàng thì bảo khách 1 câu),NEG
Treo đầu dê bán thịt chó,NEG
Nhưng mình 51ky nhưng mặc ko vừa,NEG
"Thời gian giao hàng chậm ,Chất lượng sản phẩm kém",NEG
Hàng may gia công tiền nào của nấy,NEG
Chất lượng sản phẩm kém Màu k giống ảnh,NEG
Giao hàng ko đúng size đã đặt,NEG
Lỗi ở bên shop thì shop nên chủ động mang màu đúng qua đổi cho khách,NEG
Đập vào mắt là 175000₫ làm mất hứng .Sản phẩm được. màu đậm hơn hình.áo có mùi như thuốc tẩy giặt mãi ko hết,NEG
Shop giao hàng hơi lâu,NEG
Sản phẩm bị rách bên ống chân phải khoảng 10cm,NEG
Giao hàng hơi lâu một chút,NEG
Thật sự cảm thấy quá mệt mỏi khi bóc hàng,NEG
Tôi có dùng hàng Mỹ rồi,NEG
Lấy màu xanh dương nhưng shop giao màu xanh rêu,NEG
Thật sự nhìn kém sang hẳn,NEG
K đặt cơm cháy nhưnh vẫn gửi và gửi tjieeus 1 cân,NEG
In bị xấu,NEG
Qua tệ,NEG
Vải mỏng và nhỏ hơn hình dung,NEG
Bàn tay mỏng nên ko nâng lắm,NEG
Cảm thấy hài lòng về sản phẩm,NEG
Giao hàng lâu quá,NEG
Mà shop giao nhầm cho mình rồi nha mình dặt hai cái trái tim mà shop giao hình mặt cười,NEG
Không hài lòng với sp,NEG
Tạm ổn so với giá 😊😊😊,NEG
Hộp nát hết,NEG
Vải mỏng quá có thể nhìn thấy bên trong,NEG
Coi như bỏ tiền mua áo rách vậy,NEG
"Mẫu không như hình, đường máy sơ sài nhiều chỉ thừa",NEG
Hình vẽ và chữ ko sắc nét,NEG
"Áo không có 2 túi ngay bụng,quần thì không túi, lưng quần nên có sợi dây cột để co giãn",NEG
Rất tệ,NEG
Quần bị thủng túi,NEG
Shop phục vụ kém . giao hàng k đúng hình,NEG
Thời gian giao hàng rất nhanh.nhưng túi lọc rác máy giặt thì chẳng thấy lọc được cái j cả.không thấy hiệu quả như shop giới thiệu,NEG
Bị cái form hơi to vs tay lỡ chứ không có ngắn,NEG
Chất lượng sản phẩm tạm được chữ bị lỗi,NEG
Áo khoác bị lỗi do may dính chùm không mặc được,NEG
Mua về lỗi quá ko mặc dc để 1 chỗ,NEG
Quá kém 😫,NEG
"Áo chất xấu hơn màu hồng, mình ko mặc đc vì cổ quá chặt, phải bỏ đi",NEG
K giống hình .,NEG
Mua shop này tiền mất áo k mặc dc 🙃🙃,NEG
Ví xấu hàng đểu.ko bao giờ mua hàng của shop nữa.cạch đến già,NEG
Đường may ẩu ạ,NEG
- Đóng gói: Nên cho vào cái hộp giấy đóng gói thể hiện sự tôn trọng khách hàng thay vì quấn túi bóng đen ngòm trông hơi nhếch nhác,NEG
"Đat mau xanh thì lại giao màu hồng, vải thật sự không như mình nghĩ",NEG
Áo ngắn,NEG
"Túi nhỏ lắm không dùng đươc cho thùng rác, khác hẳn ao với hình",NEG
Chất lượng sản phẩm rất kém Chất lượng sản phẩm rất kém Chất lượng sản phẩm rất kém Chất lượng sản phẩm rất kém Chất lượng sản phẩm rất kém,NEG
"Tuy nhiên, lai áo may ko đều",NEG
Len thô,NEG
"Mình đặt trắng, be, đen , xanh rêu lại giao thành 2 màu đen",NEG
mong shop có xử lí nhanh nhạy hơn khi khách hàng k hài lòng,NEG
"Chất lượng sản phẩm kém, lỗi nhiều",NEG
Giao hàng hơi chậm,NEG
Giày hơi bị móp,NEG
Hơi to so với số giày nt,NEG
Shop phục vụ rất kém,NEG
"Đóng gói sơ xài ,chất lượng ok",NEU
chất lượng sản phẩm tạm dc ,NEU
Mùi chanh hay nhất,NEU
"giao nhanh, còn hàng thì xài không hiệu quả",NEU
tam duoc  sp khong giong hinh lam ,NEU
"Giao hàng nhanh, đóng gỏi cẩn thận, 
Pin k bị hoen rỉ, quét mã vạch k phải pin chính hãng mà lại ra 1 loại dây rắc AV . Như kiểu làm giả mã vạch.
 Chất lượng pin, còn sử dụng mới biết dc.",NEU
Đã giới thiệu 4 người mua,NEU
Hang dung dc,NEU
"Đèn tôi mua shop gửi cho kiểu này
Cho hỏi ấn vào đâu để điều khiển độ sáng vậy?",NEU
mùi chanh hay nhất ,NEU
nt note mua 1 hồng 1 ghi shop đã ok nhưng vẫn giao 2 ghi ,NEU
mình đag đặt mua cái thứ 3  ,NEU
Mình 45 kg,NEU
sản phẩm đã bị thủng 2 lổ khi mở bao bì,NEU
Tốt,NEU
Shop phục vụ khá tốt,NEU
Mình không nhận được cây vệ sinh bình như mô tả.,NEU
giao bị sai đơn hàng  shop liên hệ mình với nhé ,NEU
Chảo dùng rất tốt,NEU
bình giữ nhiệt giữ lạnh rất tốt. tuy nhiên inox có vẻ nhanh xỉn màu...,NEU
"Hằng ngày chúng nó làm giặc. Nay, đặt thuốc rồi , chờ   Ko thấy đâu . Hình như nó biết? Hoặc mồi Ko hấp dẫn chúng ? Nên  chỉ có thể đánh giá tạm",NEU
Fuc vu tot co điều. .,NEU
Cảm ơn Shop rất nhiều ạ,NEU
Không phải kiểu hình 1 đường mà sp 1 nẻo,NEU
Hình thức thì đc so với giá tiền chỉ tại chưa thu len ko biết có hoạt động va sáng ko Đóng gói sản phẩm chắc chắn,NEU
"Quai khá xấu, khó sử dụng và cứng",NEU
"cây bi khô ,và héo rồi shop",NEU
"Hàng đẹp, mà Mua được mấy bữa nay lấy ra dùng thì cái nắp bị rụng. Shop đổi hàng mới giúp vs nhé",NEU
hơi khác hình  mặc nên cũng đc ,NEU
Ngày nay chả flash gì cũng 33k/ chai,NEU
"Giao hàng chậm hơn dự kiến 1 ngày, không thấy có thông tin thông báo hàng giao chậm, chất lượng hàng chấp nhận được,",NEU
chất lu chất lượng sản phẩm tạm được ,NEU
"Xịt nước hơi tệ, lúc được lúc không",NEU
Sản phẩm mỗi khi mở cuộn ra thì cong ko tập được,NEU
nhìn chiếc áo không giống trên ảnh ,NEU
"click đúng là êm thiệt
xài ko biết thơi gian thế nào nhưng khá ổn",NEU
mình có liên lạc thì shop nói mang qua shop đổi ,NEU
Giống hình,NEU
"Tạm ổn,  giá trị sp bằng với giá tiền. Hơi khó khăn trong việc cân hàng hoá.",NEU
Đường may rách,NEU
"Lần sau tôi sẽ giới thiệu bạn mua sản phẩm này, thanks.",NEU
Chất lượng ko như kỳ vọng,NEU
Rất bình thường không ưng lắm,NEU
Quần ko có dây thun điều chỉnh nên hơi bất tiện,NEU
"Hộp cơm khi cho đồ ăn nóng vào toả nhiệt rất nhanh, nếu k thật nhah tay sẽ k cầm để đóng nắp hộp lại được",NEU
Ko có time nên ko chụp hình đc,NEU
Shop giao hàng bị thiếu vít & có 1 tấm gỗ chưa khoan lỗ bắt vít.Đề nghị shop làm cẩn thận hơn.,NEU
chất vải k như tưởng tượng lắm nhưng cũng chấp nhận được ,NEU
sp nhận y chang nội dung quảng cáo ,NEU
Thời gian giao hàng rất nhanh,NEU
bị cay quá     ,NEU
Ok ẹp,NEU
K có j để nói 😃😃,NEU
Lần thứ 2 mua của shop,NEU
"sản phẩm tạm được, cần dùng thêm để biêt chất lượng",NEU
Hang đẹp,NEU
đầm qá ,NEU
Giao sai mã hàng,NEU
màu ,NEU
sản phẩm sản xuất rất kém tại bộ phậm bơm hơi ,NEU
"Điểm trừ duy nhất là phần chỉ may, nhất là ở phần tay, bị lộ ra ngoài nên nhìn hơi giống hàng ""chợ""",NEU
mặc thoải mái ,NEU
"Và shop ok ngay, 1 tiếng sau đã giao cho nhà vận chuyển 😂 hơi buồn một xíu là áo hơi xù lông một chút, chỉ thừa cũng nhiều nhưng vẫn ưng cái bụng ghê lắm à nghen",NEU
Ngay cạnh nhà luôn,NEU
"tiền nào của nấy, nhưng kêu trả hàng rồi cả tuần ko thấy ai thu hồi",NEU
Chất lượng sản phẩm tốt Shop giao cho m áo bị đứt chỗ cài khuy,NEU
giá tiền so với chất lượng tốt hơn rất nhiêgu ,NEU
Điều khiển không hài lòng. Sản phẩm bị móp.,NEU
giá rẻ  đóng hộp rất cẩn thận ,NEU
"Chất vải mình ko ưng lắm nhưng Shop phục vụ rất tốt, Đóng gói sản phẩm rất đẹp và chắc chắn",NEU
Sản phẩm này bị lôi. Không như hình ảnh,NEU
nếu là chất bò mỏng thì ok hơn chất skin ,NEU
Vị ăn khá lạ so với những loại snack từng ăn,NEU
Pin mau hết! Khong như mong đợi!,NEU
"Thời gian giao hàng rất nhanh, trong hộp ko thấy phiếu bảo hành, ko biết mai mốt nếu có trục trặc thì sao",NEU
đặt 2 cái giống nhau mà cuối cùng có một cái khác còn về cái còn lại thì đẹp y như hình,NEU
Chất liệu sp,NEU
"Hàng tệ lắm, mỏng manh dễ gãy chốt cài",NEU
Vừa mới mua chưa dc 3 tuần thì vợt không hoạt động dù đã sạc pin và có đèn sáng . Thả con muỗi vào điện không hoạt động. Tiki hoặc sunhouse liên hệ lại để bảo hành dùm mình nhé,NEU
Size hơi bé so với m nghĩ,NEU
mn mua đúng size mình vẫn mang là đc  k cần lùi size đâu nè  shop tư vấn nhiệt tình ,NEU
Mùi ít và nói kháng khuẩn lại bán không kháng khuẩn,NEU
E hy vọng Do có thể sửa được vấn đề trên,NEU
"Trục nối không được thẳng hàng, độ chính các chưa cao, nhựa có mùi hôi hơi khó chịu, lắp tạ đôi chỉ lắp được 2 thanh tạ ở hàng trong, nếu lắp 3 thanh thì không lắp được ống nối. Trên hình mô tả củ sản phẩm vậy là chưa chính xác",NEU
Kính bơi khi bơi bị mờ sườn,NEU
đi không êm chân bằng bitis hunter luôn  ,NEU
voi gia tien đó thi ok ,NEU
k biết tại sao rách lyoon ,NEU
TẠm được,NEU
giao hàng nhanh  chất lượng tạm ổn ,NEU
"Chất vải cứng, với giá này thì ko đòi hỏi gì thêm",NEU
hơi thất vọng 1 chút vì kính mới nhận hộp đã bị nứt,NEU
mình rất ốm mà còn mặc size 34 k vừa ,NEU
"bình thì đẹp, mình cảm thấy ok. sao nói hàng của hàn quốc mà mã vạch 6944 vậy shop",NEU
sáng nay mua flash sale giá 64k mà giờ lại còn 62k ,NEU
Nhân viên giao hàng thái độ tệ,NEU
Vải hơi mỏng ạ,NEU
mình đặt hàng màu xanh  sau đó có muốn đổi thành màu xám đậm  có ib shop để đổi màu  shop ok đồng ý rồi nhưng vẫn gửi màu xanh  hơi ko thích điều đó ,NEU
Ko dk như trong ảnh,NEU
k thích chế độ nháy ,NEU
"Quả này hơi mỏng, không như mong đợi",NEU
shop tự nhận làm hàng ko chuẩn ,NEU
"ủa sao khi nhìn thẳng vào đồng hồ thì rõ, mà khi nhìn chéo, nghiêng thì nó mờ vậy shop ? phải chỉnh làm sao ?",NEU
"Sản phẩm sử dụng tốt. Mình mua lâu rồi, nhưng hôm nay dùng 1 túi lớn thì bị xì. Hút hôm trước hôm sau lại phồng trở lại",NEU
Moi nhin thay dep khong biet dung co bi den khong,NEU
trong khi mình chẳng bao h mặc trắng ,NEU
"Chỉ trừ vải ra thì form và dáng áo giống hình mẫu,",NEU
Nắp của sản phẩm quá tệ. phần xoay của nắp không chặt,NEU
Bình thường. Ko có đặc sắc,NEU
Nhận hàng rồi mình mặc k vừa vì quần nhỏ hơn form,NEU
chất lượng chưa đánh giá đc ,NEU
.hàng không giống hình chưa sử dụng nên k biết chất lượng ntn,NEU
Mình mua 3 hộp nhưng có 1 hộp bị va đập mạnh nên dẫn đến móp hộp khá sâu. Rất không hài lòng về vấn đề này,NEU
đẹp n mỏng quá ,NEU
Đẹp mà đế hơn xấu tí mà OK lắm,NEU
màu ko giống hình mô tả cho lắm  đỏ hồng   nhưng chấp nhận được,NEU
đầu bơm k kín,NEU
chất dày dặn như nỉ chứ ko phải mỏng như áo phông ,NEU
lm mk chờ xót ruột lun ,NEU
Date sản xuất mới 16/10,NEU
đóng gói sản phẩm rất đẹp và chắc chắn nhưng giày bị hở o mũi bên trái  nếu lở đi mưa 2 lần chắc là phải bỏ thôi ,NEU
46kí nhưg mặt khôg vừa ,NEU
"Sản phẩm đẹp chắc chắn như mô tả, xà đơn không bắt bám vào mặt tường sơn nước được",NEU
"Mình đặt mua trên trang có tặng kèm quà, nhưng thực tế giao hàng sao không có quà tặng, nhờ Tiki xem lại",NEU
Ảnh đẹp lắm shop ạ,NEU
san pham ok binhthuong voi giá thitruong  shop không hỗ trợ chat kết nổi  hỏi không traloi và cuối cùng không giao đúng màu trắng mình đã đặt ,NEU
chất vải ok so với giá tiền ,NEU
hên không bị sót hàng ,NEU
"Giữ nhiệt tốt, nhưng khi cho đồ nóng vào khay thực sự cầm nóng quá",NEU
mình muốn đổi sang 1m6 được k shop ,NEU
Chất lượng sản phẩm tạm được chất xấu và nóng,NEU
chất dày dặn   cầm nặng tay ,NEU
Giữ nhiệt bình thường thôi,NEU
áo này ai eo con kiến mặc siêu đẹp ,NEU
tạm dc hơi mắc so với chất liệu  80 k thì hợp lý hơn ,NEU
"Chất gỗ giòn mủn, k đc đẹp và chắc chắn sẽ k bền. hơi thất vọng",NEU
màu hơi đứng tuổi chút ,NEU
"(*) Đánh giá không tính điểm
Sản phẩm bình thường không tốt lắm.giá hơi cao",NEU
đặt M giao L,NEU
"Cây nhỏ  , yếu  , chết 1cây",NEU
chất áo mỏng so với hình    ,NEU
Sai màu nhưng vải ok,NEU
đồ ok lm tg giao hàng chậm ,NEU
váy đẹp nhưng shop tư vấn nhầm size ,NEU
Nhưng thời gian giao hàng rất rất lâu,NEU
vải thô quá,NEU
"Cây lau nhà có mẫu mã đẹp nhưng hơi yếu, hơi khó sử dụng.",NEU
"Chân bàn hơi chông chênh, không vững.",NEU
Nhưng hơi rộng chân,NEU
Còn nguyên seal và label hộp vận chuyển từ Mỹ,NEU
K như hình lắm nhưng chấp nhận đc,NEU
Có điều nhìn ngoài túi nhỏ hơn trên hình với dây đeo không giống,NEU
Chưa ktra nên chưa biết chất lượng,NEU
"Sản phẩm ko đúng mô tả ren ko chỉnh đc cân cứ ở mức 5 cân,",NEU
Chất liệu mềm mịn,NEU
mặc cũng được ,NEU
nên khỏi suy nghi phân vân khi chọn sản phảm nha  ,NEU
Shop giao hàng không đúng mẫu ... bạn đăng là dưới đế màu đỏ,NEU
"dây nhẹ lắm, khó nhảy nha koij ngừoi",NEU
"đúng bao bì mẫu mã, dễ dàng lắp đặt và chắc chắn",NEU
Nt shop K trả lời,NEU
đặt màu xám thì giao màu vàng ko hiểu đc  ,NEU
Hàng ổn,NEU
"Tạm ổn, tẩy không được trắng như mong đợi.",NEU
màu sắc hơi đậm hơn trong hình một tí nhưng ổn ,NEU
vải khá ok ,NEU
Shop giao không đúng hàng,NEU
Những mặc vẫn ok,NEU
"Tốt, giao hàng nhanh, tiện lợi",NEU
Màu trắng ngà,NEU
Trắng thì bự,NEU
"Có một vết giống như  xém  nhỏ khoảng 2cm phía sau mặt thảm . Ngoài  lỗi này ra thì nhìn chung cũng đuoc . Tuy nhiên , đề nghị nhà cung cấp nên  tra chất lương sp khi đưa đến tay nguoi tieu dùng .",NEU
ta đen mặc màu đen hay vàng gì nhìn cũng thiệt tội cái váy bây nạ ,NEU
"K phải màu đen, nhìn như màu xanh dương đậm",NEU
do áo rẻ nên mình k có ý chê mà cũng k khen shop ,NEU
Gút chóp. Đáng đồng tiền nhé mn,NEU
"Đèn nhỏ, ánh sáng yếu, keo dán dễ tróc...",NEU
"Màu vàng k giống ảnh, nhưng vải khá đẹp",NEU
Giao hàng chậm quá thể,NEU
vị ăn khá lạ so với những loại snack từng ăn ,NEU
Tam xai dc,NEU
K cả có tem mác Chất lượng sản phẩm tạm được,NEU
ốp đẹp lắm mà có điều ko bo khít vào thân máy cho lắm     ,NEU
Chất lượng sản phẩm tạm ổn,NEU
Đầy đủ ốc,NEU
Mình up hình từ video. 1 hình chụp sau khi sử dụng. 1 hình trên mang họ chỉ so sánh thật giả,NEU
"Chất lượng đáng giá tiền, form vừa vặn, tóm lại là mình thíchhhhhh",NEU
bạn nào mà cân nặng từ 40k cao 1 m52 trở lên có thể mặc được size m đấy chất lượng rất tốt  ,NEU
"Tiền nào của đó , không hài lòng , thêm tiền mua loại tốt hơn loại này",NEU
"Thảm nhanh bám bẩn, không thật sự thoải mái khi tập",NEU
ngày nay chả flash gì cũng 33k/ chai ,NEU
"Đã mua sản phẩm này, mới chỉ dùng dc hơn 1 ngày nên có 1 số cảm nhận như sau:  Phần bấm chuột (2 bên chuột trái phải) làm bằng nhựa bóng,  rất dễ phát hiện bẩn. Hai bên hông phủ cao su, có các rãnh tam giác tạo cảm giác êm ái, nhưng sẽ bám bẩn sau này. Chuột trái và phải hành trình thấp nên lúc đầu bấm nó ko được tự tin, dùng 1 thời gian sẽ quen. Bên cạnh đó 2 phím bấm này khá êm. Tuy nhiên con trỏ cuộn thì không được êm khi lăn!",NEU
Hơi ngắn khó sử dụng khi luyện tập,NEU
với số tiền 30 thì không thể đòi hỏi cao được  ,NEU
chất lượng sp tốt  mỗi tội áo màu vàng khác màu  chun áo quá bo  k rộng như ảnh ,NEU
chỉ đủ 1 lens 1 body ,NEU
"Sử dụng tốt, nhưng cảm giác nhựa kém bền",NEU
Mk sẽ ủng hộ nhiệt tình,NEU
"Chất lượng sản phẩm tạm được, shop giao hàng nhanh",NEU
giaoo hàng nhanh nữaa ,NEU
Không đúng hình nhưng cũng tạm ưng.,NEU
thiếu hang co 19 chai   ,NEU
"Khó gấp ra gấp vô, nói chung ko thích",NEU
chất lượng sản phẩm tạm được chất aó mỏng hơi nhão dáng cộc ,NEU
đi êm chân ,NEU
áo tay k dài lắm ,NEU
Bình nước gắn vô không chắc chắn. Tấm lau nhà thì tốt.,NEU
"Hơi mỏng, không có đệm bên trong",NEU
lúc đầu đọc mấy cái đánh giá một sao thì cũng hơi lo ,NEU
Váy nhỏ và ngắn hơn so với hình,NEU
hơi rộng  nhưng ok ,NEU
cái áo nhu cái mềm ,NEU
Chưa bắt được con muỗi nào,NEU
Giao hàng nhanh. .mua sp thì hỏi kĩ trước tránh thất vọng,NEU
Chua nhan dc hang,NEU
Khó lắp,NEU
ch sử dụng ,NEU
Cũng đc vì xài có mấy ngày mà dây cứ lỏng lỏng ak,NEU
thời gian giao hàng cũng nhanh    sản phẩm tạm được ,NEU
áo không đến nỗi nào ,NEU
nhưng shop giao hàng còn chưa chính xác size lắm ,NEU
Cân nhắc !!!!,NEU
Hên không bị sót hàng,NEU
vừa nhận hàng nhưng bao bì sp không phải mới nguyên mà đã bị mở sẵn. không thích điều này. chất lượng thế nào sẽ cập nhật thêm sau.,NEU
Sao lại có phí vận chuyển,NEU
Nhưng vẫn thấy đẹp ok,NEU
Shop có mua bán lại nửa giá,NEU
"Vỏ ngoài bình làm từ chất liệu kém! 
Mới mang ra xài vài lần mà vỏ binh tróc tùm lum nhìn rất xấu.",NEU
chất lượng sản phẩm tốt tuy nhiên hộp hơi bị trầy xước trông hơi cũ kĩ chút  ,NEU
giao nhầm màu  kích thước k đúng  nhưng đc cái sp chất lượng nên tạm chấp nhận ,NEU
shop giao thiếu hàng ,NEU
"Nên mn đặt thì nới size ra một chút, vs mặc cảm giác hơi nóng",NEU
ko có bi nên xoắn dây,NEU
Cố gắng giảm cân để mặc vừa,NEU
chủ shop tư vấn nhiệt tình nhưng mình ko thể sử dụng app được vì toàn tiếng trung       ,NEU
"ly bị đổ mồ hôi, trung bình",NEU
hàng đẹp ... nhưng giao hàng trễ,NEU
đặc 7 áo vs đơn hàg 308k nhưg tíh ship quá cao tới 72k ,NEU
áo đen shop giao xanh đen ,NEU
hàng tạm được chứ không đẹp đóng gói ok ,NEU
San pham y hinh,NEU
"Áo đẹp, chất mỏng, mát, màu thực của áo giống hình gần cuối, có hơi hường xíu chứ ko phải kiểu be như hình đầu",NEU
Đầu răng nối đầu vòi không vừa,NEU
"bóng da hơi đểu:(((, mua về đá được mấy bữa là da bị tróc",NEU
giao hàng siêu nhanh ,NEU
Olla hello ko nhu moi bi loi,NEU
Shop bán hàng gửi nhanh và hàng tốt. Nhưng loại pin Maxell này khá là mau hết pin.,NEU
chat lương tạmvdk ,NEU
màu cam ,NEU
có được tặng kèm pick gảy ,NEU
dạo này shopee giao hàng rất chậm ,NEU
Mà chắc do mình nhỏ người nên bị vậy,NEU
Đóng gói sản phẩm rất đẹp và chắc chắn.ưng ý ạ,NEU
Nói chung hàng như hình,NEU
"3 sao vì giao hàng nhanh, còn áo vải mỏng, tàm tạm",NEU
chất thun tạm được ,NEU
Bình thường. Như hình. Tiện dụng,NEU
nói chung mùi cũng tạm ổn,NEU
Phù hợp giá tiền,NEU
nói với shop che giúp em mà shop chẳng che    ,NEU
Hợp túi tiền,NEU
giá phải chăng ,NEU
chất lượng tốt so với giá tiền nhưng cánh tay 2 áo hơi dài so ,NEU
Nhưng sai 38 lần này bé quá không mặc được,NEU
Tôi đã nhân đc hàng nhưng k đúng mẫu tôi đặt trong hình,NEU
Mua lần 2 rồi nhé sản phẩm Ok nha,NEU
Cũng được hơi khó bơm xíu,NEU
Bình thường thôi. Đã xài rồi,NEU
"(*) Đánh giá không tính điểm
Móp cạnh, vít văng ra ngoài",NEU
Không phải inox nha là sắc  mọi người nên cân nhắc trước khi mua 😝😝😝😝😝😝😝😝😝😝😝😝😝😝😝😝😝😝😝😝😝😝😝😝😝😝😝😝😝😝😝😝😝😝😝😝😝😝😝😝😝,NEU
tam duoc ,NEU
áo mặc thích ,NEU
"Chất lượng sản phẩm tuyệt vời,gửi nhầm cho 1 quần cỡ l hơi rộng",NEU
Moi xài chua biet sao nua,NEU
giao nhanh nhưng áo bự quá huhu ,NEU
vải k giống hình lắm ,NEU
Bóng hơi bé và mềm,NEU
đây là size hơi nhỏ nên bạn nào đi size bình thường nên tăng lên một size nhé ,NEU
vien rua khong dung minh mong doi..,NEU
Mình 51kg cao m63 mà mặc size M còn hơi rộng nên mn hãy lựa size cho kĩ trc khi mua,NEU
Sau chắc không dám mua lần 2,NEU
Lắp vào chạy ổn nhưng không có hướng dẫn. mình không sử dụng được chế độ tia,NEU
Giờ để không cho con mèo lên lắc,NEU
đường kim mũi chỉ của đầm k đẹp lắm nhưng nhìn bên ngoài ok k lỗi gì cả ,NEU
dây cứng quá..khó bẻ qua lại....,NEU
Giao sai màu 😂😂😂,NEU
K thể hiểu sao lại sản xuất MỎNG DÃ MAN thế đc,NEU
"Tạm được , mình đặt màu Hồng mà giao màu cam",NEU
Mong là shop kiểm tra hàng xem có lỗi không trước khi ship,NEU
.                              .,NEU
"nệm bông là chủ yếu lớp cao su trên rất mỏng, nằm tạm",NEU
Đổ xuống cống Không được mạnh lắm,NEU
Thảm bị trơn.,NEU
Bo thun thi ok,NEU
vải không dày và đứng form như hình ,NEU
vừa túi tiền ,NEU
hy vọng mẹ dùng hợp ,NEU
Chất dai tới nỗi sợ béo thêm 1 2 kí nữa là ních k vừa 😂 ủng hộ shop bán hàng 5 💋,NEU
chất lượng thì chưa xài nên chưa rõ ,NEU
"Chất lượng sản phẩm tạm tạm so với giá bán khá rẻ, dùng làm đồ chơi hay dụng cụ tạm chứ không sắc sảo và chất lượng để dùng lâu dài được",NEU
mong lần sau ko bị phai màu ,NEU
"thơm thôi, chứ ko đuổi muỗi. muỗi vằn đậu kế bên luôn",NEU
"Áo mặc nhe, không nhăn đỡ nhiều thời gian giặt giữ",NEU
ok,NEU
"Mn mua đúng size mình vẫn mang là đc, k cần lùi size đâu nè, shop tư vấn nhiệt tình",NEU
Nhỏ so với hình😖😖😖 Thời gian giao hàng rất nhanh,NEU
gui ma nhanh ,NEU
bạn gửi nhầm màu cho mình ,NEU
màu không đẹp như trong ảnh  tuy nhiên vải đẹp ,NEU
tạm dc  chưa biết có bền không ,NEU
"(*) Đánh giá không tính điểm
Chưa dừng nhung đúng gói kỹ tặng shop 3 sao",NEU
Với giá tiền thế này thì OK,NEU
Chất ổn so với giá,NEU
"Thấy muỗi vẫn cứ bay loanh quanh phòng mà không bay vào đèn. Ánh sáng xanh của đèn rất khó chịu, mỗi lần bật đèn mình đều phải đi ra ngoài chứ chói mắt quá không chịu được.",NEU
giao nhầm sz vải đc ,NEU
"Mua về đang dùng được mấy ngày thấy okay, nhưng sao trên web là silent plus mà trên hộp không có chữ plus.",NEU
"Cũng ổn, xài 1 thời gian xem có dễ bong tróc không",NEU
ko bít ráp sao luôn đó. mua về bỏ xó.  nên tìm hiểu kỹ trước khi mua,NEU
giao hàng nhanh..nhưng cuộn giấy dán bị dẹp làm gãy khúc. sản phẩm có vẻ bảo quản không tốt nên cũ,NEU
Lo mặc k vừa hoá ra lại rộng,NEU
form giày bé nên lấy lên 1sz,NEU
vải mỏng dính  tạm đc so với giá ,NEU
Một thùng hàng to đùng luôn,NEU
"Đeo rất êm, chị chủ tư vấn nhiệt tình mỗi tội giao thiếu móc",NEU
sản phẩm phù hợp với giá tiền ,NEU
Shop giao có 1 kẹp tóc mất hạt,NEU
"Chiều nay mới nhận khung nan chỉnh cột sống, dem cân thì chỉ có 390gr, không được 1 kg như mo tả, giới thiệu,mat lòng tinh",NEU
"Vải đẹp, có điều shop tư vấn khong nhiệt tình",NEU
Đáng tiền,NEU
chỉ hơi rộng so với mình ,NEU
bộ đỏ thì đẹp chứ bộ hồng chán lắm ạ ,NEU
giá rẻ so với chât lượng ,NEU
"Đường may có 2 chỗ dúm 1 chút, mình chấp nhận được với mức giá đã trả",NEU
Tiền nào của đó thôi,NEU
"Hộp đựng sp bị vỡ, chắc do vận chuyển, may là kính không sao.",NEU
ok nhưng thêm tiền ship nên gần bằng giá siêu thị :(,NEU
Chất áo khá được,NEU
"1 cây còn bọc nilong sx 2018 ,1 cây ko bọc sx từ tháng 10.2017",NEU
áo dày dặn  mùi vải hơi khó chịu chút  ok ,NEU
nhưng màu sắc thực tế ko giống với màu trên ảnh ,NEU
"Size rất ok, màu giống hình, tuy nhiên có hơi khác với hình người mẫu mang một chút là ở chính giữa, vải mát, dễ chịu, trẻ trung",NEU
"Thấy cũng bình thường, nhà nhiều muỗi lắm nhưng treo đèn mà chỉ có vài con chết thôi, muỗi thì bay đầy.",NEU
Tất mỏng,NEU
sp ok  chỉ là số nó hơi nhỏ so với mình  m chọn loại lớn nhất rồi nhưng mặc vẫn chật ,NEU
"Chất liệu dễ dơ, đường may có vẻ sơ xài. So với giá tiền thì là đắt",NEU
Hàng cũng đc,NEU
Nhung cai mau kem lai co mot ben khong dc thang deu nhu cai mau do,NEU
Not very good like normal ropes,NEU
thời gian giao hàng rất nhanh nhưng vải hơi cứng  có vài chổ bị lem màu ,NEU
"mình dùng cảm thấy bình thường, giá thành cao so với chất lượng",NEU
hơi chật chút vs m chất lượng sản phẩm tốt ,NEU
Hàng giao k dúng với quảng cao của shop . Nhái gần như thật,NEU
"không thơm, luac dùng cùng nc xả k thấy mùi mấy dù dùng loại nc giặt khác thì nc xả đó thơm nồng",NEU
shop rep siêu lẹ ,NEU
Áo dep ma hinh theu nhăn vá,NEU
"Hàng y hình, đẹp và cực phù hợp với bé gái tuổi teen",NEU
Ao trắng may cổ hơi bị bo chút chất ok,NEU
"Sản phẩm không như mô tả, mất thẩm mỹ",NEU
Mình sẽ cân nhắc mua tiếp cái khác,NEU
Không tốt như quả cáo lau không sạch,NEU
Mua 3 áo thì 3 chất khác nhau,NEU
một thùng hàng to đùng luôn  ,NEU
chân váy tạm chấp nhận nhưng fom dáng k đẹp  k đủ dài như hình nên chỉ đạt 3sao ,NEU
Chất lượng sản phẩm tạm được,NEU
cẳm giác hơi lệch về 1 bên,NEU
Lên môi mượt,NEU
à m đếm lại có 3 lớp voan và 1 lớp lót nhé ,NEU
thời gian giao hàng nhanh đáng đồng tiền  sp bị lỗi phần dưới  với giá nay thì k đòi hỏi nhìu  ,NEU
"Đóng gói thì chắc chắn nhưng khi mở thùng thì hộp bị bể, chứng tỏ là lúc đóng gói shop đã chọn hộp bể để giao.",NEU
Chất lượng sản phẩm cũng tốt nhưng vải hơi mỏng,NEU
Áo mỏng,NEU
Quần lót giấy mỏng quá,NEU
"ko hài lòng, sp bị gấp lại, lỗi phần giữa, gắn vào cửa cứ bị bung ra",NEU
"quúa nhỏ hoặc không đủ độ đàn hồi, đeo vào đầu rất khó chịu",NEU
Vải hơi mỏng,NEU
mac ao thi rat dep nhung day mac hoi kho chui ,NEU
Mà mỏng tiền nào của nấy vậy,NEU
Nhưng bé mèo đang nóng nên ko chui vào nằm,NEU
tất cả đều tuyệt vời nhưng sản phẩm may bị lỗi quá nhiều ,NEU
chắc do giảm giá nên cuộn giấy rất lỏng lẻo.,NEU
"Lần đầu mua dán tốt, không bị bong tróc. Lần thứ 2 mua thì dán cửa nào cũng bị bong, dù làm giống hệt lần đầu.",NEU
"Sản phẩm ko giống hình lắm, ko có mác và ko đẹp bằng",NEU
"Giữ lạnh kém
Vỏ toát mồ hôi",NEU
from k rộg như hình ở cánh tay hơi chật còn lại ok ,NEU
"Hơi đắt(lúc mình mua là 350k)
Được cái đẹp",NEU
"Chất lượng vỏ của chuột chưa tốt, sử dụng một thời gian bị bung những miếng đệm cao su hai bên ra.",NEU
OK có điều vải hơi mỏng với giá 9k thì đòi hỏi đk nữa,NEU
"Kệ yếu, chấp nhận với giá thành sản phẩm",NEU
Khá hài lòng,NEU
Tạm được,NEU
Chua su dung nên chưa đánh giá,NEU
vải có giãn mà ít... bên trong dính màu hơi vàng.. lần sau mong shop coi kỉ dùm...,NEU
Shop có nhã ý đổi tuy nhiên mình đã k đổi,NEU
chất vải khá mỏng ,NEU
nắp bị móp. còn lại ok. đáng mua,NEU
Tau vai thoải trễ đến bắp,NEU
"đèn sáng .không nóng 
không điều chỉnh được xa gần",NEU
hàng tạm ổn không vấn đề gì,NEU
không đc như trong hình chất liệu nhựa k chắc chắn,NEU
ốc hơi lỏng cho thêm cái vặn vít k đang bao nhiêu nhưng quý hơn cái dây kia bạn ạ   ,NEU
áo đẹp hợp với giá tiền ,NEU
Nói chung thì nên mua Hàng tốt một chút mới mặc đi chơi dc,NEU
trừ 1 sao ,NEU
"Ly bình thường, không giữ nhiệt đuọce như quảng cáo, giữ nước lạnh cỡ 1-2h là đá tan hết",NEU
"Váy đẹp, lên dáng chuẩn chỉ mỗi cái phần eo hơi dặmmm",NEU
Hàng xuất nên rộng lắm,NEU
"hàng mình nhận có dấu bị rơi, va đập do không có hộp đựng, shop nên bỏ hàng vào hộp giấy vì nhà giao hàng phân loại hàng bằng tay, ném qua lại các kiểu để phân loại, dẫn đến hàng dễ bị va đập. Về chất lượng thì ok, chính hãng.",NEU
lần sau nên cẩn thận hơn ,NEU
Nhưng k giống màu mình đặt,NEU
Dùng được một thời gian thì keo k đủ bám khiến ổ cắm của mình rơi xuống đất :(,NEU
"thiết kế buồn cười. nắp có roong nhưng lỗ uống trên nắp lại ko có, thế là nước ra ngoài dễ dàng khi vận chuyển",NEU
đống gói không tốt lắm ,NEU
Hàng về ngâm tại bưu cục! Đã trễ mà còn bị ngâm thêm 7 ngày! Mình phải tới bưu cục lấy! Thì thấy quản lý hàng hoá quăng tùm lum! Có trày sướt! Chất lượng đóng gói tệ! Chưa Trải nghiệm sản phẩm!,NEU
fom lần này nhỏ hơn quần dài trc m lấy mặc hơi bó bụng hơi kích ,NEU
Form quá rộng nên chỉ hợp ai 55kg trở lên,NEU
"Giao hàng chậm, cần cải thiện",NEU
ao vai mem min ,NEU
"Quần mới sờ bị dính màu đen, đang ngâm xả k biết sau có hết đen k",NEU
Hơi dễ rách. Ko dính chắc.,NEU
Đóng gói chưa đc đẹp,NEU
cách 2km mà ship 5 ngày mới tới ,NEU
Nhưng với giá chỉ 55k như vậy thì là khá ok ạ (mình áp thêm code giảm giá),NEU
Nhưng sao đó đc chủ shop tư vấn thì lựa được size vừa in luôn 😍,NEU
Giá trung bình chưa rẻ lắm,NEU
đường chỉ may bị súc ,NEU
Được tặng tất nữa,NEU
gối màu nâu nhưng mền màu hồng ,NEU
quần bị vích ra hai bên mông chứ kg đc ôm mông cho lắm ,NEU
Áo đẹp vải hơi mỏng .size xl nên hơi rộng,NEU
vừa rin luôn  lần đầu tiên mình mua quần không phải sửa ,NEU
giao hàng lâu ,NEU
"ko có sát, ko có chặt, keo hở làm miếng xốp ko sát và rời thanh vải bên dưới nên cũng ko giúp chắn đc gì nhiều",NEU
"Gạch mềm quá, khó trụ, nên làm chất lượng hơn",NEU
Guddd,NEU
Thời gian giao hàng rất nhanh.vải k fải voan mem min nhu da noi,NEU
có vẻ hơi mỏng manh ,NEU
tuy size hơi rộng với mình chút xíu ,NEU
Giao hàng chậm 2 ngày so với dự kiến,NEU
Túi giống hình nhưng nhìn hơi cũ,NEU
"cây lắp ráp hơi yếu
thùng có bánh xe đẩy tiện lợi",NEU
Chất lượng sản phẩm bình thường vai ao len bị sù nhưng nhung voi gia tien nhu vay cung chap nhan duoc,NEU
thùng đựng to nhưng có thể do vận chuyển nên đến tay khách xốp nát hết ,NEU
hơi nhăn ,NEU
Form đẹp mỗi cái là có 3 size nhưng k sao,NEU
chất lượng sản phẩm tuyệt vời shop phục vụ rất tốt rất đáng tiền thời gian giao hàng rất nhanh shop gói hàng kém quá  tới tay mình cái hộp rách toạc ra rồi ,NEU
Váy kẻ đuôi cá hơi rộng nhưng cũng khá đẹp,NEU
Kính vẫn mờ chứ không có chống mờ như quảng cáo,NEU
"Mau chóng bị chóc sơn, giữ lạnh tốt",NEU
Mình muốn đổi màu khác được k shop,NEU
Áo nhỏ so với ảnh,NEU
áo ở phần nách hơi chật mặc không được thoải mái lắm ,NEU
hàng đẹp nhưng giao nhầm size ,NEU
Áo thật màu sẫm hơn ảnh,NEU
"Tôi mua bộ ba gói thì một bộ nguyên vẹn còn một bộ băng dính bị bục ra và bao bì hơi rách chưa kể bên ngoài vô cùng bẩn toàn đất như kiểu hàng bị rơi xuống bùn vậy. Tôi đã mua sản phẩm này nhiều lần ,nói chung hàng dùng ổn, chỉ có lần này bị như vậy. Đề nghị Tiki kiểm tra hàng kỹ trước khi đóng gói .",NEU
Quần đen hơi rộng còn cái màu trắng may túi màu cam nên mang vào hơi kì nhưng nói chung là cũng tạm được,NEU
Lắm nhé,NEU
Thời gian giao hàng nhanh Đóng gói sản phẩm tạm được,NEU
ship nhầm 2 đôi 43 luôn   nhưng ko sao để mang luôn khỏi tặng      ,NEU
"Cho 3s vì cùng ở Hải Phòng mà giao chậm, không bằng đặt từ shop ở Hà Nội",NEU
"Thiết kế bất tiện, không cắm ống hút được.",NEU
phù hợp vs giá tiền áo chưa giặt hơi hôi khôbg bị phải nha mọi người ,NEU
Sp giống như hình,NEU
San phạm nay vua Shopee qua do mua ve toi k xay dc ngay ca khoai tay nau chín ma xay con k Nhuyễn nua,NEU
Bột bị vón  cục to cứng rất nhiều..,NEU
Không dùng hiệu quả đau tay,NEU
Trong khi ng ta chỉ 62 kg,NEU
miếng dán ipx có đường bên trên ko đẹp ,NEU
"TIKI cho hỏi chuột bị 1 vạch gờ lên do hoàn thiện của chuột như vậy hay do chuột của tôi bị lỗi ?
Ảnh trên web của TIKI thì không thấy vạch này.",NEU
các pn nên mua ở shop ,NEU
Hình thức đẹp. không phải lock and lock sx tại china mà do 1 cty china sx lock and lock VN chỉ nhập khẩu phân phối. với giá trên 1tr km còn 700K thì chưa sử dụng qua nên 3 sao vì hàng k đúng quảng cáo là của lock and lock. giao hàng thì đúng ngày hẹn.,NEU
Hàng bị lỗi m có nt để đổi hàng ma k dc phản hồi !!!!!,NEU
Kính bơi View V500S: hàng mới nên kính trong nhưng có điểm không ổn là mắt kính không ôm nên nước dễ vào!,NEU
giá rẻ mà chất k rẻ xí nào ,NEU
Chưa nhận đc ống hút nha shop oi,NEU
Đặt màu nâu đậm mà shop lại giao màu đen :(((,NEU
"Mình mới nhận hàng, thấy hàng cũng sơ sài so với giá tiền. Hi vọng chất lượng dùng ổn.",NEU
Chất lượng không tốt cho lắm,NEU
Chất lượng sản phẩm ok,NEU
"Thời gian giao hàng rất nhanh, vải đẹp",NEU
Đóng gói sản phẩm rất đẹp và chắc chắn,NEU
Shop giao hàng không đúng mẫu,NEU
Sp giống trong hình,NEU
Nchug tiền nào của nấy,NEU
"Không biết mình xui hay sao mà  mìnhmua hôm 21/5/2021, mà đến hôm nay thì lăng đùng ra chết không kết nối được. Mình đã gửi yêu cầu bảo hành không biết shop có hỗ trợ không!",NEU
Áo như hình tuy thời gian giao hành lâu nhưng không sao,NEU
Cho 1 sao vì cái váy làm hỏng cả cuộc tình người ta huhu,NEU
nhưng chắc do mk béo vai nên mặc k đẹp ,NEU
balo bị bẩn ở 2 bên cạnh túi ,NEU
Ok,NEU
"Chỉ nên dùng cho dây nhỏ, nhẹ, tốt nhất là đính trên bề mặt bàn chứ mình dùng tận 5 cái đính tường liên tục vẫn đỡ ko nổi dây cáp mạng",NEU
Khi lắp lõi lọc vào máy thì đồng hồ không hiển thị số lít nước có thể lọc được (đếm ngược từ 600) mà vẫn chỉ hiển thị số 0. Đề nghị người bán hỗ trợ khách hang theo số điện thoại trên đơn hàng. Cảm ơn.,NEU
áo ship nhanh trong 3 ngày ,NEU
Mog shop cẩn thận hơn ở đườg may,NEU
đặt 2 cái sz s giao 1 sz s 1 sz l,NEU
Thời gian giao hàng rất nhanh Mặn quá mua tận 2kg,NEU
Chất lượng tạm được,NEU
"Ship 2 cái, 1 cái fake, 1 cái fake loại 1?, may mắn thổi nghe được",NEU
"Bình giữ nhiệt rất tốt, để đá cả ngày tan cũng không hết, tui nhiên bình rất nhanh hôi. Ngày nào cũng phải rửa bình nếu không sẽ có mùi hôi khó chịu",NEU
hy hy ,NEU
như kh sao    ,NEU
Đôi màu đen mang vừa,NEU
sp giống hình  thời gian giao khá lâu  nội thành hn mất 4 5 hôm ,NEU
như video ,NEU
"Mua để tập thể dục giữ sức khỏe nhân mùa dịch. Giá ổn (vì tương đối rẻ) , nhưng vì giá rẻ ko thể trông mong gì chất lượng cao được. 

Có thể mua về tập tạm. Khi nào có nhu cầu cao hơn sẽ mua s/p tốt hơn.",NEU
"Chất vải mềm mại, mặc thoải mái nhưng chỉ sợ sau bị xù vải thui",NEU
nói chung chất lượng tạm ổn ,NEU
áo rộng hơn so với quần ,NEU
Chất liệu vải nóng và bí hơi chứ không thoáng như mình nghĩ.,NEU
nhưng form hơi ôm  mình k mập nhưng mặc vẫn hơi bó cái tay và phần mông cũng k dc rộng  shop nên may rộng tí dễ mặc hơn đồ ngủ mà  có rộng cũng k sao hihi ,NEU
ngày tháng voucher chuẩn ,NEU
5 hạt thì có 3 hạt đạt yêu cầu 2 hạt kém,NEU
Sử dụng tốt tiện lợi nên dùng,NEU
màu son lên nhỉnh hơn với 08 thôi so bảng màu hình đăng cuối sản phẩm của shop  ,NEU
không vừa ý lắm,NEU
Sao bao bì có 100c?? Kkkk,NEU
Mỏng nhưng đúng vs tiền,NEU
Giao hàng nhanh.nhưng chất hơi kém.chỉ bị dúm,NEU
"Mình mới mua 2 con chuột này, một con màu xanh một con màu đỏ. Mới mua được 2 tuần mà hôm nay con màu đỏ chuột trái đã không còn click được nữa; đã thử nhiều máy mà vẫn không được (click lúc được lúc không).",NEU
đóng gói sản phẩm rất đẹp và chắc chắn form đẹp nhưng vải hơi cứng ,NEU
chất lượng sản phẩm tạm được tại sao hình đủ 5 màu mà shop chỉ giao màu đen màu xám màu trắng cho mình vậy ,NEU
mất thêm tiền ngu  ,NEU
Phần thân trên thì ổn,NEU
Chất lượng sản phẩm tạm được,NEU
"Chất dày dặn, nhung size M mà vẫn to",NEU
vải hơi mỏng đóng gói sản phẩm chắc chắn ,NEU
"Chưa giặt, nên ko biết có bị phai màu hay ko",NEU
Shop giao thiếu 5 cái muỗng rồi,NEU
Không sử dụng được nó không bám được vào eo mà nó tuột luốt hà.,NEU
"Sản phẩm ko giống mong đọi, nhựa cứng, giòn, màu sắc không đẹp",NEU
chất lượng sản phẩm tạm ổn   hàng thực tế ko hoàn toàn giống trong ảnh  ,NEU
Hình in ngoài sau hơi nhạt Shop phục vụ khá tốt Thời gian giao hàng nhanh,NEU
với giá này thì sản phẩm tạm ổn chưa đc gọi là đẹp lắm ,NEU
"Chất bình thương, giao nhầm mầu chọn số 2 giao số 3",NEU
tạm đc...................,NEU
shop bán hàg chính hãng  lực hút mạnh ,NEU
đeo bị chật     djdjdjđjd,NEU
Giao thiếu ốc vít để bắn tường,NEU
"Lúc mình đặt hàng của shop ghi là 120 viên. Trên hoá đơn xuất là 120 viên sau đó sửa tay lại là hộp 110 viên. Trước khi hỏi lại shop mình đã lên tiki kiểm tra lại đơn hàng và thấy rõ đơn hàng của mình đặt là hộp 120 viên. Sau đó mình mới hỏi lại shop. Chờ lâu lâu shop trả lời lại, shop nói shop bán hộp 110 viên. Lúc đó mình quay lại tiki kiểm tra lại thì thấy hình ảnh đã là 110 viên chứ ko phải 120 viên như trước => mình sẽ gọi lại đường dây nóng tiki để hỏi lại
10 viên ko phải là gì rất to tát nhưng làm như vậy rất mất lòng tin. Mình cho shop 3*",NEU
Hàng chuần hình,NEU
nhưng 2 kai quần thì 1 cái dày 1 cái mỏng hơn ,NEU
màu 09 hông phải hồng đất   giống hồng sen dạ quang hơn    ,NEU
 ưng lắm ạ ,NEU
"Hốt rác to quá, mẫu mã không đẹp",NEU
Kiểu dáng đẹp nhung chất vải cũng thường thôi,NEU
"giao hàng nhanh, đóng gói cẩn thận.",NEU
áo đẹp rẻ  y hình ,NEU
"Áo đẹp, chất liệu y hình",NEU
rate 2 sao vì shop k rep inbox hủy hàng  cũng may là áo cũng đc  mình share bớt cho bạn mình 1 cái  ,NEU
rộng phải tạ mới mặc vừa ,NEU
vải nhăn lắm thời gian giao hàng rất nhanh ,NEU
"Độ bám không cao, shop cho mình cái túi thật sự không cho thảm vào đc",NEU
sz hơi nhỏ ko rộng như hình ,NEU
Khi mở ra chỉ có 2 sp,NEU
còn chất lượng như nào phải dùng 1 thời gian mới biết được ,NEU
K như ở cap ghi chất dày dặn nặng tay,NEU
size nho so voi mo ta ,NEU
Không thơm,NEU
Áo gửi khác màu,NEU
phải ghì mạnh mới rõ nét bút ,NEU
May chưa xong,NEU
"Hài lòng về kiểu dáng cảm ứng tốt. Nhưng Hinh chụp và mô tả mảu Trắng vàng,  mua về thì  màu Trắng. Muốn đổi màu vàng có được k shop? Thanks",NEU
"gói ko đẹp như hình, dùng tạm được",NEU
Sử dụng được 2 tháng bị gãy chốt,NEU
"Cho hỏi tôi đặt mua 2 cái. Lắp ko vừa vòi rửa bếp nào hết thì bên bán hàng có thể đổi loại lớn hơn cho tôi không?
Xin cảm ơn.",NEU
k bị lỗi là ok rồi ,NEU
"giao hàng nhanh, giá hơi mắc so với dự kiến",NEU
"Giống như trong hình , ship hàng bị lỗi ( trầy )",NEU
Chị chủ shop nhiệt tình,NEU
Có khuyến mãi giảm giá còn cao hơn cả không km,NEU
"Bình thường, với những hôm độ ẩm cao, quần áo ko thơm, có mùi hôi. Mình thấy ko tốt như viên giặt của omo",NEU
Mún giao nào giao z,NEU
Shop phục vụ rất tốt,NEU
"Mình dán vào cửa kính rồi nhưng dễ bung keo, nên chắc k phù hợp cho cửa kính",NEU
"Áo hơi dài tí thui, mang kiểu form rộng cũng đẹp nè, vải được, hình sao áo vậy",NEU
Khuy mũ không đóng được. Túi đựng mở 1 lần đã bung keo,NEU
"Hơi thất vọng , không như những loại mình đã mua",NEU
ok thôi. Mấy nút chỉnh phía sau khá khó chịu. Có nhiệt độ nhưng ko có đếm ngược,NEU
trả hàng thì phiền phức quá ,NEU
và bạn nào cỡ 1m55 trở xuống mặc thì vừa ,NEU
Bạn nào mua màu trắng thì nên để ý xíu vụ này,NEU
"Con lăn ko phải loại có lò xo, đẩy mà ko có lực gồng là nó lăn tuột luốt luôn 🤣 không phù hợp cho người mới tập",NEU
Dùng một thời gian xem thế nào,NEU
Áo đẹp nhưng size 38 gì mà nhỏ quá,NEU
"Vải đẹp, nhưng hàng bị lỗi,phải đi sữa lại,tiếc thật",NEU
khoá sản phẩm bị hỏng ,NEU
Chỉ thừa còn nhiều,NEU
trả thiếu tiền 50.000$ nhân vien giao hàng,NEU
Ko cả buồn xem áo sz S mình mang đến đối chứng vậy mà nói là mình ko biết gì,NEU
tại sao đặc giống cùng lúc mà lại đất về trước vậy,NEU
Giữ nhiệt không tốt lắm. Đá lạnh thì được 8 tiếng không như quảng cáo,NEU
áo mỏng qa  mạc k ổn tí bài ,NEU
áo bự lắm luôn ,NEU
"Gà ngon và đậm đà, nhưng em nhờ shop lấy cho em loại không có lá chanh, mà shop lại giao cho em loại có lá chanh",NEU
"Ko quá xuất sắc nhưng mềm, nhẹ, êm chân",NEU
"Màu đẹp, vải đẹp, ngắn so với hình",NEU
"Giá rẻ hơn mua ở siêu thị, thùng lau bị chảy rỉ nước chỗ bánh xe, mong Tiki hỗ trợ đổi hàng",NEU
hình mẫu lông bên trong màu đen mà gửi lông màu trắng cho khách ,NEU
dễ bị xù ,NEU
Size s ma phai 50kg mang moi vừa,NEU
Dùng tạm đc. Bị mất nhiệt chỗ nắp đậy,NEU
bình thường ko đc sịn lắm,NEU
Chất liệu vải không nhăn nhưng đổi lại sẽ khó thấm mồ hôi,NEU
Chuột ko chít vẫn nhơn nhơ,NEU
"không thể nói gì hơn ngoài 2 chữ tuyệt vời ạ, chắc chắn e sẽ mua tiếp ạ huhu áo đẹp quá thể đáng :(((",NEU
đóng gói thì bình thường ,NEU
Mới nhân mở ra k có Usb làm sao kết nối mà sử dụng đây!?? Nếu là hàng mới sao lại có sự cố thiếu thế này ta? tiki cho mình biết phải đổi hàng sao đây. chứ bỏ gần 300k. k có usb như bỏ đi rồi,NEU
Giao hàng nhanh . nhưng hình k giống mẫu hoàn toàn . cho shop 3 sao,NEU
Giầy có form,NEU
hay rớt ra ngoài quá ạ. mùi tốt,NEU
Dây chắc cứng ngắc như dây cột đồ nên khó tập,NEU
chất không đẹp màu ngà shop giao hàng nhanh ,NEU
"Thố mỏng, giao 2 bộ nhưng 1 bộ bị vỡ mất 1 chiếc. Mình có con nhỏ nên không có thời gian đổi trả loằng ngoằng, lắp của bát to không khít.   Nhưng nhân viên giao hàng rất nhiệt tình nên mình vẫn để 3 sao.",NEU
mua lần 2  thuốc uống không mệt ,NEU
tạm ổn thời gian giao hàng rất nhanh ,NEU
"Mình thấy ưng, nhưng mà nó k phải chất vải trơn như ảnh mà hay bị gập nếp và dễ nhăn",NEU
minh mua tiếp ,NEU
K hiểu do sản phẩm k có lưới lọc hay tiki gửi thiếu hàng mà mình thấy trên giới thiệu sp thì có mà lúc nhận lại thì k. Tiki phản hồi lại giúp mình,NEU
Nếu mua nên giặt tay để không bị xù..,NEU
shop dùng hộp giấy đóng sp như các shop khác sẽ tốt hơn ,NEU
chất lượng sản phẩm tạm được mua 2 bộ 2 mâu khác nhau nhug 1kiu thi size vừa 1 size  rất to ,NEU
"ráp cái tủ quá mệt , rất khó vao khớp,l.",NEU
Bình thường so với những gì nhà sản xuất quảng cáo,NEU
K thích chế độ nháy,NEU
Cũng tạm đc,NEU
shop đánh giá lại cho mình nhé ,NEU
rất thoải mái ,NEU
Nhưng form rộng và dài,NEU
bị nhoè ,NEU
Giao hành nhanh ok,NEU
"nhỏ gọn, một vài lỗ chờ để lắp vít bị vênh nhau dẫn đến khó lắp ráp.",NEU
"Tủ hơi yếu, đinh vít không chắc lắm",NEU
Chất lượng sản phẩm tuyệt vời Chất lượng sản phẩm rất kém,NEU
chỉ mặc s thì vừa ,NEU
"Thảm có mùi mủ rất khó chịu khi tập, qua 1 tháng rồi vẫn chưa hết mùi",NEU
"kiến bu đầy nhưng qua cả ngày vẫn còn nguyên tổ kiến không chết con nào, vẫn đang bu quanh thuốc",NEU
cho 1 sao vì cái váy làm hỏng cả cuộc tình người ta huhu ,NEU
eh  vote 4  vì nghe đồn nhiều nơi hàng kém chất lượng bắt khách vote 5  mới cho đổi hàng  / ,NEU
Sản phẩm mua ko phù hợp với xe nhà đang sử dụng nên ko gan được,NEU
Sp giống ảnh,NEU
Tạm được,NEU
Tấm lau nhỏ không rao nước!,NEU
"bánh xe cao su dễ bể, khó thay",NEU
áo khá mỏng nha ,NEU
gái cả phù hợp xài tạm được,NEU
"(*) Đánh giá không tính điểm
Thiếu cái Ron, bị rỏ rỉ nước",NEU
Shop ơi nhờ shop liên lạc lại giúp mình để đổi hàng ạ. Hàng giao bị sai rồi ạ. Mình đặt cân điện tử cầm tay nhưng lại giao máy hút thuốc điện tử,NEU
"Vải ko quá đẹp, mặc mát, với mức giá này chất lượng rất hài lòng",NEU
"ly mỏng hơn mình nghĩ, không giữ lạnh được lâu",NEU
hơi nhỏ so với mình nghĩ ,NEU
"Sản phẩm bị bong tróc bên trong, shop đối lại nhé. Vẫn cho 3 sao vì giao hàng nhanh",NEU
"sản phẩm nói phù hợp với hầu hết các loại vòi nước nhưng mình thử các vòi nước trong nhà đều không khớp, lỡ mua rồi, các bạn nên cẩn thận xem kĩ kích thước ko nên vội vàng chọn mua rồi về lại không ráp vào được thì phí",NEU
Không có chăn thì nhìn được mà nhét chăn vào thì bị phồng,NEU
Đóng gói sản phẩm rất đẹp và chắc chắn.gối k căng lắm nhưng cụng tạm đc,NEU
giày bị cứng may còn lỗi ,NEU
áo hơi rộng tí nhưng oke ,NEU
Máy mới mua từ 7/10 mà giờ sạc không được thì làm sao ? Hướng dẫn cách bảo hành giúp . Cảm ư.,NEU
Không tặng kèm ống hút inox như mô tả.,NEU
đã nhận được hàng rồi  đồ thì đẹp lắm nhưng tiền phí cao quá  tiền phí cao hơn tiền đồ nữa  shop đóng góp í kiếm chứ tính phí kiểu này ai dám mua nữa ,NEU
Kích thước cũng không được to,NEU
Bạn nào 40kg trở xuống thì hơi rộng,NEU
"cảm giác không chắc chắn và chổi lau khá mỏng nên lau không hết, chỗ để  chứa nước nhỏ nên phải vệ sinh liêntục khi lau, NÊN CHỌN thùng chứa nước to gấp 2 lần thì sẽ tiện hơn",NEU
Áo vải đẹp nhưng form nhỏ,NEU
Ko chê vào đâu đc ..,NEU
"sản phẩm rất đẹp, rẻ hơn giá bán ở ngoài nhưng chất lượng cx rất tuyệt vời",NEU
Sau dùng nếu chất lượng ôk sẽ ủng hộ dài,NEU
sim mình vừa bị khóa tại sao vậy ,NEU
cùng một bộ nh áo khá dày dặn và dẹp còn quần thì mỏng và bám bụi ,NEU
sp như hình mỗi tội vải hơi mỏng ,NEU
huhuhu sao cái này không phải là tay lỡ như hình vạy shop  ,NEU
Hàng bị rách vỏ hạt muối tung ra,NEU
"Áo đẹp , mỗi tội shop gói sơ xài quá",NEU
Phải sửa lại moi mặc dk,NEU
Gà tặng 5 muỗng inox đâu. Mình ko thấy,NEU
cái nút công tắc hơi khác video chất lượng sản phẩm ok ,NEU
kg như ý lắm. cái kẹp phải dùng tua vít,NEU
Hang dep.nhung chat lieu vai day va nong,NEU
chưa gửi cho mình cái này ,NEU
Chỉ hơi rộng so với mình,NEU
Đồng hồ hiển thị bị hư .nhảy lung tung . đề nghị kiểm tra & giải quyết,NEU
giầy chật ko đi vừa ,NEU
"Shop phục vụ rất tốt ,giao hàng chậm hơn mong đợi",NEU
không phải loại dễ chạy chỉ khi bị móng tay xước quẹt phải ,NEU
"chuột không nhạy lắm, mình thử qua 2 máy rồi,",NEU
Bị gãy cái móc quai kéo cái khay đựng trà,NEU
em rất buồn ,NEU
giao nhầm sản phẩm . giữ nhiệt dc tầm 3h,NEU
"đàn đẹp, giao hàng đủ nhưng shop chưa phục vụ tốt lắm nhắn tin nhiều nhưng ko rep lại, shop lưu ý nhé",NEU
Cái nắp ở trên xài 1 thời gian bị xúc ra,NEU
sp phù hợp với giá tiền ,NEU
Mũ khi mua vẫn để nước lọt vào.,NEU
lay nhầm màu cho minh ,NEU
vải ọ ,NEU
"Vải để nằm hơi nilon và cứng nhé
Dùng tạm nh giá thế là hơi cao sao với sản phẩm",NEU
vichy thì mình sử dụng rồi nên không nói về chất lượng nữa ,NEU
Mình mới mua nhưng thấy đèn quang dưới và trên không sáng?,NEU
ko thấy bị lỗi ở đâu ,NEU
"Vải thô cứng , bị nhăn",NEU
"Chất lượng sản phẩm tuyệt vời, tuy chờ đợi hơi lâu",NEU
Đã ăn thử và đang bán luôn ạ,NEU
"Không có hướng dẫn lắp đặt. Các lỗ khoan không chuẩn vị trí. 
Lớp vỏ bong do đóng gói sơ sài.",NEU
"Đặt mua loại 4 cốc, shop giao loại 3 cốc",NEU
Chúc shop buôn may bán dắt !!,NEU
giày nhìn đẹp nhưng đế giầy chưa mang đã rớt ra ngoài  thấy bất tiện và k có thẩn mũ lắm ,NEU
chất vải đẹp ,NEU
đã nhận được hàng ạ mà e quên không xác nhận ,NEU
cái quai ngang có vẻ lỏng lẻo  ,NEU
bo thun thi ok ,NEU
đặt lộn size giày có thể đôi lại được không.,NEU
"bình thường, giống y chang hình quảng cáo...",NEU
đóng gói sản phẩm rất đẹp và chắc chắn  phom gì nhỏ quá  không mang được ,NEU
shop gửi nhầm size bé tí k mặc đc lấy 2 bộ mà 1 vừa 1 bé tí ,NEU
đưa nhầm size nt k tl ,NEU
Áo đẹp nhưng hơi nhỏ so với size nam mặc,NEU
Máy không hoạt động cắm mãi ko thấy sáng,NEU
Chỉ tiết kiểu size ko đúng yêu cầu,NEU
shop ki quá mình mua 2 size l mà shop giao m ah ,NEU
áo bó phần dưới nên ko thích lắm ~ ,NEU
so voi gia tiền fai trả jo đang ,NEU
"Van khoá không kín, bị hở nha mọi người. làm ngã sẽ chảy nước ra ngoài.",NEU
áo chỉ tạm đc ,NEU
Thôi thì với cái áo này cũng chấp nhận với cái giá 72k,NEU
"agr big từ of biểu
chiều i đùi",NEU
"Hàng đẹp, phục vụ khách hàng k tốt, trước khi mua hàng nt thì trả lời, sau khi mua hàng nt thì mất tiêu k thèm trả lời",NEU
Giáo hàng nhanh,NEU
Khong co mau nau hay sao mà dao màu đen,NEU
tạm được so với giá! bị rách lỗ nhỏ,NEU
áo form khá rộng  nhưng 40 mấy kí như mình mặc vẫn rất đẹp ,NEU
Kính vô nước. chỉnh sữa rồi ko khớp mặt,NEU
"Lấy đại khỏi mất công đổi, nhưng ko vui",NEU
dog gói bt ,NEU
Vải không dày và đứng form như hình,NEU
"Hàng lắp xong, khi sử dụng nước bị xì ra từ khớp vặn, k sát.",NEU
Áo khá mỏng nha,NEU
Lỗ nhỏ ko? cho vừa đá viên,NEU
"áo nhỏ, vải mỏng",NEU
"dễ trầy nhìn kĩ có 1 lỗ như lỗ mọt 
giao hàng nhanh",NEU
Giao hàng nhanh,NEU
Giá cả chấp nhận được,NEU
"Xài tạm, rất lỏng nên lâu khô",NEU
chất da trên nắp của 2 túi có khác nhau nhưng tổng thể ổn ,NEU
Chất lượng phù hợp với giá tiền,NEU
max chất hàn quốc ,NEU
Đóng gói sản phẩm rất đẹp và chắc chắn Form đẹp nhưng vải hơi cứng,NEU
giao nhanh nữa ,NEU
"Xài bình thường, chấp nhận được",NEU
nhưng vẫn thấy đẹp ok ,NEU
Đã xài hết vẫn ko có tác dụng gì,NEU
Dù sao cũng ủng hộ shop,NEU
Nhìn mong manh quá,NEU
"Mình mới mua chưa dùng nhưng hộp ngoài hơi to, mang đi cồng kềnh",NEU
giao hàng cũng nhanh nữa ,NEU
chất lượng sản phẩm ta0 lao chất lượng sản phẩm tuyệt vời ,NEU
"túi này khá nhỏ, lượng trà bỏ vào túi chỉ đủ pha 1 ly 200ml để uống thôi. Túi này phù hợp với dân văn phòng hơn là dùng trong gia đình.",NEU
có một sự nhầm lẫn nhưng shop xu ly nhanh gọn  ,NEU
Sp tạm được phù hợp với giá tiền,NEU
Size 36 cứ như là 37 v,NEU
Cảm ơn shop nhiều lắm❤❤❤,NEU
có lỗi 1 chút ,NEU
Nhận hàng rồi nhưng không có quà tặng là ca uống nước,NEU
hinh ,NEU
Ai mún xem liên hệ https://facebook.com/hoangyenngan,NEU
Đưa nhầm size nt k tl,NEU
giao nhầm hag nhug ko sao ,NEU
"Hazzzzzzzzz nước xả vải đi đâu mất mà nó chỉ còn lưng chừng như này. 1,8l hay không không biết nữa.😂",NEU
Hàng đẹp giá chuẩn nhưng chỗ gắn hoa vào hơi bị đùng chút,NEU
Thấy vẫn có Chuột chắc đuổi được may con,NEU
tuy chất k dày lắm nhưng vẫn ok ạ ,NEU
Uhuxtđxvuctztxchvf g g hcvgxxtc,NEU
Kiểu dáng y hệt hình nhưng chất vải k mát lắm,NEU
Sản phẩm đẹp có điều nhanh bị bong,NEU
không có khuyến cáo gì về sp,NEU
"Đã nhận được hàng. Tiki đóng gói cẩn thận. Sản phẩm nhìn chắc chắn, có đây cột túi . Chưa biết sử dụng như thế nào vì mình thấy sản phẩm tương đối nhỏ , nhỏ hơn cả trà túi lọc",NEU
cũng được ,NEU
Rẻ thế này mà áo đc y hình,NEU
"Mình 50kg bầu 4 tháng mua size 2XL mà mặc vừa zin,dáng quần đẹp,mấy nữa bụng to tí phải mua size to hơn thôi :)",NEU
"Bình có dung tích lớn, giữ lạnh tốt hơn giữ nóng. Tuy nhiên thì lớp sơn rất dễ bị trầy",NEU
Hơi nhẹ. số kg hơi ít so với giá tiền,NEU
sp dầy ,NEU
chưa có sản phẩm,NEU
chất liệu không mát lắm nhưng đường may khá cẩn thận và màu sắc   hình in đẹp nên vẫn ok ạ ,NEU
giày dáng đẹp nhưng chất dễ chóc đóng gói sản phẩm rất đẹp và chắc chắn phù hợp với giá tiền ,NEU
"Lau thì sạch, mà chạy hơi lộn xộn, chắc chưa quen",NEU
Shop ơi,NEU
mình đặt 3 bộ và có 1 bộ cúc áo bị lệch ,NEU
Hị hị,NEU
Không có nhưng được hoàn tiền đầy đủ,NEU
tiếc quá ,NEU
chuột chạy mất dép haha ,NEU
màu đẹp. giao hàng nhanh. nhưng túi k dài đủ 30cm nên hơi thất vọng. tạm cho ⛤⛤⛤,NEU
sản phẩm giống mẫu ,NEU
thời gian giao hàng rất nhanh    nhưng bung hàng ra thi co vài trai banh bị bể ,NEU
bị cấn nhẹ phần đầu . .....,NEU
cảm ứng ko nhạy.,NEU
"keo không bám dính tốt, lung lay sau 2 ngày",NEU
"Shop đóng gói hàng chưa cẩn thận nên khi vận chuyển nắp bình bị bể, đổ một ít ra ngoài.",NEU
Làm rơi một lần là nó gãy cái lớp ngoài hơi tiếc,NEU
"tuy vòi nhà mình k tháo đc để lắp nhưng dù sao chất lượng cũng ok  ""     ",NEU
Có vẻ khong hiệu quả lắm dùng sản phẩm khong thấy kiến ăn chắc thuốc hơi yếu ạ,NEU
nhiều nhũ  lấp lánh  màu lên ưng ạ ,NEU
"Sản phẩm ghi tự giữ, hình ảnh cũng thể hiện tự giữ nhưng hàng giao không tự giữ. Không uy tín.",NEU
"cảm ứng yếu ko nhạy
nam chân dán lên rớt liền",NEU
chất cũng đẹp nhưng quần hơi ngắn ,NEU
Có vẻ hơi mỏng manh,NEU
hộp bẹp nhép nhưng do nhà vận chuyển nên kh trách shop nhé ,NEU
"Sản phẩm tạm được, giá rẻ.",NEU
hàng tạm được  hơi cứng ,NEU
bình ko giữ đc nhiệt như quảng cáo,NEU
đóng gói sản phẩm rất đẹp và chắc chắn shop phục vụ rất tốt   nhưng áo hơi nhỏ  ,NEU
shop giao hàng để ý lai nhé ,NEU
vải hơi thô ,NEU
Mau ao nay nho qua minh mac ko vua,NEU
thời gian giao hàng rất nhanh   bình bị chay sữa   chan ,NEU
hàng đẹp nhưng của mình 1sai ,NEU
thời gian giao hàng rất nhanh   nhưng áo hơi ngắn shop ạ  ,NEU
Hộp hơi trầy nhưng hàng đóng gói kĩ,NEU
đóng gói bị móp chút  đặt 2 màu hồng và đỏ  củ thanh anh đẹp  được tặng kèm viên nén ươm nhưng chưa dùng tới  đợi một thời gian xem sao đã ,NEU
minh mua ve cung de ko ,NEU
"Hình thức đẹp, tuy nhiên cao su cọ hơi cứng.",NEU
"Kính vẫn vào nước, không như kỳ vọng",NEU
Hàng oke. Giao nhanh. Đóng gói xấu,NEU
size 36 nhỏ hơn bình thường ,NEU
Mình nhận dc cái túi nó móp méo,NEU
đặt màu xang đen gửi màu đen ,NEU
Nói chung hài lòng,NEU
rất đáng tiền thời gian giao hàng hơi lâu ,NEU
đặt áo cổ thuyền nhưng lại giao áo cổ tròn cộc tay ,NEU
hàng mỏng  vải bt  nói chung là tiền nào của í ,NEU
sọc k bự như hình  vải mỏng  nhưng vẫn đẹp ,NEU
đủ 12 tháng ,NEU
Đất hữu cơ trồng cây đa dụng...,NEU
shop trả lời tin nhắn chậm ,NEU
Không như mình nghĩ nó sẽ đẹp,NEU
Mực mỏng ko dày,NEU
xl e chụp dìm qa ,NEU
nhu trong hinh sao ban hang ki vay ,NEU
chất vải cũng khác ,NEU
túi mini gọn  dễ thương ,NEU
Bảo tác dụng nhưng phun hôm trước hôm sau vẫn còn ruồi,NEU
vải co dãn tốt  mát ,NEU
shop giao hàng không đúng mẫu     bạn đăng là dưới đế màu đỏ ,NEU
sản phẩm bình thường lau bếp ko bằng khăn ướt,NEU
tốt không có gì phàn nàn  @@@@,NEU
Mình 43kg cao 1m57 mặc hơi rộng,NEU
màu có hơi đậm hơn nhưng rất ưng ,NEU
vì vận chuyển nên hư box mất tiêu ,NEU
Size XL lại size S nhìn nhỏ hơn hẳn lần trc mình đặt,NEU
chất mỏng ,NEU
tại nghĩ giá thành rẽ v  ,NEU
lưu ý cho những ai muốn đặt màu trắng  như mình  là màu này nó hơi nhạy cảm một chút  ra sáng thì sẽ bị lộ nội y nên cần lựa áo trong cẩn thận hoặc dùng làm áo lót mặc ở giữa thì phù hợp hơn      ,NEU
Giao thiếu hàng.thiếu hàng khuyến mãi.,NEU
đường chỉ may đẹp ,NEU
mình nhận dc cái túi nó móp méo ,NEU
Trội ôi,NEU
có điều shop chú ý kiểm tra hàng trước khi giao cho khách nhé  bộ màu vàng của mình bị thủng 2 lỗ ở quần nhưng thôi lỗ cũng nhỏ mà đồ mặc ở nhà nên cũng ko sao ,NEU
Áo y hình!,NEU
chất sờ cũng mềm  nhưng có vẻ nhanh rão  giặt phi màu rât nhiều ,NEU
Sai bảng màu mắt shop nha,NEU
Cảm ơn shop nha,NEU
"Quần bị ngắn nếu người 1,7m",NEU
"Sản phẩm không dán tem , Khi gặp sự cố cần bảo hành thì làm sao đây .Cần sự hỗ trợ từ Tiki (vì trường hợp có thể mình sẽ gửi bảo hành bên Logitech họ không hỗ trợ sp không có tem)",NEU
Chất co giãn tốt nhưng dễ nhăn.Sau khi giặt phải là,NEU
"Mình tưởng 2 sp là 199k chứ nhỉ , hóa ra 1 chiếc",NEU
sine xl kêu là 60 đến 70 kg mặc vừa  mà mặc dc cái áo ko mặc dc quần ,NEU
Không giống hình màu k đẹp nhưng vải thì đc,NEU
Áo giống hình cute nhưng chất vải mặc hơi bí không được như mong đợi hơi thất vọng,NEU
lan sau rut kinh nghiem ,NEU
Tiền nào của đó thôi ak,NEU
Ko pit sao con e lai bi bón😔,NEU
đóng gói tốt ,NEU
Tấm lau không lau sạch được sàn nhà. Lỗ xịt không dạng xịt phun sương.,NEU
Vì ngại đổi trả hàng nên mình phải đánh giá 3 sao,NEU
nệm nghe mùi hơi khó chịu . lâu dài mới đánh giá đc độ xệp lúng,NEU
xần ,NEU
chất lương tương xứng với giá tiền ,NEU
Hơi dài,NEU
Nói chung mình ưng ý ❤,NEU
Đã mua 5 chiếc mặc dần hahaa,NEU
áo len rất to ,NEU
chất lượng ổn nhưng dễ trượt,NEU
chảo to nhưng mỏng và k phải vân đá mà là mạ nha các bạn ,NEU
Giao hàng nhanh chất lượng sản phẩm ok. nhưng áo hơi trật so với mình đặc.mặc k vừa giờ để đó nhìn buồn gê,NEU
"không sắc, xài tạm chứ không như quảng cáo.",NEU
Hàng thiếu ốc vít bị bể rất nhiều,NEU
không biết nó chết hay đi đâu mà giờ thi tuyệt đối không thấy con nào lun ,NEU
cũng gọi là ok ,NEU
"keo cứng, nặn hơi khó khăn",NEU
chất lượng giấy tạm tạm à ,NEU
"hàng by
dkkjdjjdjdjkdkfdkdfkkfkf",NEU
ý kiến cá nhân của em là classic ko hợp với dây cao su kiểu này lắm  fr sẽ hợp hơn ,NEU
Không dùng được nhưng con ốc nằm lẻ góc hẹp,NEU
Túi váy hơi cạn,NEU
chất lượng bt ,NEU
Cái này k phải len tăm mà là cotton nha..,NEU
Shop có thấy cmt thì cho e hỏi là kết nối vs PC thì cần mua thêm cáp gì ko,NEU
Thời gian giao hàng thì rất nhanh.đồ thì đẹp nhưng chỉ trừ lưng quần thì hơi rộng .giao đúng size đúng màu,NEU
"Đầu cắm khá lỏng, không chặt",NEU
chị chủ shop nhiệt tình ,NEU
với giá tiền đã sale thì chấp nhận được ,NEU
ta pamper về giá tầm trung nhưng xài chất lượng rất ok ,NEU
chất lượng vải nhiều nilon  nói chung là tiền nào của nấy ,NEU
Ko như mong đợi. Cán lau kính ko mượt.,NEU
"Nhanh giản, chưa đc chắc chắn",NEU
"Ok, hàng tốt",NEU
Sẽ ủng hộ dài dài,NEU
Ống chân k giống như mẫu may chất cũng được,NEU
có điều lấy nhầm màu cho mình ,NEU
"Áo hơi to, ai muốn mặc ôm hơn xíu thì lấy lùi lại 1 size",NEU
"Hang đẹp, giá mềm 💋",NEU
mua cả tháng mà nó bắt có vài con. trong khi muỗi cắn thân chủ ngồi cạnh đấy. tôi phải đi mua 4 cái mùng về ngủ. :( how sad.,NEU
"Tuy nhiên vải kẻ phối hơi dày và nóng, cổ ảo rộng so với size, nếu vòng cổ thu nhỏ lại tầm 2-3 cm nữa thì ổn và mặc sẽ ko cảm giác bị đua ra",NEU
áo y như hình  vải hơi mỏng xíu và dây áo dơ ,NEU
Chất lượng tạm đc.vải ko co giản lắm,NEU
"Bình thường về chất lượng, ok về mẫu mac.",NEU
Không biết bên bán hàng có check lại không hay do vận chuyển nhưng bình nước mình nhận bị móp mất phần nắp bình ạ.,NEU
"Viền chảo thấp quá, không dùng được bêap từ",NEU
sice s nhưng to quá ,NEU
Hàng đẹp nhưng áo hơi to ạ mình mặc nhưng cổ hơi bị rộng quá,NEU
Chưa dùng nên chưa biết chất lượng như thế nào,NEU
chất lượng sản phẩm tuyệt vời com bi vun qua k dc nguyen ,NEU
Hàng đúng mẫu,NEU
Nhất là bộ quần âo cho bé nhưnh áo khoác giặt phai màu quá lem hết ra viền trắng,NEU
Y hình,NEU
vải xấu k dc đẹp lắm ,NEU
"Cơ mà mặc lên cảm giác vải hơi mỏng so với mình nghĩ, nếp gấp cũng to hơn mình tưởng",NEU
Quá buồn,NEU
Vì nhìn rõ bên trong nên cảm giác vậy thôi chứ gói hàng rất chắc chắn nha,NEU
sản phẩm vãi hơi momgr và hơi dơ ,NEU
mình 43kg mua sz m hơi rộng qias  lần sau mua sẽ mua sz bé hơn ,NEU
"Áo đẹp mình mặc vừa, cảm ơn shop",NEU
"Sai màu, trắng giao nâu😴😴",NEU
tai thỏ hơi khó bóp nhưng rồi cũng quen ,NEU
áo không to như mình tưởng ,NEU
đi lâu sẽ bị đau chân ,NEU
bị mất tai mèo   ,NEU
2 lần trước mua của shop bỉm mền hơn lần này chán quá chỗ đũng bỉm cứng ko giống những lần trước ,NEU
mới dùng chưa rõ tác dụng nhưng thấy cũng ổn,NEU
"Mới xịt thì ổn, thuốc k nặng mùi, hai ngày sau thì muỗi trở lại và có thể bám trên tường đã xịt.",NEU
"Date khá cũ, mọi người để ý nhé",NEU
Nhận hàng bị mất chốt đầu nit,NEU
cao su rất hôi gây khó chịu,NEU
hàng giống hình nhưng nó quá to ,NEU
Gửi sai hàng thiếu hàng nói đổi hàng thì bắt trả ship:)),NEU
Nznxhfjjxjdjkdjxjsnsnsnndnfbd dnbsnsnd,NEU
Cạp nhỏ,NEU
miếng dán không thật sự dính lắm. Tuy nhiên cũng có thể coi tạm tốt với giá này,NEU
và     ,NEU
Bọc hàng cẩn thận,NEU
"Shop tư vấn nhiệt tình, máy sục mạnh có điều ồn thôi",NEU
Đường chỉ may cả 2 bên cánh tay đều bị lỗi,NEU
"Sản phẩm giao không đúng ,phải đổi trả lại tại shop.tiki giao hàng nhanh hơn dự kiến!",NEU
"Giới thiệu sản phẩm ngã không đổ nước. Thực tế khi đã đóng ống hút, nghiêng bình nước vẫn chảy ra bình thường. Không như quảng cáo.",NEU
Cảm ơn shop nhiều,NEU
Mua chơi thôi nếu có ý định dùng lâu thì nên inbox shop tư vấn sản phẩm khác,NEU
sản phẩn rất ok .rất vừa tư thế cho các e nhỏ ngồi học .,NEU
Nếu 50 thì phù hợp với chất liều chứ 100 thì hơi quá hỉ,NEU
Bình thường không có gì đặc biệt,NEU
"Sp dùng đc, thanks Shop nhiêu",NEU
chất vải nilon nhiều mặc nóng  nói chung mặc tạm dc ,NEU
Nắp bình bị móp. Nắp nhựa nên khi đựng nước nóng mùi hơi nồng,NEU
chưa xài thử ;    nếu k tốt quay lại sửa oánh giá  không sửa coi như chấp nhận ;    ,NEU
"Form ko giống hình, tạm đc",NEU
Mùi thơm mk có nhìu chai k có tinh dầu no-no,NEU
Giao hàng hơi chậm Đóng gói sản phẩm rất đẹp và chắc chắn,NEU
M mặc hơi kích tí.chịu khó giảm kg thôi,NEU
vải áo hơi mỏng và mang nóng  nói chung là tạm ok ,NEU
"Shop bán hàg chính hãng, lực hút mạnh",NEU
cập nhật sau khi dùng  chua so với bé ,NEU
"chất vải đẹp,nhưng giao nhầm màu chon màu be ma giao màu khác",NEU
em cám ơn shop ạ ,NEU
"Áo bra chất xốp, ko ôm, ko cứng cáp, ko p do size mà kiểu áo nó bửa ra thế",NEU
mong là giặt xong k s ,NEU
dây balo hơi ngắn so với người của mình ,NEU
Hàng đẹp giá rẻ,NEU
Monh do giuong ko chinh xác 1m8 bi thua minh gui lai shop mua 1m6 à,NEU
Giá cả chấp nhận được,NEU
"Nước để một đêm hôm sau chỉ còn ấm thôi, nhìn chung chỉ dùng để mang đi làm thời gian ngắn thôi",NEU
Nói chung là tốt so với giá,NEU
mặc tạm thì ok ,NEU
Giao hàng thấy cũ. Không nhưnlaanf trước.,NEU
"(*) Đánh giá không tính điểm
Giao thiếu xe đồ chơi rồi nè , giờ sao khiếu nại dc , mua chủ yếu lấy đồ chơi cho con mà giao thiếu cái mình cần",NEU
Bộ lau nha xài tốt đễ lau,NEU
"Vải nóng, nằm không êm, hơi tiếc",NEU
"Chất liệu nhựa, dễ gãy và khó vệ sinh",NEU
Hàng tạm ổn,NEU
hủy đơn thì nhắn tin hỏi số đt để nạp tiền rồi tiếp tục im lặng ,NEU
Balo Quá Mỏng,NEU
Đáng mua,NEU
"Ko biết do vận chuyển hay do shop mà hộp hàng nhận tới tay móp méo hết cả, nhưng hên là ko ảnh hưởng đến sản phẩm",NEU
sp ok y hình ,NEU
"thiết kế gọn đẹp , hàng chất lượng , nhưng hơi bất tiện  phải tháo mieng lau ra giặt trong khi lau .",NEU
sản phẩm ok giao hàng chậm,NEU
Khi giặt nên giặt riêng,NEU
"Tạm dùng, ko tăng áp, ko phải inox",NEU
"Đặt mua tím nhạt , gởi màu tím này",NEU
dành cho những bạn ngực to  vải mịn  mướt nhưng mình thấy vòng dây qua lưng hơi chật  mình ko mập đâu 46kg ,NEU
"Vừa dùng lò vi sóng thì bị như này không hiểu vì dao, đọc hướng dẫn sd thì dùng đc cho lò vi sóng",NEU
"tạm, chất lượng cũng được",NEU
bắt không hiệu quả lắm. không như kì vọng,NEU
"tạm được, ko như mong đợi",NEU
Vẫn hơi khó sử dụng khi cần,NEU
túi đẹp nhưng hơi bé xíu ,NEU
nhưg tiền nào của nấy nên tạm đc     ,NEU
May cai kia ko dung duoc,NEU
"Dùng để đối phó vài lần thì được, nói chung xài được 3 tháng",NEU
mũ đẹp shop àh  ,NEU
đặt áo size s mà giao nhầm m  cũng may là mặc đc  thoải mái ,NEU
mới order hôm qua hôm nay đã giao tới ,NEU
Sản phẩm đẹp nhưng cứng quá,NEU
size xl nên hơi to ,NEU
B nên lắng nghe khách hàng với,NEU
Thôi để tiền mua cái khôn cũng đc,NEU
chất liệu vải thì ok ,NEU
"Chất lượng sản phẩm tuyệt vời , Shop phục vụ rất tốt ,thời gian giao hàng rất nhanh",NEU
"Vừa rin luôn, lần đầu tiên mình mua quần không phải sửa",NEU
"Vải mềm mịn, ít chỉ thừa, màu đẹp, tai thỏ cute",NEU
Đẹp,NEU
đồng hồ về kiểu dáng đẹp và san trọng nhưng nó chạy giờ lúc trận lúc nhanh lúc thi bị đơ ko chạy tí nào way shoppi ,NEU
Size nhỏ quá...còn cạp quần thì quá cao luôn 😂,NEU
vai đep kieu dang đep  nhung minh mua 1cai sezi l va 1 cai size m  nhung giao giong nhau đieu size l het ,NEU
hơi bị fail phần mũi giày. còn lại đều ổn,NEU
"Chất lượng sản phẩm oke, khâu đóng gói hoặc vận chuyển kém",NEU
chuột hết pin thì dùng loại pin nào để thay được vậy ad? sao mới mua được 2 tháng mà chuột đã hết pin trong khi giới thiệu dùng được 24 tháng vậy?,NEU
"1. Đóng gói sp kém, chỉ cuộn màng bọc, nên bị trầy xước.
2. Không có hướng dẫn sử dụng
3. Không hỗ trợ lắp đặt
4. Không có nắp bịt các đầu hở.",NEU
Gói hàng siêu kỹ bóc mắc xỉu shop ơi,NEU
"Rất đáng tiền, nhưng màu hoi nhat",NEU
Giao hàng chậm hơn 1 tháng,NEU
"Mua hàng về phát hiện ra bàn bị bong tróc, dập lỗi. Kiểu như va đập lòi gỗ mùn cưa ra",NEU
chất lượng sản phẩm đẹp   ,NEU
vải hơi mỏng và nhiều chỉ thừa ,NEU
bình khá ok đóng gói chắc chắn,NEU
Shop ơi sao shop tính tiền ship của e hết 111k lun vậy shop đáng lý là 60k thôi shop ạ,NEU
Sp tạm ổn dùng đc. Nhìn như hình,NEU
mỗi tội giao nhầm size   ,NEU
Shop nên để lỏng thôi,NEU
thời gian giao hàng nâu   sản phẩm tạm đc nói chung k ưng cho lắm ,NEU
hàng giao bị bể góc ......,NEU
Từ Bình Tân giao hàng qua Bình Chánh mà tính phí ntn nè mọi người,NEU
bình thươngf ,NEU
Đặt hàng 2 ngày ko thấy giao,NEU
Dùng khá tốt. Chỉ có mới mua dùng được hai bữa thì miếng lót ở dưới đáy rớt ra. Đựng đồ lạng giữ được khá lâu.,NEU
hơi rộng so với mình ,NEU
Thời gian giao hàng rất nhanh,NEU
không ôm sát cửa. tạm được,NEU
Tạm đc,NEU
Diệt 2 lần vẫn chưa hiệu quả,NEU
Chất đẹp nhưng shop giao nhầm mẫu cho mình,NEU
nói chung mình ưng ý  ,NEU
Dễ bị tróc keo. K thật sự ổn lắm khi dùng,NEU
chat vai dep khi mua ve ao dinh j í mau den ma rua hoac giac la ra nen ko s  ,NEU
cám ơn chủ shop rất nhiều ạ ,NEU
mình chọn size s nhưng cổ áo hơi sâu ,NEU
"Tiện lợi, gọn , thẩm mỹ   nhưng phần cây ống thép nối lại với nhau yếu, không chắc chắn lắm.",NEU
hàng mỏng  nhìn không chắc chắn  mua deal đôi puma 9k  400k cho 2 đôi thì tạm chấp nhận được ,NEU
"Dây dễ đứt , tập có 2 buổi đứt tè le",NEU
Cơ mà tiền nào của ý,NEU
Màu đẹp y hình,NEU
bình thường so với giá tiền phải bỏ ra mua,NEU
"giao hàng nhanh, đóng gói kỹ",NEU
hơi đau chân ,NEU
sp k pu hop cho nguoi nguc nho,NEU
nghe review miêu tả ghê gớm lắm mà ,NEU
Shop phuc vụ tốt,NEU
"Shop ơi, ko biết trước khi giao shop có *** hàng không nhưng mình nhận được hàng thì đèn không sáng. Tiki hỗ trợ lại giúp mình nhé!",NEU
Nói chung chất lượng phù hợp giá tiền,NEU
chất lượng sản phẩm được nhưng chất vải hơi cứng ,NEU
Giày đẹp,NEU
Chấp nhận được ạ,NEU
Nói chung cũng ko thơm lắm nước loãng,NEU
"- Đóng gói tốt
- Sản phẩm chất lượng chưa được như ý mình, giấy mỏng, thiết kế khó rút
- Điểm: 3/5
- giao hàng đúng hạn
Kết: Khả năng quay lại shop này mua không cao",NEU
đèn dùng ok tuy nhiên không có 2 chức năng như hình mình đánh chéo nhé.,NEU
vải hơi xấu  v nhưng tiền nào của đó thôi ,NEU
thanks ,NEU
Cái áo nhu cái mềm,NEU
"Đóng gói không cẩn thận, bịch muối bị rách",NEU
Sản phẩm chỉ tạm chấp nhận,NEU
áo sơ mi chất tạm được tuy có vài chỗ bị dính màu đỏ ,NEU
"Quần y hình,phần eo khá nhỏ, eo 61cm mới vừa, phần mông thì khá rộng",NEU
Mong lần đặt hàng sau ngày sx sẽ là năm 2018,NEU
chất vải ok nhưng shop gửi sp bị lỗi 1 chút  hi vọng lần sau mua hàng shop kiểm tra kĩ hơn ,NEU
"Khó xài, ko tiện như loại truyền thống",NEU
Giao Kg đúng mẫu mình chọn,NEU
giày giao về hơi dơ nhưng giao rất nhanh ,NEU
ủng hộ shop ,NEU
Giữ nhiệt ko tốt lắm. Tg ko lâu như sp lock lock trước đã dùng,NEU
Okk lắm nha,NEU
Đường may vai vs dây áo hơi ẩu :) nhưng ks mk may lại đk,NEU
Không biết nói gì hơn,NEU
Shop tư vấn nhiệt tình,NEU
Không đẹp 😔😡,NEU
"K có gì đặc biệt, 3 sao.......",NEU
nói chung hàng như hình ,NEU
"hàng của công ty bọc tốt, đèn sáng, nút bấm nhạy nhưng tiki giao quá lâu",NEU
e đặt áo hồng mà gửi trắng ,NEU
Lâu lâu bị chập điện tạch tạch dù k có con nào bay vào,NEU
Thảm mình nhận bị 1 lỗ thủng và hơi dơ tuy không to quá nhưng hơi mất thẩm mỹ chút. Phần định tuyến mờ gần như không thấy được.,NEU
Minh mua tiếp,NEU
"Chất lượng ko như mong đợi, đóng gói tạm ổn. Ko hài lòng",NEU
đóng gói sản phẩm chắc chắn,NEU
shop nên cho lộn xộn mùi để ng mua có nhiều sự lựa chọn ,NEU
"khống vừa đoêuf khiển loại bé   , sohp có pin loại bé k?",NEU
Nhưng chất vải mặc nóng,NEU
"Ưu điểm: đạp chế độ nặng vừa thì tốt
Nhược: máy đạp ồn, chỉnh chế độ đạp nhẹ thì ko bàn ko đạp lên xuống đc và đồng hồ sẽ ko nhảy",NEU
"Chúc Shop ngày càng phát triển , bền vững",NEU
chat luong binh thuong ,NEU
2  mẫu áo đơn giản  dễ thương ,NEU
áo không như mong đợi cho lắm đóng gói sản phẩm tạm được ,NEU
các bạn chua ý size khi mua ,NEU
Có tay áo hơi chật tí và ngắn,NEU
Vải dày dặn đẹp nhưng có điều size giống size L,NEU
"Dây lưng quá cứng, chiều  dài khá ngắn",NEU
Bán nhầm sản phẩm iphone 7 black chứ ko phải iphone 7 plus/8plus như đặt,NEU
"Phù hợp cho pha đậu đen, trà",NEU
sản phẩm tốt ,NEU
Tuy nhiên size ko giống mô tả,NEU
sau rút kinh nghiệm nha ,NEU
mình nhờ của hàng và tiki xem lại giúp mình mình mua 3 sản phẩm là rổ keo chà ron và bọc chân ghế. shop gói thiếu bọc chân ghế cho minh rùi,NEU
"giao hàng quá chậm. ko hài lòng. 
sp thì ok",NEU
"dày dặn, form đẹp. miệng túi hơi to.nên cẩn thận nếu k sẽ rơi đồ từ túi",NEU
e đặt sọc to mà giao sọc bé tí í ,NEU
@@ mua tận 4 cái,NEU
chất hơi cứng chút nhưng vẫn ok  tương xứng với giá tiền ,NEU
Cảm ơn shop,NEU
Tien nao cua đó,NEU
"Nhờ ng nhận hộ nên không ktra hàng
Bình bị méo rồi nè shop ơi",NEU
Vải khá mỏng giống như vải Northface fake 1 lớp ấy,NEU
như hình ,NEU
Mình mua 2 cây luôn vì màu đẹp nhưng chất son không thực sự ổn,NEU
Ahihi,NEU
Tạm được,NEU
Mình dùng cho tay cầm bàn chải điện mà thấy ko hết vết mốc. Hic,NEU
shop phục vụ tạm được đóng gói sản phẩm tạm được shop phục vụ tạm được shop phục vụ tạm được ,NEU
đường may không đều thẳng ,NEU
"lâu lâu nó bị khùng, đag sáng là tắt cái lẹt ?",NEU
Mẫu mã đẹp chất lượng vừa ý nhưng hơi tiếc vì đấy chao nhỏ quá không sử dụng được bếp từ,NEU
size  ,NEU
vải không thích lắm  đóng gói sản phẩm rất đẹp và chắc chắn ,NEU
Tiền nào của nấy,NEU
mô tả của shop là dưới 55kg mặc được ,NEU
"thảm dễ trượt, ít bám, không êm lắm",NEU
"Hàng lỗi, rách ống tay",NEU
"Độ ma sát ít, hay bị trơn trợt",NEU
"Áo phông chất ok, áo tay dài chất vải hơi thô rát",NEU
giao hàng nhanh  keo rất dính  keo khô lại thì chắc lắm  mình phải dùng dao rọc giấy mới phá keo ra được vì dán sai ,NEU
không ưng ý lắm! không hài lòng lắm,NEU
Size s còn hơi rộng,NEU
"hàng giao không đúng. Mua combo 100x5, giao hàng 1 túi ghi 500pcs nhưng chỉ được 412pcs",NEU
form áo rất ổn nhưng chất phải k đều  mặt trc vải thô cứng hơn mặt sau ,NEU
chất lượng cũng okii đaya,NEU
áo giống hình cả form lẫn màu,NEU
"Chào shop,
   Mình nhận hàng với tình trạng bao bì carton bị rách, gói hàng bên trong sau khi kiểm tra thì vẫn ok. Nhưng shop nên complain bên giao hàng vì thấy shop có ghi chú ""XIn nhẹ tay"" nhưng vẫn bị rách bao bì. 
  Nhân tiện shop cho hỏi xem hạn sử dụng ở chỗ nào vậy, mình có dùng app tra tiếng Nhật nhưng không thấy chỗ nào ghi ngày sản xuất hay hạn sử dụng cả. Có 2 chô có thông tin ngày tháng thì 1 cái có số 2015, 1 cái có số 2018, không biết có phải ngày sản xuất hay hạn sử dụng không.
Cảm ơn!",NEU
chất áo hơi nónh xíu ,NEU
vải mỏng phù hợp với giá tiền ,NEU
chat luon thi cung duoc   moi toi vai nhieu vet gap qua ,NEU
"Mua lại lần 2 thì quế vụn như cỏ, ko thơm",NEU
mùng giao nhanh nhưng mới xài 2 ngày đã bung khoá r. may mà còn gắn đc,NEU
size m voi l chỉ hơn nhau có xíu ah ,NEU
Hàng y hình,NEU
chất lượng sản phẩm tuyệt vời thời gian cb hàng quá lâu ,NEU
Thiếu lưới đựng bóng,NEU
"Dây made in China, mỏng manh lắm, kg biết xài được bao lâu 😁?!",NEU
Sao nhựa bình thường ko có dạ quang,NEU
"Hàng hơi mỏng, cũng tạm",NEU
giao đúng màu ạ ,NEU
Không phải cao su non như quảng cáo. Mà 500k thì làm gì có cao su non nhỉ kkk,NEU
"Sản phẩm ổn nhưng giao hàng ko đóng gói, chỉ đưa bình trơ trọi dễ bị đổ",NEU
Vải mỏng,NEU
E cảm ơn,NEU
Đã nhận hàng nhưng tổng số lượng tạ có 37.5 kg thiếu 2.5kg shop gửi lại tôi  cho đủ số lượng đặt 40kg nhé,NEU
Mình luôn muốn xem khách chụp áo thật,NEU
vừa in ,NEU
để ăngten trong phòng khách tín hiệu siêu yếu ,NEU
Để ăngten trong phòng khách tín hiệu siêu yếu,NEU
Màu hơi tối..,NEU
"không có gì thay đổi, chuột k phản ứng gì",NEU
Nhưng chất OK,NEU
do k nhồi căng các góc ,NEU
"Xà phòng không nghe mùi thơm cho lắm, thoang thoảng thôi ngửi kĩ mới thấy nhưng mà lọ cute với đóng gói kĩ",NEU
màu 15 hơi ngả về tông hồng hơn là đỏ khi son lòng môi ,NEU
"Lần đầu mua shop giao nhầm màu (đã gửi lại cho shop, đang đợi hoàn tiền)",NEU
"Chốt khoá của cây lau nhà dở quá, xài mới vài lần gãy rồi",NEU
vải sờ khá mỏng  không như mong đợi nhưng nhìn chung ổn ,NEU
Lắp bình chán quá. Lắp vào toàn bị lệch khó lắp .,NEU
Chủ shop k tương tác với khách hàng,NEU
mình cần đổi trả thì làm sao shop,NEU
tạm được,NEU
chất lượng tốt  ,NEU
"Cho shop 3 sao 
Hàng cũng y hình mỗi tội giao hơi lâu nhưng do tình hình dịch bệnh cũng thông cảm cho shop vậy",NEU
Màu sắc tạm chấp nhận,NEU
nắp bình có vòng su đựng nước để lại mùi rất khó chịu,NEU
Chất lượng tạm dk,NEU
chất lượng vải mỏng ,NEU
"Đóng gói kĩ, giao hàng nhanh nhưng hàng chất lượng ko ổn, rỉ sét quá nhiều",NEU
Đồng hồ về kiểu dáng đẹp và San trọng.nhưng nó chạy giờ lúc trận lúc nhanh lúc Thi bị đơ ko chạy tí nào way shoppi,NEU
Hàng nhận được không giống như trên hình.,NEU
còn 2 bộ màu kia mình chưa mặt thử ep thick lắm shop nhưng đường mai phải jk đạp lại để mặt dc chắc chắn hơn sẻ ko pi bung chỉ so vs giá tiền như gì là ok ,NEU
"Dùng được, phù hợp với giá tiền.",NEU
"Khoá lỏng lẻo, thước cân bằng lỏng lẻo ko chính xác. Bám tường ko tốt.",NEU
Thời gian giao hàng nhanh váy hơi rộng,NEU
"đựng nước nóng,trà dễ bị đóng cặn phải rửa bình trước khi dùng lại",NEU
Không chịu được khối lượng lớn,NEU
buôn bán thật thà dùm đi mấy má ,NEU
chất lượng ok nhưng mình đặt áo màu đỏ giao cho mình màu đen mất rồi ,NEU
"Sản phẩm do đóng gói gập lại nên khi mỡ ra nó không được đẹp, kết nối giữa xốp và băng dính hơi lõng nên khi kéo cửa bị lóc ra một ít",NEU
ok ................................,NEU
khi nhận màu không giống hình,NEU
Sine xl kêu là 60 đến 70 kg mặc vừa .mà mặc dc cái áo ko mặc dc quần,NEU
Đóng gói sản phẩm rất đẹp và chắc chắn Thời gian giao hàng rất nhanh váy không có quần trong hơi mỏng nhưng OK,NEU
Xl e chụp dìm qa,NEU
"Sản phẩm đẹp, chất lượng tốt, đóng góp cẩn thận",NEU
"Chưa thực sự hiệu quả, kiến trở lại sau 1 thời gian ngắn",NEU
Bánh ngon,NEU
nạp hơi bị lâu ,NEU
Chuột mới mua thì sài thấy ok. Thấy pin đi theo chuột sài đc tầm 2 3 tuần. Rồi sài đc tầm 2 tháng có dấu hiệu giật lag mặc dù mới đầu tưởng hết pin nhưng sau khi thay pin thì vẫn còn giật lag,NEU
Áo hơi rộng shop oi,NEU
k có màu đã chọn nhưng đc,NEU
hơi mỏng không được như sp trước của mình,NEU
xài cũng dc nhưng giữ nhiệt không lâu,NEU
đẹp nhưg hơi rộg ,NEU
chất vải cứng  với giá này thì ko đòi hỏi gì thêm ,NEU
nhưng dây cao su để đức quá shop ơi ,NEU
cách nhiệt thật nhưng hay bị vướng khi mở đóng cửa,NEU
"Hết hàng mà lại không báo
Quá thất vọng với cách làm việc này",NEU
gay ko chac chan lam. nhin hoi nho,NEU
k phải là chất thô như mô tả ,NEU
shop tư vấn nhiệt tình  sẽ ủng hộ shop dài dài  ,NEU
Quần rách,NEU
shop nên chỉnh lại ,NEU
Chỉ tới 45 kg thôi,NEU
mỗi cái váy mình 1m63 mặc hơi ngắn  ,NEU
chân váy k co giãn mấy ,NEU
k phải màu đen  nhìn như màu xanh dương đậm ,NEU
Có qua cho mỗi đơn hàng nua.,NEU
hy vọng lần sau bạn chủ ráp vải kĩ lưỡng hơn ,NEU
sau dùng nếu chất lượng ôk sẽ ủng hộ dài ,NEU
phù hợp với giá thành ,NEU
Đường kim mũi chỉ của đầm k đẹp lắm nhưng nhìn bên ngoài ok k lỗi gì cả,NEU
"Chất liệu tạm được, chấp nhận với giá tiền này",NEU
K mềm lắm,NEU
vải có giãn mà ít    bên trong dính màu hơi vàng   lần sau mong shop coi kỉ dùm    ,NEU
sản phẩm tệ về mặt keo dán .,NEU
"chiếu sáng không xa lắm ,gom sậngi hình hình vuông vuông",NEU
công nghệ hơi lạ  ko biết có bền ko ,NEU
Miếng đầu mình đặt là loại keo trong bám dính tốt. Nhưng 2 miếng sau lại là miếng đục và dính kém ??? Thật ko hiểu nổi,NEU
"Chỉ thừa khá nhiều,dáng váy thùng thình bạn nào thích mặc dấu quần style cực rộng thì nên mua ạ",NEU
sản phẩm thoáng mát okkkk,NEU
"ok tiki giao hàng  nhanh,hàng  giống  mẫu,nhưng  hạt  giống  chưa  gieo,nên chưa  biết",NEU
sạc mấy tiếng thì đầy. dùng được mấy tiếng nmmmjjjj,NEU
"Cuộn giấy rất ít, giấy rất dai, rất khó xé",NEU
hình in k giống ảnh cho lắm ,NEU
Chất lượng sản phẩm tạm được Shop phục vụ tạm được,NEU
chat luon thi cung duoc . moi toi vai nhieu vet gap qua,NEU
"Shop tư vấn nhiệt tình, sẽ ủng hộ shop dài dài ❤️❤️❤️",NEU
"Chất được, dáng được",NEU
cám ơn món quà của chị nha ,NEU
Đóng gói sản phẩm rất đẹp và chắc chắn Nhưng đánh giày chưa đc trắng lắm :),NEU
"Mình bthg mặc size S, mua size M mặc thoải mái vừa vặn , về đường may thì hơi sơ sài",NEU
ống chân k giống như mẫu may chất cũng được ,NEU
"đã xài đợc 2 hôm, mà m chỉ thấy nó thơm, chưa muỗi vẵn vẫn bay lảng vảng, và thậm chí đậu ngời ngời trước mắt m lun, như trêu ngươi.",NEU
sp đúng mô tả ,NEU
Cho 3 sao vì trc đó đã hỏi kĩ shop là có đường để nới ra nếu chật ko,NEU
Chuột Thái thì đuổi được chứ chuột VN thì nó gặm luôn cái chai...,NEU
Nắp bình bị toả nhiệt,NEU
lại còn được chị chủ shop tặng kèm son mini handmade ,NEU
đóng gói sơ xài  chất lượng ok ,NEU
Áo form lên đẹp nhưng hơi tiếc vì chất vải thô hơi ngứa,NEU
Chất lượng sản phẩm ổn so với giá tiền,NEU
Dáng áo không đẹp bằng áo sọc lần trước mình mua,NEU
chắc để rất lâu rồi mới giao hàng ,NEU
công dụng tốt nhưng hao quá ,NEU
hàng đẹp chị ah ,NEU
san pham dung bình thường,NEU
cảm nhận ban đầu là dùng không ngon như quảng cáo sản phẩm,NEU
Sáng khá nhưng sạc mãi vẫn không đầy,NEU
Giao hàng lâu,NEU
Thời gian giao hàng nhanh,NEU
Chất vải hơi mỏng.n áo đẹp l đk.like shop nè😂😂,NEU
giá treo bị trầy sơn do chồng lên nhau trong quá trình đóng gói,NEU
"nhận hàng bị gãy khoá, k hài lòng, nhưng hộp đựng đẹp vừa túi tiền",NEU
Sp phù hợp với giá tiền,NEU
"Tương đối, nhưng thảm quá mỏng, tập dễ đau chân, đầu gối.",NEU
"giao hàng nhanh, sản phẩm bình thường",NEU
Váy hơi rộng,NEU
quá chán. nắp có gioăng cao su mùi cực kì khó chịu.,NEU
Tiền nào cũa náy,NEU
giao hàng hàng nhanh sản phẩm đẹp nhưng hơi khó làm sạch vì vải lưới,NEU
không lưu hương lâu,NEU
bánh bt ,NEU
bình thường đc cái màu cute,NEU
chân tô nên mặc quần hơi bó tuy nhiên chất co giãn tốt nên chấp nhận được ,NEU
Nhận được giày thì cũng hài lòng nhưng chưa biết độ bền ra sao,NEU
Nói chung là tốt :),NEU
"Size 34 nhưng mặc chật, ko co dãn nhiều",NEU
Giao chậm quá..:((.. chắc do bên vận chuyển,NEU
Nhưng nhìn chung vẫn ổn,NEU
không có hàng nhưng shop đã gửi tiền lại cho mình ,NEU
"Dễ hư, mới sử dụng đc 1 tháng",NEU
Chỉ phù hợp cho lứa tuổi dưới 12.,NEU
xài cũng được nhưng giây ko định hình được,NEU
chất lượng sản phẩm tạm được hơi mỏng so với ảnh ,NEU
màu đẹp  vải ok  size hơi nhỏ so với mình 52kg ,NEU
 đẹp nhưng là áo freesize nên bạn nào nhỏ người nên lưu ý ,NEU
Chất lượng tạm được,NEU
v1 85 mình order sz38 ,NEU
"màu đẹp, nhưng ko giữ nhiệt được lâu, chỉ giữ nóng dc tầm 6 tiếng",NEU
Decal dán đẹp mỗi tội dc tầm 3 tháng là bong dần dần,NEU
"Ko hiệu quả lắm, dùng cả tuần và đặt ở vị trí nhiều muỗi nhưng vẫn ko thấy gì…",NEU
mỏng  ,NEU
"Sản phẩm có kèm theo 2 miếng đệm cao su nhỏ+ vít, vậy phải khoan tường gắn tắc- kê phải không nhà cũng cấp?",NEU
nhìn chung thì sp của chính hãng nên trông vẫn rất ok nhưng chưa sử dụng nên chưa thể đánh giá sâu đc ,NEU
Chất lượng sản phẩm tạm được,NEU
chỉ tiết kiểu size ko đúng yêu cầu ,NEU
Giao hàng lâu hơn dụ kiến,NEU
chất lượng tốt. nhưng mà hộp nhàu nát quá.,NEU
"Áo mỏng , vừa giá tiền",NEU
Sản phẩm kém quá. Phần gắn vào chổi giờ lỏng lẻo rồi ko gắn chặt vào dc nữa. Cái hốt rác ko làm nhọn xuống để hốt cọng tóc và bụi cho dễ dàng,NEU
"Ọp ẹp nhỏ như đồ chơi, gắn vào nhìn rất mong mạn dễ vỡ, phù hợp cho các bạn sinh viên hơn là gia đình",NEU
đặt đen mà shop gửi vàng ,NEU
"Chất lượng sản phẩm tạm được, phù hợp giá tiền",NEU
"Thời gian giao hàng rất nhanh, nhưng vải không ok lắm",NEU
san pham y hinh ,NEU
chất liệu k đẹp ,NEU
Rat la hiệu quả rất tot cay chong mau ra re *** nhanh cuc msnh,NEU
hàng chỉ giống mỗi màu ,NEU
"Thảm bẩn, đường cắt lỗi và tất nhiên màu ngẫu nhiên",NEU
dam i nhu hinh ,NEU
Hàng bị vỡ chắc trong lúc chuyên chở,NEU
cũng đc vì xài có mấy ngày mà dây cứ lỏng lỏng ak ,NEU
Ko giật mạnh như quảng cáo,NEU
"Giao 2 thùng nhưng đã bị vỡ 1 thùng rồi Tiki ơi! Nhờ bên Tiki hỗ trợ đổi hàng nhé!
Sản phẩm sử dụng ok lắm nên đã đặt mua thêm , nhưng nay giao hàng bị lỗi ạ",NEU
"Chất lượng sp kém , Shop phục vụ rất tốt",NEU
Thiếu  hàng tặng. Giao k đúng màu,NEU
Bị gãy lắp vào không  sát,NEU
"hơi tệ khi không có nút tháo nước cạnh thùng và chổi chỉ quay đc 1 chiều nhất định còn đâu mọi thứ khá ổn, thấm hút tốt.",NEU
"Mình mua của tiki trading cung cấp nên ko thể hàng giả được nhưng dùng mới 1 tuần thì sơn nó tróc như hình, mình dùng nhiều sản phẩm giữ nhiệt của lock&lock thì nhận định chung là sơn của nó khá tệ dù mình dùng cẩn thận lắm rồi!",NEU
Rộng quá huhu,NEU
ok nha ,NEU
Vải nhăn lắm Thời gian giao hàng rất nhanh,NEU
Hi vọng shop ko giận,NEU
rộng quá như bà bầu ấy ,NEU
hàng ok nhưng nó hơi nhỏ cũng tạm dùng đc,NEU
Gì cũng được. trừ cái lem màu. tập xíu 2 gối đen luôm ý! 😅,NEU
sản phẩm hoạt động đúng với giá dưới 10k  chỉ khoảng 3 giờ là hết thơm ,NEU
đổi hàng thì mất công  đành giữ lại vậy ,NEU
"Chất lượng sản phẩm tạm được, nhắn đổi không rep",NEU
áo lót bị xù lông  quần đẹp vừa vặn ,NEU
Đóng gói cẩn thận,NEU
Ly sao bị đổ mồ hôi v nè thua cái bình mua 100k nữa,NEU
Hàng nhận giống hình gói gọn,NEU
Ko được chắc chắn mỏng manh quá,NEU
shop phục vụ rất tốt  giao lộn hàng chỉ 1 vị nhưng shop đã nhiệt tình giải quyết  tương đối hài lòng  mong shop đừng lộn nữa ,NEU
chất len ok  dày dặn cầm nặng tay ,NEU
Gửi hàng ko đúng theo đặt hàng,NEU
mình mua ko vừa còn cho đổi ,NEU
"Hàng chất lượng tốt, giống hình",NEU
giao hàng nhanh nhưng chất hơi kém chỉ bị dúm ,NEU
"Giao hàng, đóng gói ok, tuy nhiên bình xịt không ở dạng xương mù",NEU
Vừa nhận được hàg là fb luôn đây 😌,NEU
Size k chuẩn xl mà nhỏ như M,NEU
áo so với giá tiền là ok ,NEU
hàng đẹp  chất lượng nhưng mình đặt sz lớn lại giao sz quá bé ko mặc vừa ,NEU
đóng gói sản phẩm rất đẹp và chắc chắn rất đáng tiền đóng gói sản phẩm rất đẹp và chắc chắn chất lượng sản phẩm tuyệt vời ,NEU
"Shop ko ghi rõ size, sp chỉ phù hợp cho người dưới 45kg",NEU
Chảo to nhưng mỏng và k phải vân đá mà là mạ nha các bạn,NEU
Gần 300k mà ko có nổi cái túi đựng,NEU
Nếu ko phải thì sẽ hỏi lại cho ra ngô khoai đó,NEU
Tiki gói hàng cẩn thận. Giao 5 ngày tới mà sản phẩm giao dễ tróc sơn. Vừa khui ra đã thấy tróc rồi,NEU
vải hơi dày  như sản phẩm ok ,NEU
Ao dep hoi bi bo 1 chut.giao hang hoi lau,NEU
chất áo mỏngg ,NEU
Mn chọn màu khác nha,NEU
"Điểm cộng
Sử dụng được
Kính cường lực, nhìn thấy được thức ăn

Điểm trừ
Sản phẩm bị móp méo
Hoàn thiện kém, cầm nắp bị phỏng khi nấu ăn

So với giá bỏ ra thì không hy vọng gì nhiều.
dùng tạm để tìm ra sp hoàn thiện tốt hơn.",NEU
xưởng may lên sz ko chuẩn ,NEU
Giao hàng k đúng size đã đặt pm k trả lời,NEU
Shop quên giao sp này,NEU
y hình ,NEU
"Nhưng giao hàng không đúng ngày, gây khó khăn trong việc nhận hàng",NEU
Sp đẹp có điều phần cổ hơi cao cần sửa lại,NEU
"Gế rất yếu, 75kg ko chịu được",NEU
m nhận dc áo rồi ,NEU
"San pham binh thuong, giu nhiet khong duoc lau nhu quang cao, nut khoa khong duoc kin - dong roi van bi tran nuoc ra ngoai mac du khong di chuyen",NEU
mặc hơi khó chịu tí vì cái gọng vs chắc ngực mình to size 38 mới vừa      ,NEU
"Ánh sáng ko thật, nhìn bị lóa măt.",NEU
cứ nghĩ m là vừa mà phom nhỏ quá lại ko ních dk ,NEU
chất lượng sản phẩm tạm được  1 bên tay in bị lỗi ,NEU
mau hết,NEU
chất lượng chuẩn ,NEU
Giao thiếu 4 chú tiểu rồi,NEU
Mình mua ko vừa còn cho đổi,NEU
Áo bt chất khá xấu Đóng gói sản phẩm chắc chắn,NEU
Đặc 7 áo vs đơn hàg 308k nhưg tíh ship quá cao tới 72k😏,NEU
Áo không như mong đợi cho lắm Đóng gói sản phẩm tạm được,NEU
Nói chung hài lòng,NEU
Mua lại sản phẩm như củ mà cây chổi lại ngắn hơn,NEU
"Bình thường, giá cao",NEU
Mẫu như hình,NEU
khá thất vọng về sản phẩm,NEU
váy đẹp  vải thì mình thấy pha nilon nên hơi nóng ,NEU
Vải rất mỏng Thời gian giao hàng rất nhanh,NEU
Khi nào cần mình lại ủng hộ shop,NEU
Mua cùng 1 loại nhưng cái áo này loại khác,NEU
Ko phải nghĩ!!,NEU
"Sau khi mua thì mình thấy gối cao su êm hơn, cái này hơi đau lưng, giao nhanh, đóng gói tốt",NEU
Giầy hơi cứng Chất lượng sản phẩm tạm được,NEU
màu đúng hình  kiểu ok ,NEU
"Lưới trong bị đụng lưới ngoài nên nó chạm nhau. Phải sửa lại một tí.
Đèn sạc thì sạc gần 5h mà vẫn chuyển chuyển màu báo đầy pin.
Còn lại sản phẩm bắt muỗi khá tốt.",NEU
"Bình khá mới, hơi có vết xước tí, không phải là sắt. Chỉ có vấn đề là đổ nước nóng vào thì nắp bình cũng hơi nóng khoảng 30-40 độ.",NEU
Có điều là áo hơi ngắn hơn ảnh,NEU
túi nhỏ hơn so với mình tưởng tượng nhưng khi mình chụp hình túi mình mới hiểu     ,NEU
vải ổn mà rộng quá mặc ko đc  ,NEU
Giặt tay mới 1 nước đã hơi nhão,NEU
Thời gian giao hàng rất nhanh,NEU
mình đặt sz l nhưng rộng thùng thình ,NEU
Mình đặt XL mà giao cho mình size nhỏ quá,NEU
vải thô cứng   bị nhăn ,NEU
"hàng tạm ổn, tuy nhiên giao hàng chậm",NEU
Cảm ứng hồng ngoại ko nhạy,NEU
"Mua đèn led ở đây 2 lần cùng 1 loại nhưng dán 2 bàn khác nhau, lần thứ nhất dán thì nó dính ko chắc hay bung ra nên nghĩ do mình dán ko chịu nhấn vô, tới lần thứ 2 dán ấn mạnh vô rồi nhưng nó vẫn bung như thường, ngày nào cũng phải dán lại, nói chung keo ko chắc, dễ bung",NEU
"hàng không đẹp, đường viền rất sắc nên dễ đứt tay",NEU
chất lượng khá tốt so giá tiền,NEU
Chất thì được nhưng quần may xấu,NEU
màu ổn ,NEU
Mình thích tiki lắm vì mua sách nhiều trên tiki. Mong tiki luôn giữ vững phong độ để mình còn đặt hàng trên tiki.,NEU
Mãu mã  Đẹp. Mốt có vẻ tốt,NEU
"Chỉ thừa nhiều, Chất lượng sản phẩm tốt, dáng váy đẹp nhưng bị lệch sống lưng khoảng 2phân",NEU
kiểu dáng y hệt hình nhưng chất vải k mát lắm ,NEU
cũng tạm ko đc như bình inox,NEU
Mua màu xám ..nhưng giao hàng màu xanh thật là bực bội.  Màu mà tôi không thích 😡,NEU
thiết kế cán bằng kim loại dễ lamd trầy xước toilet. Đã mua 2 cái và phải chuyển qua cán nhựa.,NEU
Hình mẫu lông bên trong màu đen mà gửi lông màu trắng cho khách,NEU
shop gửi sai màu ,NEU
Hủy đơn thì nhắn tin hỏi số đt để nạp tiền rồi tiếp tục im lặng,NEU
ok có điều vải hơi mỏng với giá 9k thì đòi hỏi đk nữa ,NEU
tạm cũng được ,NEU
Sản phẩm ưng ý,NEU
chỉ tới 45 kg thôi ,NEU
hang đẹp  giá mềm  ,NEU
form phù hợp cho nhữg bạn dág gầy ,NEU
"hàng về chất liệu thì ok, chắn chắn, đẹp. mỗi cái là thiết kế chưa được tỉ mỹ, kỹ thuật. Mua hiện tại k thể sử dụng được, đòn bẩy so với con kê thấp, k thể kê con kê vào",NEU
Phần ren ở tay k ưng lắm,NEU
Khó thổi,NEU
"Khá đẹp, nhưng thật sự âm thanh không to",NEU
Áo giống mẫu chất okiiiii phù hợp với giá tiền,NEU
vải ok nhưng màu k đẹp lắm ,NEU
áo đẹp  d ngoài màu vàng ,NEU
"Đã nhận được chảo .Hộp đựng nhìn rất chắc nhưng cái chảo mình nhận lại bị móp ,như vậy là shop cố tình giao cái chảo này cho khách đúng không . Buồn thật .",NEU
chiếu bị hụt so với kt quảng cáo,NEU
"Giao hàng nhanh, nhưng sản phẩm độ kết dính của băng keo không cao, treo cây lau nhat bị rơi",NEU
sp đẹp nhưng cái quai đeo hơi mỏng cứ sợ tự nhiên đứt     ,NEU
Chất áo hơi mỏng,NEU
mình tưởng 2 sp là 199k chứ nhỉ   hóa ra 1 chiếc ,NEU
"Sản phẩm ưng ý, mình sẽ mua thường xuyên",NEU
"Hơi nặng tay, nặng hơn cái lap.. thêm cơm canh vô nặng thêm haha",NEU
Chưa sử dụng nên ko đánh giá được,NEU
chỉ còn chất lượng s/p ,NEU
Giá cả chấp nhận được,NEU
Vãi day..,NEU
đóng gói sản phẩm rất đẹp và chắc chắn shop phục vụ rất tốt thời gian giao hàng rất nhanh     áo dep nhưng vải hoi mong mot tý nhưng vua voi gia tien roi ,NEU
nhỏ hơn tưởng tượng. chất lượng tốt,NEU
Nam châm hút yếu - nữa đêm rớt đèn - 2 đèn đều rớt => đề nghị cải tiến nam châm và miếng dán chắc hơn,NEU
Mua ko Sài được vì ko kiểm tra công suất có thể đổi lại công suất lớn hơn ko ha shop ***,NEU
hình giống ,NEU
ko thấy mối chết,NEU
"(*) Đánh giá không tính điểm
Hệ thống cập nhật xót địa chỉ nên chưa nhận được hàng, shipper hẹn mai 2/4/2023 giao",NEU
"Nắp bình của mình mở ra đã thấy 2 vết xước
Đế cao su bên dưới gia công cũng không được phằng như những chỗ khác. Thất vọng vì đơn của mình ko được khuyến mãi hộp Lock&Lock theo chương trình mua 1 tặng 1",NEU
Đóng gói sản phẩm quá xấu,NEU
Túi hộp đựng được nhiều đồ nhé mọi người,NEU
"Sản phẩm đẹp như hình, vải hơi mỏng nên chắc sẽ thoáng mát",NEU
cùng size m  nhưng kích thước khác nhau ,NEU
Phom hơi rộng,NEU
"Đầu gắn miếng lau dễ bị sứt ra. Dễ bị rít nhà nếu xịt nước lúc lau do thấm nhiều nước, mỗi lần vậy lại phải gỡ miếng lau ra vắt chứ không có dụng cụ vắt. Nói chung mình thấy có thùng vắt vẫn tiện hơn ạ.",NEU
Chất lượng sản phẩm tạm ổn,NEU
"mới mua cách đây mấy ngày 800k xong giờ giảm giá còn hơn 500k, pó tay",NEU
Hàng ok,NEU
"Kéo dùng ổn, phần nhựa hoàn thiện tốt, lưỡi kéo sắc bén, tuy nhiên phần lưỡi kéo hoàn thiện chưa tốt. Giá 194k là cao đối với mình, tầm 100k thì chấp nhận đc",NEU
Áo mỏng và hơi nóng 1 chút,NEU
Thực ra ban đầu mình ko kì vọng gì vì đôi giày khá rẻ,NEU
vải hơi mỏng ạ ,NEU
màu sơn giống nhũ ko có ánh kim,NEU
"được đổi lại không shop,nước yếu quá",NEU
giao hàng chậm. móc rơi lả tả,NEU
Hơi mỏng,NEU
Chất vải tạm đc,NEU
Zie thì k giống mình bảo,NEU
"Đường may chắc chắn, nhuyễn mịn chứ k như hàng chợ đường may thô to",NEU
Hợp với giá tiền,NEU
tôi cho 3 sao vì bên ngoài giống hình chứ bên trong k có họa tiết như trong ảnh ,NEU
chấp nhận được ạ ,NEU
Vải cũng ok,NEU
hộp thì hok tặng cái nào  ,NEU
dây đeo hơi ngắn,NEU
"Cơ mà tôi mua hôm nay, ngày mai shop làm flash sale là sao 😥",NEU
Form hơi to nên các mẹ cân nhắc chọn size bé hơn bth nhé,NEU
Tròn quả,NEU
vải được  nhưng bé 10kg mà shop gửi cho váy rộng thế này thì bao giờ bé nhà e mới mặc được shop ơi ,NEU
chất thì đc nhưng quần form nhỏ nên bị chật ,NEU
nhưng lúc sáng mới chia tay người yêu nên đánh giá 3 sao  ,NEU
Chổi quét nhỏ hợp với nhà có diện tích bé,NEU
đường may cũng ok ,NEU
Phù hợp giá tiền,NEU
áo y hình  ,NEU
Chất vải ok tuy nhiên tay áo bị thủng 1 lỗ nhỏ và sau lưng bị vệt dơ,NEU
kính ko trong lắm,NEU
"Mình 65Kg dùng size M nhưng vẫn chật bắp chân, dùng k thoải mái lắm",NEU
"Khó dùng, không tiện khi giặt",NEU
chất lượng sản phẩm tuyệt vời tuy nhiên shop đóng gói chán quá  hộp bung túi bung hết  may là ko bẩn tới váy áo ,NEU
mầu thực tối hơn so với ảnh ,NEU
Tôi là người cực kì kỹ tính khi mua hàng online,NEU
tiền nào của ấy thui ,NEU
"Mới nhận hàng chưa sử dụng, nhìn ổn",NEU
Giao màu Đen!!!?,NEU
Cũng tạm,NEU
đẹp nhưng nhỏ nên mặc kích lắm ạ ,NEU
"Sản phẩm tốt, thiết kế hài hòa, có đế cao su chống trượt và rất êm khi đặt bình xuống bàn. Nếu nắp bình là 1 cái ca để uống nước thì sẽ là hoàn hảo. Tiki giao hàng quá chậm cho sp này, gần 1 tuần mới giao hàng cũng là 1 điểm trừ.",NEU
"Sp có hộp bị nứt, bỏ đồ ăn vào bị chảy nước",NEU
"(*) Đánh giá không tính điểm
Giao hàng đóng gói sơ sài, thùng thủng, rách, còn dính cả phân chuột. Hàng mua dc giá km kèm quà tặng nhưng giao sai màu,  ok trong tầm giá, xài lâu dài mới đánh giá dc",NEU
Pin sạc sài cho cân tiểu ly không dc,NEU
Vải tốt có sealed chống nước,NEU
Phù hợp với giá thành,NEU
sản phẩm ko cứng cáp như quảng cáo,NEU
bộ này duoi 45ki mặc đẹp..,NEU
Hơi mỏng manh nhiều cái dễ rách,NEU
đóng gói sản phẩm tạm được thời gian giao hàng tạm được ,NEU
"Chất lượng sản phẩm tốt, vải áo còn hơi xấu nhưng tổng quan thì khá đc",NEU
"Thấy quảng cáo hay nên mua thử mà hơi thất vọng. Đầu chổi bé như đồ chơi, quét rất khó chịu, phải cúi người nhiều, đưa chổi đường không dài rộng được, mỏi tay. Từ ý đồ thiết kế cho tới thực tiễn không được hoàn hảo lắm. May ra vớt vát được cái treo tiện",NEU
k ưng sản phẩm này lắm nhưng vs giá tiền vậy thì cũng chấp nhận đc  tuy nhiên k dùng nhiều đc ,NEU
Mỗi tội giao nhầm size. 😂😂😂,NEU
Chụp sp hơi dìm,NEU
Ch sử dụng😂😂,NEU
Mùi khắt kg thơm.kg nên mua,NEU
Giao hàng bị vỡ do đóng gói ko kỹ,NEU
"Nhưng nút thì không chắc chắn, mới mặc thử đã bị gãy mất 1 nút nên để an toàn chắc phải đi thay hết nút cho chắc chắn",NEU
Không tiện như loại 3 in 1,NEU
Váy đẹp có điều eo mình nhỏ nên rộng 1 tí,NEU
sản phẩm ok. này nói tiki làm ăn giao hàng hơn nửa tháng .*** đặt sau 1 ngày mà 2 ngày nhận dc,NEU
Bình thường so với qc giá cao quá,NEU
rẻ hơn tưởng ,NEU
màu không như hình mẫu treo ,NEU
không giống hình cho lắm ,NEU
nhưng nhận đc thì thấy okie vô cùng ,NEU
Tạm đc so voi giá,NEU
Hàng đúng như ảnh! Chất lượng OK!,NEU
Shop nhớ kiểm tra kỹ trước khi giao nhé,NEU
"dở quá khingo chắc chắn, tien nao của nấy",NEU
Chất liệu mềm,NEU
Chế nước nóng quá độ bên trong bị sãm màu,NEU
Chất vải chấp nhận được nhưng hơi ngắn,NEU
mình muốn đổi màu khác được k shop ,NEU
áo bị bẩn một chút ,NEU
chất vải ko được đẹp  shop tư vấn nhiệt tình ,NEU
Bình kiểu gì cứ chảy sữa,NEU
Sản phẩm TQ ko biết sử dụng có hiệu quả ko,NEU
Tiền nào vải nấy thôi,NEU
"Bé nhỏ cũng có thể dắt xe, nhấc xe lên để chơi",NEU
Sp k có vấn đề nhưng shipper cua shopee thô lỗ với kh quá mong sẽ k gặp những shipper nv để còn mua hàng trên shopee,NEU
Eo 64-65 mông 91 mặc M hơi rộng theo mình,NEU
mua 3 cái đc nhận quà của shop thêm 1 cái  ,NEU
sản phẩm tốt  mình hài lòng  tuy nhiên đóng góp chưa đẹp lắm  cải thiện việc đóng gói nữa là oke  ,NEU
đồ đẹp nhưng váy bị rách  ,NEU
Có thể hở làm chảy nước ở vòng khay lọc trà. Nhìn chung khá ổn.,NEU
nhưng sao đó đc chủ shop tư vấn thì lựa được size vừa in luôn  ,NEU
Tẩy vết bẩn không sạch hết,NEU
Vãi tuy mỏng nhưng với giá tiền thế này là ổn rồi,NEU
tạm được  xem youtube hơi bị giật mà mạng wifi mình khỏe  có j review lại sau ,NEU
Shop giao nhầ pin máy tính nên đổi lại pin đông hồ đeo tay 621 cho mình,NEU
củ ,NEU
Hàng đúng như mới tả,NEU
Bình mình để ở bên mé cặp mới mua lúc sau check lại thấy bị trầy 🤔 mình ko nghĩ bình lại dễ trầy như v,NEU
mình thấy ko sạch lắm nó chỉ sạch 3/10 thôi,NEU
Tẩy vết bám của ximan không hiệu quả như đã quảng cáo,NEU
đặt màu xám lại giao màu xanh. bình hơi trơn nhưng giữ nhiệt thì ok,NEU
màu tối hơn không đẹp lắm ,NEU
đúng là tiền nào của đấy ,NEU
"Đóng gói sản phẩm rất đẹp và chắc chắn, phom gì nhỏ quá, không mang được",NEU
"Chat lượng vải xấu , mẫu mã thì đẹp ,",NEU
đặt 1 rêu  1 gạch mà giao 2 rêu ,NEU
tay mjnh hơi nho so voi dong ho roi ,NEU
Phản hồi shop thì shop nói cũng có cho đổi đấy nhưng phải mất phí vận chuyển... tự nhiên phải mất thêm tiền,NEU
Cũng có thấy ít chuột hơn,NEU
vải có vẻ không thấm mồ hôi lắm  chỗ vạt áo vạch lên cho bé bú hơi nông ,NEU
What the ***? hàng giao sao xước nhiều thế? có phải đã qua sử dụng?,NEU
;  ,NEU
gửi nhầm màu ,NEU
Thấy shop trên shopee có giá tốt nên thử mua,NEU
cũng bth,NEU
Mua ở đâu,NEU
Đồ đẹp nhưng váy bị rách 😢,NEU
Các lỗ khoan hơi bị lệch không chính xác,NEU
hàng giống y hình. chất lượng cũng được. giao hàng Nhanh,NEU
Bị cay quá :((,NEU
Áo không ôm ngực,NEU
bàn khá đẹp tuy nhiên các chi tiết gấp chưa chắc chắn và giá khá cao so với chất lượng,NEU
"Đóng gói sản phẩm rất đẹp và chắc chắn nhưng giày bị hở o mũi bên Trái, nếu lở đi mưa 2 lần chắc là phải bỏ thôi",NEU
màu hơi vàng chứ ko phải trắng ,NEU
"tạm được nhưng hơi chậm, phí vận chuyển cao",NEU
không sao hết mình cũng rất thích nói chung là đẹp xuất sắc ,NEU
Mua quần ngố,NEU
"Dùng một thời gian thì lớp sơn bên ngoài bị tróc dễ dàng nhưng chất lượng giữ nhiệt thì ok, tạm hài lòng vì cũng không cần quá đẹp :-/",NEU
Sản phẩm khá ưng ý so với giá tiền,NEU
Giá cả đi đôi với đồng tiền,NEU
Đôi màu nude bị chật,NEU
Sản phẩm tốt,NEU
Thời gian giao hàng tạm được,NEU
"kêu kẹt kẹt, ko có tem nhà sản xuất, sơn bị tróc ko phải do vận chuyển",NEU
Hạt óc chó hôi,NEU
Eo rộng,NEU
Mùi hơi nồng,NEU
bình thường thôi mà ,NEU
rất tốt. đúng như quảng cáo,NEU
mà mặc hơi ngứa    ,NEU
đợi hơi lâu nhưng mà áo thì đẹp lắm shop ơi ,NEU
mỗi tội màu ko đc chuẩn  đỏ đô rất sẫm mình mặc bị già ,NEU
thời gian giao hàng chậm ,NEU
nhưng ksao ,NEU
áo hơi chật   sp ok ,NEU
Mới nấu 1 lần đã quéo lớp sơn,NEU
"Hút kg đc ok lắm
Dùng tạm thôi",NEU
"Không có bơm tay, lúc mình đặt vẫn có thông tin hình ảnh tặng bơm tay. Đã còn hình chưa xó thì chương trình vẫn còn mà.",NEU
"Không chắc lắm, 
                                    
dễ rách",NEU
"Vừa nhận được, vẫn chưa xem sp",NEU
Mới order hôm qua hôm nay đã giao tới,NEU
cơ mac shop gửi thiếu tớ cái đai nhé ,NEU
Màu áo cx loang,NEU
"Nhận được bàn mới biết phải tự lắp ráp chân bàn, bàn bị mẻ 2 chỗ, chờ 11 ngày mới nhận được hàng, Tiki nên thay đổi đơn vị vận chuyển khác thay cho J&T để đảm bảo chất lượng hàng hóa khi vận chuyển và thời gian giao hàng, chưa thấy chỗ nào giao hàng lâu như vậy luôn á",NEU
Mới xài 1 lần đi biển đã đứt dây :(,NEU
sp tạm được ,NEU
"Sản phẩm bị lỗi phần ren khớp nối ko vặn dc vì chưa tạo ren xoắn , tốn tiền mua phải tốn thêm tiền mua keo 502 dán lại",NEU
sản phẩm bình thường ,NEU
Tã size nhỏ giống bobby nhưng thấm khô hơn,NEU
Ok ổn,NEU
Nhầm size,NEU
Nhận được rồi nhưng có chỗ xước,NEU
chúc shop làm ăn phát đạt ,NEU
chưa sử dụng nên chưa có cảm nhận về sp ,NEU
Nếu nẩy mầm tốt thì hay lắm!!,NEU
phù hợp với giá tiền ,NEU
From bé m 40kg mặc ok,NEU
Mua 2 chai mà mới xịt dc 1 lần thì hư mất cái nắp!,NEU
"Giấy thơm, nhưng sấy xong không thơm vào quần áo là mấy. vẫn chưa tìm ra nguyên nhân của mùi thơm quần áo ở nước ngoài.",NEU
vải đẹp nhưng form áo dạng ôm k giống hình ng mặc ,NEU
ai đặt size s thì hãy đặt size lớn hơn chút ,NEU
cầm nặng tay ,NEU
Mua lần đầu mà đã được tặng quà 💓,NEU
Bình đẹp mỗi tội nắp ko kính nghiên chảy nước hết,NEU
áo hợp vơi môt tả ,NEU
Chất lượng sản phẩm tuyệt vời hơi chật chút,NEU
Đóng gói sản phẩm rất đẹp và chắc chắn,NEU
không biết lâu dài có bị lỗi gì không ,NEU
đây là áo cộc tay ngắn nha mấy thím ,NEU
i like it <3 ,NEU
ko giật mạnh như quảng cáo ,NEU
Giầy chật ko đi vừa,NEU
áo đẹp   mỗi tội shop gói sơ xài quá ,NEU
"Áo form khá rộng, nhưng 40 mấy kí như mình mặc vẫn rất đẹp👍",NEU
chất áo đẹp ,NEU
quần mỏng  ,NEU
không ra màu ,NEU
áo đẹp nhưng size 38 gì mà nhỏ quá ,NEU
mong shop kiểm tra hàng trước khi gửi,NEU
"Chuột oke, nhưng hơi nặng, nút cuộn không tốt gây cảm giác rất khó chịu.",NEU
Hàng chưa chuẩn theo yêu cầu,NEU
có điều áo xanh nhỏ hơn 3 áo kia ,NEU
nói chung chất lượng ổn so với giá tiền ,NEU
Sẽ ủng hộ shop nhiều hơn,NEU
Vậy nên mình chỉ cho 4 sao,NEU
Màu đen chất đẹp nhất trog 3 màu đen trắng chì,NEU
Thanks shop nhé,NEU
tốt nạ ,NEU
Vải áo mỏng quá,NEU
"Hôm nay nhận được hàng nhưng chỉ có 2 tấm thảm thôi không có túi đựng, vui lòng giải quyết giùm vấn đề này",NEU
Vải đẹp nhưng form áo dạng ôm k giống hình ng mặc,NEU
"bình thường, sp không thơm lắm",NEU
Buồn,NEU
Tốt so với giá. Giao hàng chậm,NEU
"bình thủy tinh bị đục ko trong như hình,  thủy tinh thổi ko đều bị chai sần,  số lượng đủ 5 chiếc",NEU
Toc it qa,NEU
nhưng k sao ạ ,NEU
"Chất lượng sản phẩm tốt, nhưng cái vòng tay đc tặng như cái dây buộc tóc luôn :(",NEU
bên mình bán không kèm pin sao ,NEU
mua 5 bộ thì có 1 bộ quần bị dính dơ  còn lại thì hài lòng ,NEU
áo bị lỗi ,NEU
Xài thấy ổn nhưng chưa biết thế nào,NEU
Vải dày dặn,NEU
"Shop gửi thiếu hàng, định nhắn tin hỏi thứ nếu shop k biết lỗi thì sẽ cho ít sao, nhưng vừa nhắn phát shop đã rep lại và hỏi han nhiệt tình nên vẫn để 5 sao",NEU
"Qua vu nho, 36 ma chi nhu 34 thoi",NEU
Chữ in chứ k phải màu vải như vậy nên giặt tay và treo chứ xếp là chữ dính ra hết,NEU
Cảm ơn shop,NEU
hàng cũ may cẩu thả quá như là hàng tồn kho,NEU
ko cả buồn xem áo sz s mình mang đến đối chứng vậy mà nói là mình ko biết gì ,NEU
"Săn deal dc 1k, bao bì đẹp, ngòi bút ổn nhưng mực nhanh bay màu thành từng mảng",NEU
60k ok  fi vchuyen tren 30k k like ,NEU
Vải rất dày,NEU
giao sai màu tư vấn sai ,NEU
Dán không dính tự tróc ra,NEU
Quần đẹp lắm shop,NEU
Cai quần nhỏ xíu,NEU
Cảm ơn shop,NEU
dầu gội thơm mùi dễ chịu rất thích nhưng dùng xong cảm giác tóc bị khô  cứng và bết lại ,NEU
Màu hồng ko phải màu đỏ,NEU
Nặng quá ko dùng dccccccv,NEU
mua xong mới thấy bên shoppe bán với giá 189k,NEU
Mặc thoải mái,NEU
Giặt tương đối sạch và thơm nhưng mùi giữ không lâu (khoảng 1 ngày). Cần loại viên giặt chat lượng sạch hơn và mùi giữ lâu hơn.,NEU
"bình thường, tẩy ko sạch.",NEU
"Thùng nặng, khi vắt bị rung thùng.
Tạm ổn.",NEU
mình chọn xanh than lại giao màu đen ,NEU
nhìn chung tạm ổn ,NEU
ko giao. thuoc ma giao van nuoc vay,NEU
vải kh đẹp ,NEU
"Mẫu mã và màu sắc được,nhưng nắp sản phẩm là nắp hở,bụi bặm và vật to như thằn lằn có thể vào được",NEU
Thùng rác không có ruột đựng rác bên trong.,NEU
cũng ổn nhưng ko có muỗi vợt vẫn nổ,NEU
"Thời gian giao hàng rất nhanh.Nhưng vải hơi cứng, có vài chổ bị lem màu",NEU
túi áo rộng  vải ổn so với giá tiền ,NEU
mình mua 1 áo khoác và 1 sơmi  cả hai đều size l ,NEU
Shop gửi sai màu,NEU
Gửi sai hàng size S thì lấy size L,NEU
"Mỗi tội màu ko đc chuẩn, đỏ đô rất sẫm mình mặc bị già",NEU
áo rộng và vải giãn tốt  chỗ hổng để vạch cho con ti hơi to nên mặc có bị lộ chút bụng ,NEU
Áo chất da cá,NEU
quần mặc cũng ọk ,NEU
"Đặt size to mà giao bé tẹo, mưa tạt muốn tê dại",NEU
Áo quá rộng,NEU
Vải k giống hình lắm,NEU
:)),NEU
to quá ,NEU
so vs giá tạm chấp nhận dc ,NEU
chất lượng bt  ,NEU
K giống ảnh,NEU
váy có 2 lớp khá mỏng  được may xếp li khá ổn ,NEU
"Đòn bẩy hoạt động kém hiệu quả, thép mỏng nên yếu khi có tải, bánh xe hoạt động không linh hoạt. Nên cải tiến lại.",NEU
Võng mới mua về chưa đc 3 ngày kêu cót két roiy,NEU
form đẹp nhưng hơi dài ,NEU
tuy nhiên có áo nhỏ có áo lại to ,NEU
shop phục vụ rất tốt phi vận chuyển qua cao ,NEU
"Cây yếu quá, bông lau mong manh",NEU
vải đẹp  size m như size s  người mình bằng với mẫu mà mặc chật  mua về để đó làm kỷ niệm ,NEU
vải đc  nhưng mà hơi mỏng và không giống ảnh lắm ,NEU
Nhắn tin phản hồi shop ol không trả lời,NEU
Nắp bị móp thế này. Tiki hỗ trợ đổi như thế nào ạ?,NEU
"Áo lỗi váy lỗi,đổi đc k shop",NEU
Chất lượng sản phẩm tốt :))) chất ren tạm được hơi mỏng ❤️,NEU
Hàng như hình,NEU
"thuỷ tinh không đc xịn, nắp lỏng lẻo khác hình đăng bán",NEU
giờ về ko có phần đề nới ra ,NEU
e đặt nhạt nhưng giao đậm  < nhưng áo xinh chất lượng lắm ạ  3 ,NEU
"Áo dễ thương, nhưng cổ không giống hình",NEU
mua lần 2 rồi nhé sản phẩm ok nha ,NEU
quần áo may đùi bó sát  mặc ko thoải máiiii huhu ,NEU
"đóng gói ko kỷ lắm, óng bị xước rách",NEU
"mình nhận đc hàng ùi, tôi bây lũ chuột côi nó hiệu nghiệm ko mới cho 5 sao được à, mình mong là lũ chuột sẽ ngấm thuốc",NEU
k giống trong hình ,NEU
sp chưa sử dụng chưa biết chất lượng thế nào  ,NEU
Nước dễ đổ ra ngoài. Rất mong cải thiện,NEU
Chất lượng sản phẩm tạm được.mong,NEU
Bị móp méo,NEU
"Màu tối, áo mẹ sz S quá rộng",NEU
vải chất nilon  nóng  nói chung là xiền nào hàng ý là đúng rồi ,NEU
Nóng nhanh và dễ dùng,NEU
"Kem lâu khô và không có tác dụng, da mình nhạy cảm nên dùng thấy rát da",NEU
Tạm đuóc,NEU
Giày đc nhưng dù mang lớn hơn 1 size 41 lên 42 vẫn chật,NEU
"Ko nên mua, số lượng nhiều khi xài phải chia ra. Trong khi giá ko rẻ hơn là mấy.  Mua hộp 200- 300 là ok rồi.",NEU
mặc thì cũng đc ,NEU
^^,NEU
áo được nhưng sao hình màu đen ,NEU
"Thời gian giao hàng chậm, Đóng gói sản phẩm rất đẹp và chắc chắn Rất đáng tiền",NEU
rộng hơn thì ok ,NEU
"Cho hỏi bạn ơi, ai tư vấn giúp không..?!",NEU
"trong buon cuoi, o ngoài nhỏ xíu",NEU
Đóng gói tốt,NEU
Chất lượng khá tốt nhưng kẽo kẹt ồn ào. :( Nên cân nhắc nếu mua sản phẩm này dùng cho các bạn nhỏ vì ồn quá.,NEU
nhỏ hơn 1 size nhưng hàng đẹp ,NEU
Nhưng nhìn giày hơi cũ,NEU
"sản phẩm bt,  sài lâu ms bjt",NEU
Giá tốt,NEU
"Ngọc loại ~1.7cm, loại ~1cm, loại ~0.7 cm, sai số tí xíu",NEU
nhưng với giá chỉ 55k như vậy thì là khá ok ạ  mình áp thêm code giảm giá  ,NEU
"Mình cũng thấy mã trên chuột với hộp không giống nhau, hộp cũng đã khui nhưng mình nghĩ có thể khui để dán tem bảo hành, phần đệm dưới chuột cũng trầy ít, nhìn kĩ mới thấy, còn lại chuột thấy mới, ko trầy xước gì hết. Xài thì tốt, chuột nhạy, bấm êm, ko nghe tiếng, dí sát tai thì nghe tiếng nhỏ lắm :)))",NEU
Ba cái thố nhưng có 2 cái nắp. Hàng đóng rất kỹ nhưng 1 chiếc bát vẫn bị sứt  :( . Nhưng giá rẻ và miễn phí ship nên mình không có nhu cầu đổi . dùng 2 chiếc cũng tốt rồi,NEU
Chất kaki nên giặt sẽ ra màu,NEU
như áo ngực bà bầu và cho con bú ,NEU
"Sài tốt,  6 tháng thay đổi vì thục bị lờn",NEU
"Bình thì không có gì chê, nhưng đóng gói như này là dở rồi :(( Thà không dùng hộp các tông còn hơn. Để như này nó bị va đập bên trong.",NEU
"Shop đóng gói đầy đủ hàng, giao nhanh",NEU
Mà ko rộng lắm,NEU
"Sản phẩm tốt, phần viền hơi bung 1 tẹo. Giao hàng khá chậm, đợi mãi. Lắp vào thì ít bụi và côn trùng hẳn",NEU
Toàn chlorine chứ không như quảng cáo,NEU
binh thuong . hút mãi ko hết khí,NEU
hay là mình bỏ 1 viên ít quá,NEU
"Sản phẩm đúng như bên bán hàng cung cấp. 
Tuy nhiên Tiki đóng hàng dở quá, móp méo hết cả thùng hàng.
Rất mắn là bên trong đóng gói cẩn thận. Giả sử nếu là hàng dễ vở thì sẽ thế nào?
Hy vọng Tiki sẽ sớm cải thiện trong tương lai gần.",NEU
chưa kết luận về chất lượng sản phẩm được ,NEU
hơi nhăn,NEU
Tripod bằng nhựa lên dễ bị gãy..,NEU
mình đã trừ hao số đo rồi mà vẫn mặc k vừa ,NEU
có thỏi son mà shop cho hộp to đùng ,NEU
Đã nhận được hàng,NEU
"Trong hình là quần trơn ko có chân ren, còn sản phẩm nhận được là quần có chân ren",NEU
Shop giao sai màu,NEU
Đã nhận được hàng. Kính khá đẹp nhưng shop giao không có dây đeo nút tai giống như sản phẩm,NEU
Shop tặng thêm miếng đắp mặt nạ nhưng mình k giám dùng vì nhìn hàng giống của Chanel (China),NEU
"Lần đầu bỏ ""kẹo "" xong thấy sạch sẽ. Vài bữa thấy một con dính kẹo. Lần sau không sạch sẽ, cũng không thấy con nào dính.",NEU
"Dùng oke nhưng hơi khó gập ra gập vào, cái của mình bị bung khung lúc gập cứ phải gắn lại. Nhưng nhìn chung ổn.",NEU
Hình như áo có size mà shop cắt vải in size vức đi mất nên k biết size gì,NEU
"Sản phẩm tốt, nhưng gói hàng có vấn đề. Miếng băng dính dọc hộp đã bị bóc ra một nửa rồi. Có thể trong khi đóng gói cho thiếu tờ hóa đơn vào hộp, nên bóc băng dính ra để nhét vào. Như thế không chuyên nghiệp, hàng giao đến thì hộp phải kín chứ, sai thì đóng gói lại từ đầu đi.",NEU
"Có mùi thơm, rửa vẫn bị bẩn bát, cặn bẩn rất nhiều",NEU
"Sử dụng tạm, không như mong đợi",NEU
ổn so với tầm giá 12345678,NEU
bình đựng lục lạc méo mó ,NEU
Giao hàng nhanh,NEU
ngọc loại ~1 7cm  loại ~1cm  loại ~0 7 cm  sai số tí xíu ,NEU
Nên bụng vẫn bự chứ ko đc thu nhỏ như những loại quần có công dụng tương tự,NEU
Mình mua 2 bộ thỳ bộ xanh rộng hơn bộ hồng nhưng thôi đồ ngủ rộng tí cũng đc,NEU
Chất vải tạm được,NEU
Hi,NEU
:),NEU
"dễ trầy xước, tróc sơn nhanh",NEU
dùng một thời gian xem thế nào ,NEU
Đóng gói đẹp giao nhanh nhưng túi mỏng quá Shop bán theo kg nên lấy loại dày hơn,NEU
Đóng gói sản phẩm rất đẹp và chắc chắn,NEU
"Giá thành rẻ nên chất lượng cũng không dám mong đợi nhiều nhưng màu vải bị cũ, phần hình cũng bị phai",NEU
Vải OK,NEU
Chất lượng sản phẩm tỐt Thời gian giao hàng tạm được,NEU
Rất đáng tiền Thời gian giao hàng hơi lâu,NEU
"- Giao hàng đúng hẹn
- Dao đẹp, nhưng hơi cùn, ko rõ có mài được không
- Mũi dao rất nhọn, khi dùng cần chú ý, đặc biệt với trẻ nhỏ",NEU
Chưa cảm nhận được. Vẫn có mùi hôi từ tolet,NEU
chỉ có điều áo hơi ngắn thôi  đc tặng kèm dây buộc tóc nữa    ,NEU
khuy gồm loại 6cm  3 cái  loại 3 cm  4cái ,NEU
"Thật ra mình ngắm nghía cả mấy shop, nhưng quyết định mua ở đây mặc dù giá cao hơn một chút",NEU
Sản phẩm bay màu khá nhanh,NEU
Cám ơn shop :))))),NEU
Không hề có lõi thép trong tay cầm,NEU
mình gửi đổi hàng vì dùng ko được. Bên Tiki có báo hôm 28/8 là mình sẽ nhận được hàng trả lại vì do cổng usb bên mình chứ ko phải do chuột. nhưng đến hôm nay ngay 2/9  rồi vẫn chưa nhận được hàng. Nhờ Tiki xem lại giúp mình,NEU
shop giao hàng không đúng mẫu ,NEU
Vải áo phần màu trắng vải thô ko đc đẹp Đóng gói sản phẩm chắc chắn Shop phục vụ khá tốt,NEU
Shop chuẩn bị hàng nhanh nhưng túi dùng 1 hôm bị tuột chỉ,NEU
Màu áo quá đậm,NEU
Ko đuổi dc chuột…bình thường o,NEU
"dùng tiki now nên giao hàng đúng giờ, khoan lỗ ko đều, lắp vào bị chênh, mua trải nghiệm, ko mua nữa",NEU
Chưa uống nên ko biết chất lượng thế nào,NEU
Rẻ đẹp,NEU
Kê chân tủ lên là móp méo rồi,NEU
sp đẹp có điều phần cổ hơi cao cần sửa lại ,NEU
Giao đúng hàng,NEU
"Đường chỉ thưa, chưa gì đã bung chỉ rồi, xẹt kéo lỡ tay kéo 1 đường thì khoá kéo đi ra luôn. Mới dùng được 2 ngày",NEU
Tam đuợc đường mày ko đuợc chắc chắn,NEU
với bị dính ,NEU
"Hình thức cũng tương đối, chốt khoá hơi cứng. Cán nhựa và inox chưa dày dặn như kì vọng so với giá tiền. Phần nỉ lau chỉ dập ghim vào đế hơi sơ sài.",NEU
Uống tràn miệng nên chưa tối ưu,NEU
Vải quá mỏng,NEU
"Miếng nhựa móp méo, chỉ dùng được cho ghế chân tròn có đường kính trên 5cm",NEU
"Hàng oki, tuy nhiên phải vắt bằng tay, k ưng điểm này từ nsx",NEU
áo hơi nhỏ chất lượng in k đẹp lắm nhưng mà giá tiền này thì tốt rồi ,NEU
"Giao hàng nhanh, chất lượng tạm ổn",NEU
"Size M ở shop cảm giác k chuẩn size, rộng hơn so với hàng chợ",NEU
may là bịch của mình ko bị bể ,NEU
mua hồng đưa màu xanh ,NEU
sản phảm quá mỏng so với qui định!,NEU
Váy mát nhưng mỏng,NEU
Goi hoi mềm,NEU
"Áo chất oke, giá cũng oke, cơ mà thích from áo trắng hơn",NEU
Hơi rộng với mình,NEU
màu hơi khác với hình nhưng thái độ phục vụ của shop ok ,NEU
áo vàng choét  quần lại đen ,NEU
Lại còn đc mã giảm giá nữa chứ,NEU
nên chát kĩ hỏi shop về sp ,NEU
dep nhu hinh  ,NEU
Hàng chất liệu vải k giống hình mẫu,NEU
"Quên kiểm tra hàng khi được giao, sau khi mở báo ra, trên bề mặt của thảm bị thủng 2 lỗ",NEU
"Mua 3 túi thì 1 túi huat chân không xong 1,2 tiếng sau lại bị không khí vào, 1 túi thì vài ngày sau bị vào 1 ít. Dk mỗi 1 túi xịn",NEU
Có 1 túi giữ nhiệt shop ko cho vào bọc,NEU
Chúc bạn thành công trong kinh doanh ta,NEU
"Đế chảo không bằng phẳng, không biết ý nhà sản xuất để làm gì, mình nghĩ với chảo này chỉ dùng để chiên trứng mà thôi nên mọi người cân nhắc khi mua. Chất liệu có vẻ tốt, cầm chắc tay.",NEU
"Cung ok mà lúc xách lên cam giac cái thùng hơi mỏng nha, vắt nước êm",NEU
không như mình nghĩ nó sẽ đẹp ,NEU
"1. Ko có lỗ thoát nước ở đáy cho dễ xả nước bẩn
2. Phần vắt khô nước bẩn lại bị vắt sang phần nước sach.
3. Cây lau ko xoay 360 độ được",NEU
Đã nhận được hàng ạ mà e quên không xác nhận,NEU
Giao thiếu 1 áo cagidan của mình :(,NEU
Sử dụng không khác gì vè mua tại chỗ,NEU
ngon nhưng hơi nhỏ  to lên một chút để chưng bày đẹp mắt hơn bạn   ,NEU
Mình mua dán ổ cắm điện và cũng hay rớt. Chắc chỉ nên dùng cho đồ nhẹ thôi.,NEU
áo hơi mỏng nhg đẹp ,NEU
"bị trượt khỏi vị trí lắp khá nhiều, cảm giác chưa an toàn lắm",NEU
"quay nặng quá, không được tốt lắm",NEU
Hết cherry nên shop gọi bảo mình đổi mẫu chứ ko tự giao mẫu khác 👍🏻 Chọn chuyển qua dưa hấu,NEU
"Cũng ok lắm. Tia xịt mạnh,",NEU
Đóng gói sản phẩm đẹp chắc chắn.nhưng sao k có nắp đậy nhỉ để lâu sợ bay mùi,NEU
m 1m55  nặg 50kg ,NEU
mình chỉ để hình ở đây và ko nói gì   ,NEU
Rất hài lòng với sản phẩm,NEU
"vừa mua xong hôm 12 thì 13 giảm giá + có quà. 
giờ muốn đổi để nhận quà đc ko ad?",NEU
vải dày dặn nhưng k mịn lắm  hơi xù ,NEU
Chị đặt 2 cuộn mà sao lại giao có 1 cuộn vậy,NEU
Váy đi đằng váy,NEU
"Hang giao goi can than nhung xai het rat nhanh, di hoi qua",NEU
Nói chung thì với giá đó là ok rồi mng<3,NEU
"dính không tốt, nhanh bong, mình phải dùng thêm keo",NEU
sản phẩm ưng ý ,NEU
vậy nên mình chỉ cho 4 sao ,NEU
Chưa test,NEU
Có loại ko cay không ạ :(,NEU
"đóng gói ko chắn chắn, chưa dùng sp nên chưa biết ntn",NEU
vải hơi nóg hình dán cứg,NEU
form áo quá rộng so với size ,NEU
"Vai dep, nhung ma ko co màu minh chon",NEU
chất vải dày dặn nhưng ko phải dạ ,NEU
hang tốt đẹp ,NEU
Chui thich nhung Phần vải hay bị vấp vào thành khi rút lên nên nhanh rách,NEU
Về sửa cũng Ok. 3sao vì bị bẩn chút ngay chỗ áo ngực giặt ko sạch Chất lượng sản phẩm tạm được,NEU
sẽ tiếp tục ủng hộ shop ,NEU
Giao hàng trễ quá hẹn giao 3/11 nhưng hôm nay ngày 5/11 tôi mới nhận được,NEU
"Chất tạm dc.1m52 nặng 54kg mặc vừa size xl,",NEU
"Chuột vừa hết bảo hành nửa tháng thì bên phải hết nhạy , click mạnh mới ăn. Rất bực, giờ phải mua con khác.",NEU
sz m/l mà rộng quá      ,NEU
Xà thì oke chứ hàng đi kèm thì CHÊ nha. Rõ ràng cái CHẤT LIỆU bao tay trong hình ảnh quảng cáo và thực tế khác nhau 1 trời một vực. Nhiều người cũng bị chứ không chỉ riêng mình.,NEU
tiền nào của đấy nhưng cũng ok   ,NEU
"Chất dày dặn, mịn",NEU
Áo giống hình,NEU
Nhưng chất liệu vãi oke vừa đúng với giá cả,NEU
phí ship mình tự chịu để đổi quần là 30k/ lần ,NEU
chất lượng sản phẩm tạm được k đáng tiền lắm ,NEU
"chỉ chà rửa lavabo sạch thôi chứ ko tẩy cặn canxi trên kính sạch, còn gây nhòe hơn. tính mua về chủ yếu làm sạch kính ai dè, thất vọng quá! Mùi quá nồng, chỉ cần bị dính xíu vào da là ngứa khủng khiếp.",NEU
mua hàng tháng 10 nhưng tem bảo hành lại dán vào tháng 5/21. Tiki cho hỏi nếu lỗi thì bảo hành dựa theo lịch sử mua hàng dc ko?,NEU
"tất cả mọi thứ đều okiee, mỗi việc nhiệt không giữ được lâu cho lắm !!!",NEU
Màu giống hình,NEU
"mình mới nhận hàng ngày 14/12/2021 nhưng bị móp có thể do vận chuyển, shop vui lòng đổi lại hàng. Thanks",NEU
ai ngực bé không nên mua ,NEU
Mà mua lần thứ 2 rồi,NEU
ban nào thường mặc size m thì mặc size s là vừa ,NEU
mùi khác hẳn mùi son chicholic cũ ,NEU
mùng hơi mỏng và khung nhẹ. Nhưng mà như vậy là đúng với giá tiền rồi.,NEU
Chất vải cũng khác,NEU
mà mua lần thứ 2 rồi ,NEU
Hàng về hơi chậm Đóng gói sản phẩm rất đẹp và chắc chắn,NEU
chất lượng sản phẩm bình thường ,NEU
quần màu da thun phía trước ko đẹp như quần đen ,NEU
chất vải tạm được  nhưng tay áo ngắn quá trời mình khuyên ai muốn mua áo này thì hãy đọc các comment đã rùi mua ,NEU
thuốc mệt quá ,NEU
hàng bình thường ,NEU
Thời gian nhà vận chuyển GHN giao hàng tạm được,NEU
"Shop giao hàng nhanh, có điều ảnh trên áo mờ do phóng to vỡ nét hoặc mực in mờ",NEU
áo dep ma hinh theu nhăn vá ,NEU
"Không được như quảng cáo, giá đắt hơn sản phẩm cùng loại",NEU
Đầm siêu hở ngực,NEU
Chữ in hơi tê,NEU
"Mình đã mua dùm và sử dụng 4 cái loại này, bấm rất êm nhưng cái mình vừa nhận bấm chuột trái kêu rất to và khó chịu. Chuột phải thi êm hơi thất vọng vì dòng sp này nổi tiếng là phím bấm ít gây tiếng ồn",NEU
son có màu hồng cánh sen hơn là đỏ ,NEU
"Rất tiếc mặc ko vừa, phải có size Xl thì tuyệt hơn",NEU
"Đóng gói SP kỹ, NV giao nhận nhiệt tình, vui vẻ; SP như giới thiệu, nhưng mua với giá sale off thì được chứ mua giá gốc thì không nên; Khi trải bị  phồng do nếp gấp (lúc đóng hàng), làm cách nào cũng không hết.",NEU
Nhưng mà ngắn so với mình nên đành đi tặng ng khác mặc 💕💕💕,NEU
tạm được.......................,NEU
sp chưa đúng mô tả lắm nhé,NEU
khá là ok ,NEU
Chất vải hơi nóng và hơi bị bo gấu một chút,NEU
Đợi hơi lâu nhưng mà áo thì đẹp lắm shop ơi,NEU
"Shop giao hang khi mở ra  kiểm tra , thấy bên trên cũng đẹp ok (đến khi lấy hộp tren ra thì bên dưới nó như hình mình chup ) thiết nghĩ 1 hợp vậy k bao nhiêu tien nên bán thì phải có tâm , truớc khi giao tới khách hàng thì shop phải kiểm tra hang. Chất lượng hả giao , k chất lượng rồi thì đừng giao ,",NEU
đóng gói xấu ,NEU
Màu ko giống hình lắm,NEU
chất lượng sản phẩm cũng tốt nhưng vải hơi mỏng ,NEU
Vải mỏng shop phục vụ tốt,NEU
Mình có đặt hàng và sau đó huỷ để hỏi mã giảm giá,NEU
"Shop gửi nhầm mầu cho mình, hàng ok ak",NEU
"Tạm được, cây lau không chắc chắn",NEU
cổ găng tay bị ngắn dễ bị tuột ,NEU
chất lượng sản phẩm tốt; đóng gói sản phẩm chắc chắn; thời gian giao hàng nhanh; mỗi tội màu đậm hơn ảnh và những gì mk nghĩ ,NEU
nhưng thời gian giao hàng rất rất lâu ,NEU
chất lượng sản phẩm tạm được màu k giống hình ,NEU
Đồ siu đẹp mình sẽ ủng hộ shop nhiều,NEU
"Thời gian giao hàng chậm đặt hàng lâu, chất lượng ổn phù hợp giá",NEU
k được đẹp cho lắm ,NEU
Nhưng đường khâu thì hơi lỗi một chút,NEU
sz áo nhỏ ,NEU
Mai mốt sẽ canh mua thêm màu khác :×,NEU
K giống lọ này trước mình mua khô rất nhanh sau khi bôi và da mịn luôn,NEU
Sp bt,NEU
"Váy có 2 lớp khá mỏng, được may xếp li khá ổn",NEU
"Sản phẩm hơi cứng, mang hai đau chân tí...Nhưng sp vậy là ok",NEU
Áo sơ mi chất tạm được tuy có vài chỗ bị dính màu đỏ,NEU
Đặt màu đen nhưng lại giao màu trắng,NEU
Chất vải k đc đẹp,NEU
Hàng nói chung ok tiền nào của nấy nhưng shop cần chú ý hơn là chỉ thừa nhiều lắm với lại đường may lộn xộn nhưng mik thấy ok sau này sẽ ủng hộ shop nữa,NEU
Đổ mồ hôi ở cổ bình. Chất lượng không thực sự tốt,NEU
với giá này thì cũng ok ,NEU
chất siêu mỏng ,NEU
Đặt màu đen giao màu trắng,NEU
Hic hic,NEU
So vs giá tạm chấp nhận dc,NEU
3 sao vì giao hàng nhanh  còn áo vải mỏng  tàm tạm ,NEU
Tuy nhiên nếu có thể shop hãy cung cấp thêm màu hơi sáng tí,NEU
Tuy gửi nhầm size M hơi rộng nhưng tự bóp cũng vẫn đc khỏi mất công đổi lại,NEU
Chất vải đẹp,NEU
"Sơn dễ bong tróc, mùa hơi tươi",NEU
"Rất là tiếc, kính bị mờ hơi sương khi bơi và lúc unbox ra thì đã bị vỡ hộp kính ạ. cũng có thể là do bên giao hàng không cẩn thận ạ",NEU
cl phù hợp giá tiền ,NEU
"Mình đã nhận được hàng, chậm so với dự kiến 1 ngày. Đóng gói cẩn thận tuy nhiên Muối chỉ có 1.2kg ( đơn đặt là 1.5kg) và nước làm bóng là 750ml ( đơn là 800ml)",NEU
vải ok nhưng k dài như trong hình  áo hơi ngắn ,NEU
"giao hàng quá lâu..
.....",NEU
Chất vải nóng nhưg 85k là giá hợp lí,NEU
được ,NEU
đẹp nhưng k chạy bộ được. túi k ôm sát nên đập vào bụng,NEU
Orthe nhưng cũng nha,NEU
chất lượng sản phẩm tốt  nhung dong goi k can than lam cai tui sach no bj mop meo het ui ,NEU
vải thô cứng,NEU
Thời gian giao hàng rất nhanh nhưng dễ tràn ra ngoài,NEU
chất lượng sản phẩm bình thường khôngnhư trong hình ,NEU
Dây thì ok nhưng bộ đếm thì k chuẩn,NEU
"ok, hàng nhận đúng trên web.",NEU
chất lượng sản phẩm tuyệt vời  giáo hàng khá nhanh  có điều hộp bị móp nhiều ,NEU
"Nến cháy nhanh hết, chắc đc tầm 30 phút!",NEU
"Ống hơi lỏng lẻo, người nhà mình 65kg đu thấy bị võng xà",NEU
Hy vọng mẹ dùng hợp,NEU
áo mềm  mịn ,NEU
Hàng đúng như hình đh. Hài lòng,NEU
"Giữ lạnh cũng ok, nhưng để 1tg bị động hơi nước trên nắp bìh",NEU
Xịt kiến thì có hiệu quả đó nhưng mùi này nồng quá,NEU
Giờ về ko có phần đề nới ra,NEU
bạn nào cao 1m65 thì sinh ra để dành cho nó  mình 1m61 hơi dài 1 chút ,NEU
Size lớn nhưng hơi nhỏ,NEU
Đổi hàng lại dùm mình nhé. Nắp bị móp sáng nay có báo với bạn giao nói lên hệ lại shop bán,NEU
"Bình to và dài ngoài sức tưởng tượng, phần lọc và nắp có kết cấu xộc xệch khó hiểu như không thuộc về nhau, anyway củng tạo ra được cafe cold brew.",NEU
"Giày đẹp gói tốt vừa ý , giao nhanh mỗi tội là trên giày còn có lỗi ở đằng sau đế , hi vọng lần sau shop sẽ chú ý để làm hài lòng hơn",NEU
tuy nhiên hàng chất lượng không đẹp ,NEU
"Mình thấy nó không đúng với quảng cáo lắm. Mình note vài ý để các bạn mua hàng chú ý.
- Kích thước hơi nhỏ một chút, đường kính mặt trước 10cm, mặt sau 11cm
- không có đèn ngủ, mà chỉ là đèn để nhìn đồng hồ vào ban đêm. tắt ngay khi thả tay khỏi nút bấm
- mình không thấy dạ quang ở đâu cả
- giờ chạy không đúng, nó sẽ trễ vài phút 1 ngày, và mình phải chỉnh lại

Nó trông khá đẹp, để trang trí thì ok hơn là dùng để xem giờ",NEU
Chưa thử nên chưa biết,NEU
thời gian giao hàng rất nhanh nhưng chất vải ko dc đẹp lắm ,NEU
"Vòi nước rửa chén nano nóng lạnh dây rút Valenza inox 304 này ko đc như quảng cáo nhà bán, vòi nước chảy quá yếu so với kỳ vọng",NEU
ừm cũng ok ,NEU
hàng đẹp nhưng gói hàng chưa kĩ lắm  lúc nhận được thì trời mưa nên mở ra bên trong ướt hết ,NEU
Củng tạm dc nhưng hiệu quả là chà xước nền nhà ai mua cần suy nghĩ,NEU
Đề nghị shop xem lại nguồn hàng đã nhập,NEU
Áo đẹp nhưg khi giặt bị lem màu,NEU
Em là con gái đi làm ngày 8 tiếng ko có thời gian ngồi rảnh để đi bịa chuyện,NEU
song nhân viên hơi thiếu nhiệt tình khi tư vấn cho khách ,NEU
"Lưng ghế rất khó gắn, nếu ko có đồ khoan. Ko có hướng dẫn sử dụng nên phải mở YouTube kiếm",NEU
cũng đc   nhưng hơi ngắn ,NEU
"Phần nẹp quá cứng, khó gắn vào nhau, chất liệu võng cũng bình thường. Nói chung tiền nào của đó",NEU
"Chất lượng vải, kiểu dáng ok",NEU
Túi than không hiệu quả lắm trong việc khử mùi hôi nhựa trong xe oto gia đình mình.,NEU
Rất đáng tiền,NEU
Nhưng trừ điểm vì giày adidas mà lót giày logo nike :)),NEU
đã ghi rõ màu trắng nhưng vân giao màu đen ,NEU
thời gian giao hàng rất nhanh nhung san phẩm bi lỗi ,NEU
Shop rất nhiệt tình,NEU
"chiếu hơi mỏng, giá thành hơi cao, nếu ai co nhu cầu mua nên suy nghĩ kỹ.",NEU
"2 chiếc áo rất xinh, chưa đc mặc nhưng chất vải oki, shop nhiệt tình nữa",NEU
vải nhăn  chất lượng k giống mình nghĩ  không hài lòng lắm  nhưng với giá 200k thì cũng k đắt ,NEU
mình 58kg mặc rất ổn ,NEU
hàng đẹp nhưng cạp hơi rộng bụng,NEU
Mình mua lúc giảm giá 19k,NEU
"hàng nhận như hình, giao hàng lâu, giữ nhiệt chưa tốt lắm",NEU
"Vắt nước không ráo, không có lỗ thoát nước dưới đáy nên khi vắt 1 đầu sẽ còn nước nhiều",NEU
Mội tội em gầy quá nên eo hơi rộng phải đi bóp lại 1 chút.,NEU
không thay quà tặng đi kèm,NEU
"bộ sp nhìn chắc nhưng đầu cây lâu k cố định dc nên nó k đẩy theo ý mình muốn theo chiều hình chữ nhật, có thể bên cty gọi lại cho mình chỉ cách sd dc k?? Chứ hiện tại nước 2 bên hộc tràn chung vs nhau k tách dc nước dơ và nc sạch. Thanks sh. ***",NEU
sản phẩm đẹp  chất lượng tốt  đóng góp cẩn thận ,NEU
lịch sự,NEU
Lần sau sẽ ủng hộ shop tiếp,NEU
Ổn,NEU
Mua thử một cái trc mà ưng ý quá sẽ còn quay lại mua hàng,NEU
Túi nhỏ hơn so với ảnh,NEU
"(*) Đánh giá không tính điểm
đóng gói không được cẩn thận cho lắm. sản phẩm bị méo trong quá trình vận chuyển",NEU
Mừng quá chờ đợi sản phẩm cứ tưởng ko như mong đợi,NEU
sản phẩm tốt  đóng gói chắc chắc ,NEU
đặt cùng size giày mà đôi vans đen lại bị rộ g chân quá ,NEU
tiền nào của đó  gà bỡ vón cục nhiều ,NEU
"Nắp bình của mình mở ra đã thấy 2 vết xước
Đế cao su bên dưới gia công cũng không được phằng như những chỗ khác. Thất vọng vì đơn của mình ko được khuyến mãi hộp Lock&Lock theo chương trình mua 1 tặng 1",NEU
Lỗi đường chỉ may,NEU
"Hàng tốt, sẽ mua hàng tiếp",NEU
Gối xẹp quá nên cảm giác hơi thấp,NEU
ok xài dc ,NEU
Chất lượng sản phẩm tốt,NEU
"Mình mua 1 áo khoác và 1 sơmi, cả hai đều size L",NEU
Vải thun y hình,NEU
Nhựa đẹp nhưng m thấy mẫu hơi nhỏ chút. Nhà ai 45-70m2 sd sẽ ok hơn. Tks,NEU
hình ảnh đẹp ,NEU
"giấy mỏng và cứng , độ dai có",NEU
"Chân váy tạm chấp nhận nhưng fom dáng k đẹp, K đủ dài như hình nên chỉ đạt 3sao",NEU
binh giữ nhiệt tốt nhưng vo ngoài mềm qua ma son không tốt,NEU
đẹp ạ ,NEU
lên môi mượt ,NEU
Vải co dãn không như ý muốn,NEU
"Dùng tạm, ko đạt yêu cầu, hơi tối",NEU
"Gián có chết nhưng không nhiều, dùng hết 12 viên vẫn không ăn thua, hay tại nhà nhiều gián quá ?",NEU
thời gian giao hàng hơi lâu ,NEU
hoa thêu rời rạc  áo được 57kg mặc vẫn vừa  so với giá là ổn ,NEU
Nhưng trc khi giao hàng K kiểm tra sản phẩm,NEU
Chủ shop tư vấn nhiệt tình nhưng mình ko thể sử dụng app được vì toàn tiếng Trung!!!!!!,NEU
Gậy nặng quá nếu nhẹ hơn chút nữa dễ thao tác,NEU
chưa có sản phẩm ,NEU
Thời gian giao hàng rất nhanh.nhung san phẩm bi lỗi,NEU
"Bị hỏng rồi, bảo hành ở đâu? 
Bị hỏng rồi, bảo hành ở đâu?",NEU
chất lượng sp được ,NEU
"Chỉ dùng để đặt báo thức trong ngày rất ổn, thời gian khoảng 1-2 ngày sẽ sai lệch cần chỉnh lại",NEU
"Giấy thì thơm nhưng mùi nồng nặc. giặt xong quần áo không thơm, không nghe được mùi gì. Mình nghĩ không phải hàng chính hãng",NEU
tại sao lại thiếu móc nhỏ ở phía dưới cân như hình bên ngoài sản phẩm? sản phẩm lỗi hay do thiết kế như vậy?,NEU
áo dống hình ,NEU
"Tam on, do dinh cua keo chua tot",NEU
Mua 2 đôi nên chia ra tầm giá đó chấp nhận đc,NEU
vải đẹp  giống hình ,NEU
nhưng không đáng kể ,NEU
vải dày ,NEU
"Áo dày dặn, chất đẹp, giống mẫu nhưng mỗi tội có đinh vết bẩn, giao hàng chậm",NEU
kiểu thì như hình chụp ,NEU
giao hàng khá lâu. sp vừa mua về mặt kính trầy xước quá nhiều.,NEU
"Dai ,mềm,tốt,nhưng quá rộng so với tay,nên cho khách hàng chọn kích co",NEU
Ok c,NEU
Bị nhoè,NEU
"Mới khui hàng, cắm điện vào không thấy sáng.",NEU
Thiếu đầu gắn đa năng....,NEU
Shop giao thiếu áo này cho tôi,NEU
"*Chốt vặn không thể đóng chặt.
->mất công chú ý, căn chỉnh liên tục
*đòn tạ đc thiết kế chỉ để làm vài động tác hạn chế, chứ còn tập đủ bài thì vừa ngắn vừa vướng tay.
Kết: chỉ nên chơi Dumbbells chứ đừng tin vào cái ""đa năng"" làm gì.",NEU
Tôi rất hài lòng về sản phẩm,NEU
Bị mất 2 cục pin. Trong hộp cỏ chổ để 2 cục pin nhưng không thấy pin.,NEU
hiệu quả diệt muỗi thấp. 2-3 ngày lại có muỗi. sản phẩm có mùi chứ k phải k mùi,NEU
màu sắc đẹp chất vải nóng ,NEU
eo rộng ,NEU
Góp ý với shop đóng hộp carton thì tốt hơn,NEU
"Sp có bảo hành, tuy nhiên hàng mới giao đã có vết rách trên túi bọc & vỏ túi ngủ như vết chuột cắn,. Túi ngủ bên trong chất lượng như thông tin sp. Túi ngủ mỏng, phù hợp thời tiết nhiệt đới",NEU
tạm được. hy vọng bền lâu dài,NEU
Có khe ốc ớ đáy bình.....,NEU
nhưng fom áo chưa dc đẹp lắm ,NEU
Ko thấy bị lỗi ở đâu,NEU
vải hơi mỏng  không được chắc chắn lắm màu balo tối hơn so với trong hình chụp   ,NEU
Giữ nhiệt ko tốt lắm. Tg ko lâu như sp lock lock trước đã dùng,NEU
sản phẩm đúng với giá tiền,NEU
Áo đẹp mà mũ nhỏ quá,NEU
"Hàng ko ngon lắm, vặn ốc xong mòn cả răng cưa. Chất lượng khá thấp",NEU
Chất vải thì 👌👌 nhưng shop còn lưu ý xem hàng trước khi gởi 😞,NEU
"Chưa xài thử ;))) Nếu k tốt quay lại sửa oánh giá, không sửa coi như chấp nhận ;)))",NEU
Với khung giá thì chất lượng phù hợp,NEU
Mình đã trừ hao số đo rồi mà vẫn mặc k vừa,NEU
chất lượng tốt  có 2 bộ nhỏ  thôi cho người ta ,NEU
dòng chữ bị nhòe ,NEU
áo đen ra màu phai sang cả áo khác  đặt màu sáng thì oke hơn ,NEU
cầm ơi gượng tay với tay của mình,NEU
chất lượng phù hợp giá cả sau sale ,NEU
"Chất tẩy này rất hiệu quả trong việc tẩy các lồng máy giặt sử dụng lâu ngày. Mình cho vào máy giặt và chọn chế độ vệ sinh lồng giặt, mở van nước, cài vòi xả lên trên thân máu và cứ để máy giặt tự xử lý. Sau lần khoảng 2h mình hạ vòi xả xuống và quan sát thì...rêu bám ống, các vết cặn bẩn trong thùng giặt rất nhiều. Cảm thấy hiệu quả mà k biết máy có bị ăn mòn gì không? Cám ơn TIKI đã giới thiệu sản phẩm này đến khách hàng.",NEU
"theo hình thì có 6 mảnh ghép, nhưng nhận hàng có 5 mảnh. mong shop giao thêm để có thể lắp ráp",NEU
Nón không kín lắm mặc dù chất lượng vải rất tốt. bơi vẫn ướt tóc.,NEU
"Ly inox dày, cầm vừa tay. Riêng phần nắp nhựa quá mỏng, nếu dùng nước lạnh, phần nắp dễ đọng nước bên ngoài. Ly giữ lạnh tầm 5hrs. Trông đợi là ly giữ lạnh được tầm 10hrs với chất liệu inox như vậy nhưng có lẽ nắp nhựa hơi mỏng là một điểm trừ, bù lại là phần nắp có luôn cả chỗ để ống hút ngoài 1 lỗ để uống.",NEU
gói hàng siêu kỹ bóc mắc xỉu shop ơi ,NEU
Kính dùng đc lần đầu okay thôi. Bữa 2 vẫn bị sương và k nhìn rõ,NEU
Ko đáng nhưng phải nói,NEU
Đúng theo tầm giá,NEU
chả pít tem bảo hành ở đâu ,NEU
"Độ đàn hối không tốt nên chỉ sử dụng được cới chân ghế tròn, đúng cỡ",NEU
Khá là ok,NEU
chất lượng khá ổn với giá tiền  trừ cái túi bé nhất là hơi lỗi  còn 2 túi to hơn thì ổn ,NEU
"thấy bthg
tạ bị lệch vs cát lòi ra",NEU
Đến lúc hỏi giải quyết thì vẫn không nhận được lại một lời gì cả,NEU
Hơi mắc đó với thị trường,NEU
Thời gian giao hàng nhanh Thời gian giao hàng tạm được,NEU
giao hàng rất nhanh ,NEU
giao k đúng mẫu như hình  có thêm túi trong suốt bên ngoài ,NEU
"San pham dung mieu ta, anh sang ok, nhung kg duoc gom cho lam",NEU
nhưng mìh tin tưởng shop ,NEU
Chất lượng tạm được,NEU
nhưng thôi ko trả lại hàng ,NEU
Sản phẩm đóng gói không tốt,NEU
mặc vừa và rất hợp   ,NEU
Nói chung từ giờ sẽ thành khách ruột của shop,NEU
hàng đúng mẫu ,NEU
shop gửi thiếu hàng  định nhắn tin hỏi thứ nếu shop k biết lỗi thì sẽ cho ít sao  nhưng vừa nhắn phát shop đã rep lại và hỏi han nhiệt tình nên vẫn để 5 sao ,NEU
"Thân nồi không dày dặn lắm, mà inox việt nam minh như vậy là tạm ổn",NEU
thời gian giao hàng nhanh  dáng áo ok nhưng nhão  chạm đâu cũng bj rút sợi ,NEU
"Cái đầu hơi cứng, nên hơi khó di chuyển",NEU
Cây lau nhà lúc ấn quay ko đc ổn cho lắm :(,NEU
Đóng gói cẩn thận,NEU
"Sản phẩm giao đúng, chất lượng gia công, hoàn thiện sản phẩm không được trau chuốt cho lắm.",NEU
Sản phẩm đóng gói cẩn thận nhưng đầu nối ren trong không nối được với đầu vòi nước nên mình cất đi rồi,NEU
"Tôi ko hài lòng vì khi chọn sản phẩm tôi thấy có khung nhựa để gắn vào bồn rửa chén , nhưng khi giao thì ko có",NEU
"đặt màu xám mà giao màu nâu, trong khi giá màu nâu rẻ hơn giá màu xám mình đặt, tại mình thấy bạn giao hàng lần đó đang giao tủ lạnh hay tivi gì cho người khác chở rất cồng kềnh nên mình o nỡ bắt bạn ấy đem về .với lại thấy cũng chung nhà sản xuất nên cũng o trả lại sp.",NEU
Kô đc tặng kèm lược như bài đăng,NEU
"Nhỏ quá không cho vừa dây, chỉ dùng cho dây nhỏ thôi",NEU
Mình thất vọng vì phần dây giày không như mình tưởng rằng nó sẽ dầy dặn nhưng dây lại quá mỏng và ngắn,NEU
"Chất vải đẹp, nhưng phần cổ hơi xấu",NEU
"miếng cao su chỗ nắp bình bị lỗi làm bình không đậy kín được, mình phải tháo bỏ vòng cao su trong nắp ra",NEU
Nên mua lớn hơn 2 size thì vừa,NEU
mùi rất thơm khi ngửi trực tiếp nhưng khi bỏ vào sấy chung với quần áo thì không thơm lắm (2 tam giấy thơm cho 1 lan sấy),NEU
"Shop phục vụ khá tốt, ăn ngon, nước hơi bị đậm, phần riêu cua nhiều, thơm",NEU
good ,NEU
ko biết là giao lộn hay do mình nhỉ ,NEU
Cảm ơn shop,NEU
"sẩn phẩm ok, hiện tại sử dụng ổn",NEU
Tiki xem lại nhân viên giao hàng đơn này. Đi làm thời buổi này mà không có tài khoản ngân hàng. Khách mà muốn chuyển khoản cũng không được. Thái độ phục vụ chán,NEU
Ok,NEU
ghi hàng cực kỳ dễ vỡ mà bọc bên trong chỉ có 1 lớp giấy.,NEU
"Vải dày dặn nhưng k mịn lắm, hơi xù",NEU
kính mình nhận không gắn kèm bịt tai,NEU
"Bạn shop dễ thương, giao hàng nhanh, quần vải mềm, co giãn nhiều, mình mua xanh đậm cảm giác màu ko giống hình mẫu lắm",NEU
goi gap san pham lai bi hu doan giữa,NEU
chưa sử dụng không biết chất lượng ntn ,NEU
Giay minh mang k vua ma shop noi het size roi k pk sao,NEU
"ok á mọi người  
có j mua xài thử ik",NEU
Vải áo mỏng,NEU
tạm đc,NEU
chất lượng sản phẩm tốt nhưng dán vào không khớp ,NEU
Remote mua về không dùng được cắm lên mỗi cái đèn thôi,NEU
Sợ đồ cho bé,NEU
Cũng tạm được,NEU
Nhìn qua thì đẹp mà mặc ko vừa,NEU
Mong sẽ hết liệu trình sẽ giảm đc về số cân mong muốn hihi,NEU
"Rất bình thường, giá quá cao",NEU
"nút nhấn nảy nhẹ, dùng ko sướng lắm",NEU
😍😍😍😍,NEU
Mua lầm đây là đồ chơi của trẻ con,NEU
chất rất đẹp ko bị nhăn. mình sẽ mua nữa 👍,NEU
cũng đc thôi chứ k chất lắm ,NEU
Shop chắc đông khách nên thôi mình cũng ko đôi thành sz M nữa vì đổi chắc sợ cũng ko mặc đẹp,NEU
chưa thật sự phù hợp !!!!,NEU
sản p ,NEU
Chất lượng sản phẩm tạm được,NEU
Nên mua màu rêu vì màu này mình thấy chất vải đẹp và dày hơn màu khác 😁,NEU
áo toàn thấy chỉ k à,NEU
Chất lượng sản phẩm đẹp..,NEU
giá rẻ hơn hẳn bên ngoài ,NEU
khg như ý khg như quảng cáo,NEU
Không đổ lông,NEU
đặt mua 3 cái nhưng chỉ 2 cái ok  cái còn lại bị lỗi nghiêm trọng hai bên vai  nhưng giá cả mềm cách phục vụ của shop tốt ,NEU
đường may ko đẹp lm ,NEU
bao bì gói cẩn thận ,NEU
"Sp dùng tốt, k biết có bền không",NEU
đến lạy shopee ,NEU
Quần hệt như hình,NEU
tiền nào của đấy ,NEU
Áo hơi rông,NEU
mấy ngày đầu còn thấy chữ đánh giá và hoàn tiền  ,NEU
Được so với giá,NEU
mình thì thích hơi rộng   ,NEU
vui long kiem tra lai so do cua size xl  thời gian giao hàng rất nhanh ,NEU
Sản phẩm mỏng manh hàng tàu đểu bơm vài cái đã ốp ep,NEU
Giữ nhiệt kém. Ngoại hình ok. Nhưng có vết nức trên nắp,NEU
mỗi tội áo hơi mỏng ,NEU
Cổ áo hơi rộng,NEU
Áo không to như mình tưởng,NEU
chất lương tương đương giá thành ,NEU
giao hàng nhanh màn đẹp chất lượng như thông tin sản phẩm đã đăng,NEU
"cũng ổn, chiwa đc tinh tế lắm",NEU
áo hơi nhỏ so vs ng dưới 40kg  chất lượng sản phẩm tốt  đóng gói sản phẩm chắc chắn  thời gian giao hàng nhanh ,NEU
"Ko đúng mẫu mình đặt , ngay ban đầu đã ko thích",NEU
Tôi mua sản phẩm với giá đã được giảm còn 54.000 đ/ hộp. tổng cộng mua 2 hộp là 1*** đ. sau khi về xem lại giá in trên bao bì chỉ có 45.000đ/hộp. tiki và nhà cung cấp xem lại để có câu trả lời hợp lý. cho 3 sao vì tiki đóng gói hàng rất tốt.,NEU
Quần xinh nhưng ngắn và nhỏ so với mình,NEU
Tiền nào của nấy,NEU
Chọn size 7 bé gái mà shop giao màu bé trai ; chắc phải mua cái nữa,NEU
Chất lượng sp phù hợp với giá tiền,NEU
nhưng vẫn đánh liều mua 2 cái  ,NEU
"Ko giống trong hình lắm,hơi nhỏ",NEU
sản phẩm đúng mô tả ,NEU
balo đẹp giống hình ,NEU
Sản phảma như hình,NEU
so sánh với goon slim đang sử dụng  mỏng hơn  chưa rõ về độ thấm hút  lưng chun dày hơn ,NEU
.                             .,NEU
shop có thể đổi cho mình 1 cái size xl lấy size l đc không ,NEU
"Nó hơi cứng, không mềm mại vì thế sẽ không có cảm giác dễ chịu khi đắp. Nó khá là thoát nước, giặt mau khô.
Giao hàng nhanh",NEU
order hình 5 shop gửi hàng hình 3 ,NEU
Mình có chát nhưng shop chát lại rất chậm,NEU
chất lượng tạm dk ,NEU
Sản phẩm nhìn bình thường hơi thất vọng vì nhìn trong ảnh rất lung linh,NEU
"Phù hợp máy rửa bát nhỏ thôi, chứ máy 12 bộ dùng loại này không sạch (phải cho 4 viên/ lần rửa thì đỡ hơn 1 chút)",NEU
Shop phục vụ rất tốt!,NEU
hàng đẹp nhưng độ co giãn ít quá ,NEU
Thời gian giao hàng hơi lâu,NEU
Không lắp trên tường gạch men được,NEU
nếu ko phải thì sẽ hỏi lại cho ra ngô khoai đó ,NEU
xài được chắc 1 tháng ,NEU
shop gửi thiếu hàng cho mình   mình cũng rất kiên nhẫn chờ shop rep lại tn   chắc shop đông khách quá nên việc gửi thiếu 1 chiếc áo 33k cũng là chuyện nhỏ   ,NEU
Hình như áo hơi mỏng,NEU
áo bình thường ,NEU
Pó tay,NEU
vải cũng đc ,NEU
Dây đeo mỏng manh k dc ok lắm,NEU
"tạ tay chất lượng tốt nhưng khi nhận hàng thì miếng mút bao ngoài bị rách nhiều chổ phải dán keo lại mới coi được, nếu bộ phận kiểm hàng làm kỷ việc này thì chắc chắn sẽ được 5 sao",NEU
check mã vạch k truy xuất được nguồn gốc của sp.,NEU
bộ đen chất ko đẹp như bộ cam  vải mỏng ,NEU
Khi đổ xuống nó trào lên làm phỏng hết cả người. Các bạn nên cẩn thận khi sử dụng .vẫn chưa thông được cống,NEU
"Tạm được . hàng như đã mặc qua rồi, len nhão và màu xấu",NEU
"Dùng được, đổ 1 gói thì thừa, chỗ để lại hay bị vón cục",NEU
Thấy là k chắc chắn rồi đó,NEU
nhưng giày đẹp ,NEU
chất liệu và dáng sp ko được như mong đợi ,NEU
áo size m chật so với số đo shop hướng dẫn còn lại mẫu mã chấp nhận được ,NEU
thảm hơi mỏng ,NEU
"Tay cầm khá nhỏ, nên là cầm rất khó",NEU
Sản phẩm bình thường không có gì nổi bậc.,NEU
Tui qa nho do voi hinh,NEU
"Sản phẩm phù hợp với giá tiền,",NEU
mình ít khi nào đánh giá sản phẩm ,NEU
Chất lượng sản phẩm tạm được Đóng gói sản phẩm tạm được Thời gian giao hàng chậm,NEU
minh phin rui ma sao roi van nhiều ,NEU
"Lỗi, nhưng đã được hỗ trợ đổi sp mới đúng với miêu tả",NEU
"Mình 52kg mặc áo còn thấy dài và rộng thùng thình, trong khi form mẫu mặc rất gọn và áo lửng ko quá dài",NEU
mua lần 2 rồi ,NEU
Chất liệu tạm được,NEU
áo đẹp lắm a ,NEU
"đặt 3 bao, tính tiền 3 bao, giao hàng 2 bao. Do mình không có ở nhà nên người nhà nhận hàng không biết, chuyển trả theo đơn hàng 239.000",NEU
mới mở thùng ra đã thấy vỡ mà không tìm đủ đc mảnh vỡ để dán keo lại.,NEU
Giao hàng nhanh,NEU
"Sản phẩm không đồng bộ chất lượng. mình mua cái đầu tiên cách đây khoảng 2 tuần chất lượng ok. đến cái thứ 2 thì như hàng nhái, ốc, lò xo gỉ sét, ốc chốt ngay bên trên ghế ngồi thì không có răng vặn, không vặn được, bàn đạp thì cứng, đạp lọc xọc. Tiki nên xem xét lại chất lượng đồng đều đơn hàng",NEU
Thun mềm,NEU
áo đỏ may hơi lỗi ,NEU
"Sơn rất dễ tróc và phai màu, Chủ yếu dùng giữ lạnh cũng tạm được",NEU
Nhung chiếc ao babidon mau hồng bi 1 loi nho,NEU
m7 mat cut ,NEU
thun mềm ,NEU
Mua sale là sai ư,NEU
mặc thích lắm ạ   mỗi tội ship hơi lâu  ,NEU
"bình nước bị rò nước , k kín , mang vào túi bị đổ nước ra ngoài 🙂",NEU
"Gói gém cẩn thận, nhưng lúc mở ra thì cái túi bị xước vậy nè. Không biết phải làm sao?",NEU
Mình mua 585 590 h tới con 331 này. Hai con kia bấm k nghe đúng là silent. Con này bấm kêu tạch tạch mặc dù k to,NEU
chất liệu không được dày dặn như trong ảnh nhưng chấp nhận được với mức giá rẻ ,NEU
hơi dài ,NEU
chat luong binh thuong,NEU
k phu hop nhu cau su dung,NEU
Mình báo shop lấy size S shop lại chuyển hết size M,NEU
Sz s nhưng to may lại thì mặc đẹp nhưng👇,NEU
Mà ngại đổi trả hjc,NEU
Bánh bt,NEU
đặt size s giao m ,NEU
Trog khi mình cao có 1m58,NEU
chất lượng sản phẩm tốt      chất ren tạm được hơi mỏng  ,NEU
"Thảm giao đến nơi bị trầy, mặt thảm dễ bám bẩn, vẫn bị mùi cao su nhẹ.
Điểm cộng: màu đẹp, độ bám sàn tương đối. 
Chất lượng phù hợp với dòng trung đối với thảm Adidas.",NEU
mình nhận được đồ rồi ,NEU
"miếng cong lưng này dễ gãy, nằm 1 vài lần là gãy khi chỉ để mức số 2",NEU
Chat vai tam duoc.giao hang cham.gui khong dung size,NEU
"Kính nhìn rõ, độ cận chuẩn các mắt nhưng bị vào nước, mình đã siết dây rất chặt đến đau cả đầu mà vẫn bị vào nước, bơi đc khoảng 50-70m là nước vào chạm đến mắt rồi, rất khó chịu.",NEU
"Khó quét nhà, nhỏ, với giá này mình hơi hối hận",NEU
hy vọng chế độ bảo hành tốt như shop nói ,NEU
Chỉ mặc S thì vừa,NEU
nhận dc hàng hôm qua và hôm nay mới coi.quần ok lm ạ.thanks shop.nhưng mk thấy tg vận chuyển hơi lâu zui đợi mãi mới nhận dc hàng,NEU
Size ao nho hon nhung sp khac,NEU
Son lì.,NEU
đẹp  nhưng hơi rộng rồi   đặt thêm cái nữa nha ,NEU
chất không đẹp lắm nhưng không sao vì rẻ ,NEU
Shop ship nhầm màu nhưng cho ship lại đúng màu luôn mà mình còn đang giữ hộ shop bộ nhầm,NEU
mình cao 1m60 mặc vừa tới rún  d ,NEU
Thanh xốp chắn khe cửa k dính. Dùng được tầm 1 tháng bọ bong. Phải dùng keo đính lại.,NEU
"Nghe tiếng bước chân PUGB tốt, mỗi tội mic thu hơi kém",NEU
sản phẩm bình thườngggggg,NEU
nhận hàng được mấy ngày rồi mà nay mới rảnh đánh giá cho shop ,NEU
"Mé thằng nào bảo xem được youtube như thật. Lên mạng bằng cái opera cùi bắp thì lên làm gì, wifi làm gì 🤧. Lắp thẻ nhớ thì bắt reset dmm",NEU
mong shop kiểm tra kĩ trước kho đóng hàng ,NEU
dễ bun keo quá cũng tạm chấp nhận,NEU
thời gian giao hàng chậm đóng gói sản phẩm rất đẹp và chắc chắn chất lượng sp ok ,NEU
"Mùi rất nồng, chuột không đi",NEU
..,NEU
"Đóng gói rất kỹ nhưng lại bị tróc ngay miệng nồi, đây là lỗi từ trước không phải do vận chuyển. Tôi muốn được đỏi lại sản phẩm khác. 
Tiki đã đổi lại cho tôi sản phẩm khác,hỗ trợ rất nhanh. Rất hài lòng về sản phẩm và dịch vụ hậu mãi của Tiki",NEU
Cũng k có điểm bám ko ôm môngz suy ra lúc di chuyển nó nhét hết vào kẽ đít các thím ạ,NEU
"Bẫy bật rất mạnh nhưng chỉ dành cho chuột to, chuột nhắt - trung bình không hiệu quả.",NEU
Lúc đầu nghĩ với giá này thì áo thun sẽ bị mỏng,NEU
Ko có ống hút như quảng cáo,NEU
Chất kem bột,NEU
mau trôi ,NEU
Đủ hàng,NEU
Chất vải tạm được,NEU
vải đuwowcj nhưng hơi chật,NEU
"Chiếu mỏng, nhẹ. Tạm được.",NEU
"Chiếu mỏng, số đo dài rộng đều bị hụt khoảng 5cm",NEU
Hảo,NEU
muốn mua thêm nhưng không có,NEU
Đã mua 1 combo,NEU
in hơi thô tí thôi còn lại tốt ,NEU
kích thước cũng không được to ,NEU
đáng đồng   ,NEU
Thật ko biết nói sao khi đưa áo cho cô đồng nghiệp hơn 50 tuổi,NEU
chất dai đanh và lì mặt ,NEU
Hàng tạm được chứ không đẹp.đóng gói ok,NEU
hơi thất vọng vì dây hơi khó nhảy,NEU
"bình thường, chất lượng không được như quảng cáo",NEU
Buôn bán thật thà dùm đi mấy má,NEU
bộ chất mỏng nhưng khá mềm ,NEU
nếu chịu khó đi sửa thì có thể mặc được ,NEU
"Áo tạm được , vải áo k thơm vải mới ..",NEU
"viên hơi nhỏ, nhưng sài tạm",NEU
Cứ chuyển sang đèn xanh rồi quay về đèn đỏ,NEU
Mình mới sử dụng  được hơn 10 ngày mà giờ đèn không sáng nữa. Nhờ Tiki hỗ trợ liên hệ nhà cung cấp để đc bảo hành.,NEU
Áo như ảnh,NEU
"Áo đẹp nhưng có điều dây kéo k tốt lắm, em vừa mới kéo xong nó bị hư mata tiêu :v",NEU
Tam on. Mui thoang thoang nhe,NEU
Chất lượng áo bình thường,NEU
hình như áo hơi mỏng ,NEU
voucher tối đặt sáng giao ,NEU
nên giat tay ,NEU
Hàng 4 lớp,NEU
sao tạ này rơi ra nhiều cát bên trong vậy hả shop,NEU
Chưa sử dụng nên chưa có cảm nhận về sp,NEU
"không chắc chắn, đèn cứ rớt trái phải",NEU
"Không đẹp, không dày, quá mỏng",NEU
Mâm xoay bằng nhựa dễ bị bể,NEU
"Vải k dày lắm, tưởng rộng nhưg mặc cũng ổn, tư vấn nhiệt tình",NEU
Áo màu xanh phù hợp với người 40 tuổi trở lên còn trẻ đừng chọn vì màu hơi tối,NEU
Gạch hơi mềm và vòng ko chắc lắm,NEU
sẽ ủng hộ ,NEU
chất lượng sản phẩm tam dc ,NEU
nhưng được shop tặng thêm mặt nạ nữa chứ tks shop ,NEU
Nút tắt mở theo kiểu vòng lặp quá bất tiện. Muốn tắt bằng 1 chạm mà k được.,NEU
"Áo vải tạm được, mặc nóng",NEU
Chất vải chắc là nhanh bị dãn,NEU
"Tôi đã nhận được hàng đổi, lần này chất lượng tốt nên tôi ko phàn nàn nhé. Cám ơn Shop Tiki",NEU
"mua về tháo ra, kính xanh okie. kính đen bị sứt mẻ cầu nối mũi. 2 cầu nối mũi sơ cua của kính đen lại bị cháu làm mất... chán quá chán.",NEU
nặng 45kg nhé ,NEU
gửi trả shop thì tiền ship cũng quá tội ,NEU
quần vải ok nhưng thắt lưng co dãn ít  khó khăn trong lúc mặc ,NEU
"Không vừa tầm với của mình, ngồi thấy mỏi vai hơn",NEU
Ưng ý với sản phẩm vừa rồi,NEU
chất lượng tạm ổn ,NEU
Áo đẹp lắm ạ!,NEU
hơi ngắn so với mình  khó sơ vin ,NEU
Áo đẹp y như hình nhưng còn nhiều chổ bị dơ :))),NEU
đẹp mà đế hơn xấu tí mà ok lắm ,NEU
áo nhẹ  vải mát  tuy nhiên mặc bị hở phần cúc ở ngực ,NEU
Đi học vẫn phải đẹp nhé,NEU
dáng áo không đẹp bằng áo sọc lần trước mình mua ,NEU
"Bình giữ nhiệt rất tốt, để đá cả ngày tan cũng không hết, tui nhiên bình rất nhanh hôi. Ngày nào cũng phải rửa bình nếu không sẽ có mùi hôi khó chịu",NEU
Nhận hàng được mấy ngày rồi mà nay mới rảnh đánh giá cho shop,NEU
áo in đẹp như hình ,NEU
Lấy 10 chiếc mà 3 cái k phải len tăm,NEU
"Giao hàng nhanh, đèn ko được nhạy lắm",NEU
Bóc ra bị đâm 1 cái vào tay,NEU
Phần vai áo quá rộng ko đúng form áo nhưng sửa 1 tí là ok,NEU
Chất lượng sp tốt,NEU
váy rất thô và cực rộng  không thể mặc được  tiền nào của nấy thôi ,NEU
Bình thường nhé mọi người ơi,NEU
nồi đẹp nhưng tay cầm bị nóng nha mọi người,NEU
Dao không bén lắm. Dùng tạm.,NEU
với giá tiền đó mà mua được cái áo như thế này phải nói là quá tuyệt vời,NEU
"Hơi rộng, nhưng OK",NEU
Hạt bị hư nhiều,NEU
đêm bt  k dày lắm ,NEU
"Chao moi nhan duoc, chu su dung nen k pit nhu the nao, tuy nhien khi lay tay so thu trong long chao thi thay nham nham ban tay, k pit nau an co ra chat nham ay k, cung hoi lo lang ve chat nham trong chao",NEU
ở trước ngực áo có mấy vệt trắng bẩn cơ mà giặt sạch đi đc  ,NEU
sợ hớ hênh lộ hàng vì lớp lót cũng mỏng và rộng luôn  k biết có sửa đc để mặc k nữa  ,NEU
"Sp không rõ ràng xuất xứ. Trên tiki ghi xuất xứ việt nam, trên sản phẩm thì ghi trung quốc",NEU
Sản phẩm bằng nhựa quá mỏng manh. Không chịu được lực của một người như quảng cáo.,NEU
Ko thấy thơm cũng chẳng thấy sạch,NEU
dép có vẻ hơi nặng nhưng chất lượng tốt ,NEU
ô số với giá ,NEU
Sp như hình mỗi tội vải hơi mỏng,NEU
Tiền 99k mà mua đc đôi v là ổn r,NEU
Trong khi mình chẳng bao h mặc trắng,NEU
Sp bình thường thì là 3 điểm,NEU
giá hơi cao tý ,NEU
"Máy chạy kêu quá, mình thấy phần comment mọi người cứ bảo vặt chặt vít vào với cả tra dầu mà mình vặn ra vặn vào mà vẫn kêu, haizzz, khá thất vọng",NEU
Không đúng màu. Đặt màu xanh lại giao mài hồng,NEU
màu hơi tối   ,NEU
Ta pamper về giá tầm trung nhưng xài chất lượng rất ok,NEU
"Mùi chanh được, mùi oải hương mùi hắc",NEU
Không có đồ chặn đá  như mấy loại khác,NEU
"Ao dep nhung khóa ao bi hu , hic hic",NEU
"hàng  chắc chắn, đóng gói cẩn thận, nhưng khung sắt hơi bị rỉ,",NEU
Hàng giao thiếu chai này .yêu cầu kiti liên hệ lại .***,NEU
mặc thoải mái  không khó thở như các loại khác  lưu ý là áo thoải mái nên sẽ không nâng ngực ạ ,NEU
chất liệu vải k đẹp ,NEU
Bao vải 30k mà mỏng lét mỏng le,NEU
size xl mà nhỏ xíu ,NEU
Làm ăn để đức lại với,NEU
date sản xuất mới 16/10 ,NEU
"Bán khá đắt so với các sp lau chân khác nhưng chất lượng kém, không làm sạch bụi dưới chân",NEU
Miếng dán ipX có đường bên trên ko đẹp,NEU
Chất ok nhưng đặt sz M lại giao S,NEU
hư con lăn sau 5 tháng sử dụng,NEU
Vải bình thường.tiền nào vải ấy.k sai,NEU
Shop nhiệt tình,NEU
"bình thường thôi ....,,,,......,..z.z...z...... .z",NEU
"nhỏ, thấp, cảm giác mỏng manh",NEU
áo màu trắng phải mặc thêm áo lót bên trog thì ok ,NEU
Thân,NEU
Đầu bấm không quá sắc. Phải dùng rất nhiều lực và bấm nhiều lần mới bấm được lỗ cho thắt lưng,NEU
hàng sai kích thước. nhỏ nên chưa biết để làm gì.,NEU
cám on shop nha ,NEU
Như video,NEU
chất lượng đi đôi với số tiền ,NEU
"Sản phẩm chất lượng trung bình, đúng hơn là khá ọp ẹp. Tiki giao hàng nhanh. Nếu ai quan tâm đến mua cây lau nhà loại tròn hay loại vuông chữ nhật thì khuyên mua loại tròn nhé. Mua loại vuông, chữ nhật lau không hiệu quả mà chỉ phí tiền.",NEU
nói chung chất lượng tạm được so vớ giá ,NEU
đặt màu đen gửi màu da ,NEU
Tuy có bị bẩn nhưng có lẽ tẩy được,NEU
OK hàng cũng tốt Sài được,NEU
"lau đc vài hôm đầu thích lắm luôn, sau đó bình chứa nước tự nứt vỡ, xì tùm lum...  😢",NEU
đóng gói sản phẩm rất đẹp và chắc chắn  chưa dung nên ko biêt cl ra sao ,NEU
Cham soc tot cho khach hanh xin cam on,NEU
vải k được đẹp lắm  nhưng vs giá mua thì ok   ,NEU
đáng tiền cơ mà em đặt size s r vẫn bị rộng  ,NEU
"SP đẹp mắt, chắc chắn, nhưng về phần 5 nút đậy gì đó thì k có",NEU
Không có gì để nhận xét về sản phẩm.,NEU
Mặc thì cũng đc,NEU
"Chuột phải bấm rất êm - hành trình bấm ngắn, mượt, chuột trái lại kêu lạch cạch nhỏ nhỏ do hành trình bấm dài hơn. Tuy đúng là có silent hơn so với chuột cũ của mình nhưng vẫn nghe kêu nhỏ nhỏ. Nhưng nói chung với giá này thì cũng ổn rồi.",NEU
tiền nào của đó thôi ak ,NEU
Ở trước ngực áo có mấy vệt trắng bẩn cơ mà giặt sạch đi đc 😂,NEU
đóng gói sản phẩm rất đẹp và chắc chắn thời gian giao hàng rất nhanh  giày lúc đầu nhìn ok đến lúc mang thì mới để ý bị gãy mất chỗ thắt giày  nhắn tin cho shop nhưng shop không trả lời giày đẹp nhưng hơi thất vọng 1 tí ,NEU
còn vans thì bình thường mình đi 36 hoặc 37 đều ok nhưng nay lấy 36 thì rộng quá    ,NEU
"Chất lượng bth, 1 lần sạc dùng đc 2 ngày tương ứng 2 lần học",NEU
"Đây đeo bất tiện, vải mỏng không ôm mà cứ lúc lắc khi chạy bộ không nên mua",NEU
Hàng được đóng gói cẩn thận. Chất lượng chuột trung bình vì để đầu usb receiver hơi xa chút là chuột giật giật hơi khó chịu. Khoảng cách được tầm 40cm đổ lại thôi.,NEU
"Đèn sáng yếu. Giống như đèn dầu. Rất nhanh hết pin.
Đèn không báo sạc đầy nên không biết cắm sạc bao lâu thì đầy.
Mua về trang trí thì ok.",NEU
"Chưa nhận dc ...... nhưng dã báo giao thành công
Rât yiec la shop giao bị thiếu",NEU
khác hình ,NEU
bộ đồ khá ưng. có điều mặc thấy nóng quớ. hihi,NEU
So chất lượng với giá tiền thì giá như vậy là rẻ,NEU
Găng tay dùng ổn. Mình mua sz to nên hơi rộng chút,NEU
"Bộ phận vắt bị kẹt , mình phải đổi lại",NEU
Tất khá mỏng,NEU
Áo rộng,NEU
Áo đẹp nhưng vải hơi dày và hơi nhỏ,NEU
giày hơi cứng nhưng lên dáng rất ok ,NEU
feedback cho shop nhé  ,NEU
"Hơi khó sử dụng, đồ nâng thấp khó đưa bánh xe vào, khi đẩy bánh xe chạy lung tung",NEU
tạm ổn không giống hình cho lắm ,NEU
"ly giữ nhiệt khá tệ, tầm 2-3h là đá đã tan hết, nước nguội như nhiệt độ thường. Các phiên bản cũ giữ nhiệt tốt hơn hẳn, tệ cũng được 5h giữ lạnh. Thất vọng vì chất lượng sản phẩm.",NEU
mình 43kg cao 1m57 mặc hơi rộng ,NEU
"Phải ký tên khi nhận hàng, phiền phức!",NEU
"Túi hơi bé, dây buộc của túi lỏng lẻo",NEU
móp,NEU
đóng mỗi ví có nilong  có một hộp to ghi thương hiệu  mình nghĩ đồ da do shop tự làm chứ ko phải trung gian  ,NEU
Đã gửi cho shop đổi hàng,NEU
"sản phẩm màu sắc tươi sáng, hình ảnh sinh động nhưng nhỏ hơn so với cảm nhận khi xem hình mô tả",NEU
áo này hơi mỏng nhưng phù hợp giá ,NEU
Nhưng màu không được giống và đẹp giống ảnh cho lắm,NEU
Chất lượng bình thường ...,NEU
Hihi,NEU
màu thì đẹp chất thun ok nhung hơi nhỏ và ngắn ,NEU
"Dùng rất ok, chỉ ko biết dùng liệu có lâu được ko thôi hì 😄",NEU
Chất thì ok nhưng cổ áo ko giống hình.cổ áo ko rộng mà ôm,NEU
mà từ khi nghiên cứu trên shopee ,NEU
có cái dây trong để trong bao nylon nhỏ hơi bị nhàu nhưng mình ít dùng dây trong nên cũng chấp nhận được ,NEU
"Bạn giao hàng nhầm cho mình rồi, mình đặt màu trắng, bạn giao màu xám",NEU
"Sản phẩm góc nhìn không tốt, nhìn ngang trực diện rất mờ, nhìn trên xuống thì tạm được",NEU
màu không giống vs hình ,NEU
Mà mấy bạn thấp nên cân nhắc mình 1m70 lận,NEU
nói chung ok nhưng bị cái la đôi mình nhận đc 1 đầu dây bị đen thui ,NEU
bị lỗi ngay lưỡi gà,NEU
thích cách phục vụ của shop dth vs nhiệt tình ghê tuy áo không dài như mình tưởng nhưng nói chung mặc cũng ok  3 ,NEU
nay mua 1 cái màu đen nhung cái màu đen lại to hơn 1 chút nhưng e vẫn mặc dc a e cao 1m62 ,NEU
form ok so vs giá tiền ,NEU
"bình thường, không như tưởng tượng hihi",NEU
hình thức đẹp nhưng cây lau mới dùng đã bị hỏng,NEU
mỗi tội cỡ l mà ngắn quá ,NEU
"Như vậy là mình đã xài tổng cộng 5 lọ trong vòng  3 ngày (lần trước là 2, lần này là 3), tuy nhiên đường ống nhà mình vẫn chưa xi nhê j mấy, chắc tại do nghẹt lâu ngày quá",NEU
"combo giá mềm nên sp sd tạm tạm. Gối mềm lún, vòng ổn",NEU
"Mua 4 chiếc thì 2 chiếc màu nâu chất lượng tốt, còn màu xanh với màu đen chất liệu hơi khác, có vẻ cứng",NEU
tuy nhiên khi ngồi 2 bên túi phồng ra  lộ vải đen lót túi và vải không được se lại bị tưa  không có cách khắc phục chak chỉ có may lại túi mới hết bị lồi ,NEU
"chuột dùng nhạy, nhưng bị lỗi phím trái khi nháy đúp và đèn không sáng",NEU
Thơm dùng được giá cũng rẻ,NEU
"Chất lượng ổn, nhưng hơi bị xước",NEU
Vừa mới mặc thử đã bị rách lòi mút trong,NEU
chứ m6 vs dưới 50 kg như mình mặc rộng quá ,NEU
K như mong đợi,NEU
Yêu thương,NEU
"chuột êm, đóng gói tạm ổn",NEU
Chất liệu bt cũng phù hợp vs giá,NEU
mẫu giống hinh  chất lượng ko giống hinh  mà tiền nào của đó tạm chấp nhận đc ,NEU
Sp thơm nhưng lúc mua thì thay co miếng kệ dan nhung khi nhận hàng thi kg thấy phải dan bằng băng keo nhu vậy,NEU
Hàng đúng hình,NEU
"Đã nhận hàng nhưng thiếu:  tôi mua 3 combo 300 túi lọc rác bồn rửa chén, shop giao cho tôi 8 bị, mỗi bị 100 túi, tức là thiếu 1 bị, mong shop giao bổ sung cho tôi 1 bị nữa (100 túi), cám ơn shop",NEU
Hàng giống hình,NEU
sản phẩm ok nhưng giao hàng khá chậm  chấm 3s ,NEU
Vừa với số tiền,NEU
Chắc chắn,NEU
Ko hiệu quả gì. Ko dat ket qua nhu mong doi,NEU
áo đẹp nhưng hơi mỏng ,NEU
chỗ ống quần có vết dơ như dính mực nhưng ksao ,NEU
thanks shop nha ,NEU
Còn về form thì chuẩn r,NEU
hơi rộng so với mình,NEU
Sáng nay mua Flash sale giá 64k mà giờ lại còn 62k,NEU
"Vỏ trầy nhẹ, còn lại cũng ổn",NEU
Giao hàng nhanh,NEU
;),NEU
Đóng nhầm sản phẩm cho khách,NEU
tiki giao hàng nhanh. mua đúng đợt giảm giá được giá ưu đãi. bình giữ nhiệt tốt nhưng vừa mới mua dùng lần đầu tiên mk ko bị va đập vào đâu mà đã bị bong tróc 1 ít sơn vỏ ngoài.,NEU
Bỏ vào máy rửa bát là phin bị chảy chất gì đó ra. Có vẻ k an toàn cho lắm. Xài phin inox hoặc gốm có vẻ ok hơn,NEU
áo đẹp lắm nha shop ,NEU
lúc đầu mua về có hơi thất vọng vì chất nhìn khá xấu   à đương nhiên do nhìn nghĩ nó đẹp không tì vết nên có hơi thất vọng chút xíu thôi  áo cũng chuẩn form  màu lên rất đẹp  chỗ rách rách ở ống tay hơi thô  nhưng nhìn chung áo rất đẹp  thật sự đẹp  ,NEU
Mà nhận có thấy gi y hình đâu,NEU
Cung đc,NEU
Sp phù hợp với giá tiền,NEU
chất lượng sản phẩm tạm được giá cả chấp nhận được bột không dc min lam uống bi sạm ,NEU
"*** Ok mang đi làm đúng chất,Bình dân",NEU
So voi giá tuền thì vẫn sd tốt,NEU
khăn ảnh màu đỏ tươi thành màu đỏ chết ko đúng màu so với ảnh ,NEU
bông lâu kg thực sự thấm hút nước như quảng cáo. giá rẻ nhưng cũng như cần chất lượng hơn. ship quá chậm,NEU
mùi chanh được  mùi oải hương mùi hắc ,NEU
"Cũng được, so với giá này cũng được",NEU
"Sản phẩm đúng với mô tả, sẽ báo kết quả sau khi sử dụng",NEU
Giữ nhiệt kém không đc 24h không hài lòng,NEU
Hihi,NEU
mình 52kg lấy sz l hơi rộng ,NEU
đường may ,NEU
binh sua rất ok ạ,NEU
sản phẩm còn nguyên tem ,NEU
quần kia cũng cỡ l mà dài rộng hơn ,NEU
Quần rộng,NEU
Hàng y hình,NEU
cháu mình đánh thử bạn ý bảo cháu mua 50nghìn cái vợt mà lưới  căng hơn cái này,NEU
sản phẩm gói rất đẹp ,NEU
Mới sài 2 tuần mà từ silent thành click click roài. Cảm giác nút bấm bị rít.,NEU
"bình đổ mồ hôi do cái nắp bị hở , có nắp thay không vậy shop. liên hệ lại giúp mình",NEU
Day dep chat luong cung on,NEU
áo k đep binh thưong ,NEU
Đẹp vải trơn mịn,NEU
Xài cũng khá ổn,NEU
Giá cả chấp nhận được Thời gian giao hàng tạm được Thời gian giao hàng tạm được Thời gian giao hàng tạm được Giá cả chấp nhận được,NEU
"- Nến chỉ cháy được khoảng 2 tiếng, mình dùng với đèn xông tinh dầu thì so với loại nến khác có 2 nhược điểm: 1. Thời gian cháy ít hơn (2h ở điều kiện ít gió, kín gió) 2. Nhiệt lượng tỏa ra cao hơn so với loại nến khác dẫn tới việc mau hết tinh dầu xông dù đong cùng một lượng",NEU
Giày xinh nhưng box nát quá 😥😥,NEU
Cái chốt bị hở cả cái lò xo ra rồi. Shop kiểm tra lại hộ mình với ạ,NEU
Minh nhận đc hang quần ko ok bi rách,NEU
Cảm ơn shop,NEU
mua cùng 1 loại nhưng cái áo này loại khác ,NEU
sp rất ok  thanks shop ,NEU
j Quá rộng so với chân ghế,NEU
80W mà không sáng bằng cái đèn downlight 9W,NEU
chắc đl người mặc thôi nên mình sửa lại cao lên xí ,NEU
nói chung từ giờ sẽ thành khách ruột của shop ,NEU
Lớp nilong ko dính vào mọi thứ khi dùng,NEU
Áo y hình nhưng chất hơi xấu,NEU
đã sử dụng ko thấy hiệu quả lắm,NEU
Phần giẻ thấm húy không được tốt lắm,NEU
chất vải ok nhưng phần thun để giữ áo ở vai có bản nhỏ quá nên áo cứ bị tuột lên trên. dù vậy làm thành áo croptop cánh tiên cũng ok,NEU
treo đầu dê bán thịt chó ,NEU
Quần xinh hơi ngắn chút,NEU
"Thời gian giao hàng nhanh. dáng áo ok nhưng nhão, chạm đâu cũng bj rút sợi",NEU
Có kèm 2 miếng lót,NEU
thời gian giao hàng nhanh thời gian giao hàng tạm được ,NEU
"Vải mịn nhưng áo dài quá nên mất đẹp, ko crt như hình",NEU
áo len ko co dãn mấy  1m62 58kí mặc chật   ,NEU
Dùng được 1 tuần thấy sim dùng ok,NEU
K cho túi nưa,NEU
Tạm được,NEU
phải sửa lại moi mặc dk ,NEU
chất lượng tương xứng giá tiền  quần ko có đáp bụng nên mặc hay bị tuột  bất tiện ,NEU
giống hình ,NEU
Không có hàng nhưng shop đã gửi tiền lại cho mình,NEU
Robot mới,NEU
cái này đúng hình ảnh,NEU
áo đẹp mình mặc vừa  cảm ơn shop ,NEU
OK,NEU
"Mình đặc mua chuột màu đen thì nhận được đúng sản phẩm màu đen. Tuy nhiên kiểm tra hộp đựng của chuột thì lại ghi màu đỏ.
Chuột thực tế sử dụng thì khá êm, tuy nhiên cảm giác ấn bị giảm nhiều so với chuột bình thường, không được sâu lắm. Nút cuộn khi cuộn lên xuống vẫn còn gây ồn nhưng đỡ hơn chuột bình thường. Còn lại ổn!",NEU
nhung ma mac ban dep ,NEU
size 36 cứ như là 37 v ,NEU
ghế dỏm quá mới mua về mà bể mấy cái đồ nhựa,NEU
Chảo bị móp 1 phía. Không biết tại sao,NEU
Sp giống hình! Đẹp nhưng chỉ chứa đủ phần ăn của 1 ng thôi nên ai cần mang nhiều đồ cho ae ăn ké thì cân nhắc lại,NEU
"Phần túi bên trong áo may hơi lỗi xíu, tổng thể sp ok, thời gian chuẩn bị hàng và giao hàng nhanh",NEU
"không ôm sát cửa lắm, tạm ổn",NEU
hàng như hình nhưng có vẻ do vải lanh nên mặc bộ áo và quần dễ có nhiều nếp gấp ,NEU
Nhận sp trong đó có 1 cái bị gẫy,NEU
"Chỉ được kiểu dáng thiết kế đẹp. Inox mờ không sáng bóng, mỏng nhẹ, đúng hàng Made in Việt Nam!, chỉ lắp ráp cũng không cẩn thận, mới mua về kiểm hàng đã sút ốc!!!",NEU
"3 viên vệ sinh máy, năm in trên bao bì là 2020, vì bất đồng ngôn ngữ nên ko rõ được ngày sản xuất hay ngày hết hạn.

Nhưng bây giờ là 2022 rồi, nên cho 3 sao!",NEU
Khác màu rồi. Chất lượng khá ổn. Nhưng k giống màu trước khi đặt hàng.,NEU
Ship nhầm mẫu khác nhưng hàng đẹp,NEU
không phải lỗi shop hay áo  > ,NEU
Thời gian giao hàng nhanh,NEU
Chất lượng khá ổn. Màu không bị dính trên da khi tiếp xúc trong quá trình tập nhiều mồ hôi. Có mùi lúc đầu nhưng hết ngay ko để lại mùi,NEU
giao hàng chất lượng thấy êm có cái dòm hơi củ nhưng chất lg thì ok ,NEU
Ncl chấm nhỏ thôi nên vẫn ok,NEU
"Sản phẩm ok, tuy nhiên chính sách quà tặng không chấp nhận được, quà tặng gửi đợt sau và người nhận phải chịu phí vận chuyển. Tôi đã từ chối nhận quà.",NEU
đáng giá tiền ,NEU
Quần hơi mỏng ạ,NEU
sản phẩm dày tuy nhiên đường định tuyến quá mờ nên không nhìn rõ,NEU
"Chất lượng sản phẩm tuyệt vời, Đóng gói sản phẩm rất đẹp và chắc chắn",NEU
"Sau một ngày dùng, mặc dù đã vặn chặt nhưng tay nắm bị xoay cả 2 bên gây trượt khi vươn xa",NEU
Chì được ngay lúc đó thôi gian kiến van khỏe,NEU
"Áo đẹp, chất dày dặn hợp mặc mùa thu, hàng giống hình",NEU
"dây hay tụt, không ôm vào người hay chạy",NEU
đóng gói sản phẩm rất đẹp và chắc chắn đóng gói sản phẩm rất đẹp và chắc chắn nhưng đế bị bung keo ,NEU
mình chat với shop thì không thấy trả lời ,NEU
"Bi lỗi nhiều, yêu cầu được đổi",NEU
"Hàng OK, mới dùng một ngày nên chưa thể đánh giá chính xác được",NEU
"Ổ khoá chắc chắn nhưng hơi to, không vừa với cửa của mình lắm, tựa chung là tạm chấp nhận được. Màu sơn của khoá nhìn không đẹp, tổng thể nhìn ổ khoá không xứng với giá tiền lắm. Tuy nhiên, ben tiki gói hàng ok, giao cũng nhanh, nhân vien giao hàng cũng rất lịch sự.",NEU
nhưng áo hơi ngắn ,NEU
mình đẹp  nhưng giao hàng size rất nhỏ ,NEU
"Giao hàng đúng như trong hình mẫu, đẹp, k móp. Thân không bị đổ mồ hôi, tuy nhiên phần nắp bị đổ mồ hôi khá nhiều (như trong hình)",NEU
cho mình hỏi sp này phải của lock &lock chính hãng không? vì *** l&l không có hình sp này.cảm ơn ạ,NEU
chất lượng sản phẩm tạm được đóng gói sản phẩm tạm được giá cả chấp nhận được thời gian giao hàng tạm được ,NEU
Váy với áo đều oki,NEU
"Hàng giao không đủ hàng thiếu một cuộn!
Đề nghị Tiki xem lại(cuộn side lớn 72000",NEU
váy đẹp có điều eo mình nhỏ nên rộng 1 tí ,NEU
đóng gói sản phẩm rất đẹp và chắc chắn thời gian giao hàng rất nhanh shop phục vụ rất tốt nhưng vải quá mỏng ,NEU
Ổ cắm rất khó. Không tương thích,NEU
hộp hình thì của người ta là 60 tấm hộp này có 30 tấm à ,NEU
mua 2 đôi ,NEU
Tốt giao hàng nhanh nhưng đóng gói chưa kĩ và khi giao về tới nơi thì giày bị móp méo vài chỗ nhưng vì là giày vãi nên nắn lại đươc,NEU
vải oke chỉ may oke nhưng mình cao m65 mặc size m bị ngắn  túi quần thì bị may bít lại ,NEU
đệm kính bóng  nhiều mùi keo hơi keo đeo vào cay mắt ,NEU
"Sản phẩm phù hợp với giá tiền, chất lượng tạm được",NEU
Kiểu dáng như hình,NEU
Trải nghiệm tất hơi bám mùi ... có lẽ do vải,NEU
tiếc là chỗ cầm nắp chảo khi nấu quá nóng phải dùng khăn lót mới cầm được,NEU
"Sai màu..,....................",NEU
Giá ngày càng đắt,NEU
em m 62 mặc size m hơi ngắn tí nhưng chất lượng tốt giao hàng rất nhanh ủng hộ shop tiếp ,NEU
Sản phẩm vãi hơi momgr và hơi dơ,NEU
Nói tóm gọn cho nhanh,NEU
Thời gian giao hàng rất nhanh,NEU
very wud:),NEU
Tuy v m thấy vẫn hơi mỏng và thấy nội y,NEU
"Áo len có vẻ nhanh dão, hàng y hình",NEU
"Mới nhận thấy chuột trầy bên dưới, không dán tem bảo hành.
Check qua thấy chuột êm",NEU
"Bình đậy nắp ko kín. Nhiệt bị thoát ra ngoài bình. 
Khi để nước đá, cầm bình có cảm giác lạnh. Chứng tỏ giữ nhiệt bên trong ko chắc/ tốt lắm",NEU
"Chưa biết chất lượng ra sao, nhưng nhận hàng thiếu hoàn chỉnh như vậy thật sự là không vừa lòng chút nào",NEU
"(*) Đánh giá không tính điểm
Đơn hàng giao chậm, trễ mất 1 tuần.",NEU
"Mút dày, form chuẩn, nâng ngực",NEU
màu áo ở ngoài hơi tối hơn trong hình ,NEU
không đẹp  ,NEU
chỉ thừa hơi nhiều ,NEU
"Hình thức đẹp nhưng chất lượng tạm ổn thôi. Phin làm theo kiểu ko thể bỏ ít cà phê hơn mức cà phê NSX mặc định (nhiều hơn nhu cầu), không ấn vỉ ép sâu được. Phin đôi khi bị nghẽn.",NEU
Hơi chật,NEU
Đóng gói sản phẩm cẩn thận,NEU
Rất cảm ơn b,NEU
"Độ ma sát ít, tập dễ bị trơn",NEU
Xấu đưa size ko đúng,NEU
"Vải đẹp, giống hình",NEU
M 58kg chọn xl hơi rộng,NEU
Nói voan thô chứ mình cug k bjk diễn tả chất gì,NEU
"chất lượng sản phẩm thì ổn, sẽ đánh giá độ lún giãn theo thời gian. 
Nhưng mình lựa thảm này vì có định tuyến để dễ tập nhưng định tuyến rất rất mờ, dòm qua là k thấy luôn. mong shop lưu ý điều chỉnh lại chứ mùa dịch mình cũng k có ý định đổi trả gì.",NEU
mặc ôm body ,NEU
bị cấm mua trên mạng luôn ,NEU
"Viên nhỏ này 1 lần rửa khoảng 8 bộ chén. Nhưng rửa không được sạch lắm. Trước mình dùng của sonat nhưng hết hàng, mua tạm hàng này dùng thì thấy rõ sự khác biệt. Chén rửa không được đánh tẩy sạch. Sau rửa vẫn còn mùi tanh nhiều",NEU
Áo cho nam màu đỏ đun mà nhận hàng lại thành áo hồng sen,NEU
xài tạm ,NEU
hàng dep ma lai giao nhanh nua,NEU
cúc bọc vải chuẩn loại 1 ,NEU
Có ng giới thiệu shop mua,NEU
"Nhỏ hơn so với chân, nên mình băng vô chân không vừa",NEU
Nhưng giá tiền đó thì tạm chấp nhận dc,NEU
hơi nhỏ chất lượng sản phẩm tốt ,NEU
chất lượng phù hợp giá ,NEU
"Cũng tạm thôi, miếng rửa ko giữ đc nhiều bọt, nên cảm giác ko sạch cho lắm",NEU
Sorry shop,NEU
Vải rất mỏng,NEU
hơi nhẹ ,NEU
mình tính cho 3sao nhưng vì áo đẹp nên cho4 sao  ,NEU
áo k phải thêu mà toàn hình in nhưng nói chung là khá ok ,NEU
Giao hàng không đúng màu như đã đặt mua,NEU
có cải thiện cách đóng gói ,NEU
Shop phục vụ rất tốt Thời gian giao hàng rất nhanh Chất lượng sản phẩm tạm được giao sai màu,NEU
Thảm hơi mỏng,NEU
"Vải trơn, mỏng",NEU
giá cả chấp nhận được ,NEU
áo đẹp y như hình nhưng còn nhiều chổ bị dơ      ,NEU
Chắc để rất lâu rồi mới giao hàng,NEU
"Sản phẩm tạm ổn, lúc lên lửa lúc không",NEU
không giống hình màu k đẹp nhưng vải thì đc ,NEU
"Nệm và drab hơi mỏng,dễ rách",NEU
"Sản phẩm Tạm được, ko nhiều chức năng",NEU
hàng tốt như quảng cáo nhưng khi giao hàng thì bị gấp đôi nên khi sử dụng không được thẳng,NEU
giao 1cai hàng tốt  1cai hàng kém ,NEU
Rất hài lòng,NEU
vải hơi tệ ,NEU
"Bộ lau nhà mình mua 1 bộ dùng thấy tốt, nhưng mua tặng cho chị gái thì bị vỡ, tiki tới lấy mà hoàn lại hàng lâu quá tiki ơi",NEU
Gioăng sp ko khít. Nước bắn ra ngoài,NEU
"Giao đúng mẫu, màu in không sắc nét, không thể phân biệt màu xanh lá và vàng",NEU
dùng xong tóc khô nên cần dùng thêm dầu xả ,NEU
size m tương đương size l ,NEU
miệng hơi bé khó cho trà vào,NEU
chỉ tiếc là cây hơi nhỏ nên sử dụng treo đồ nhẹ thôi ,NEU
hơi nhỏ so với khe cửa nhà mình nên dùng k được,NEU
"Cây lau nhà rất khó sử dụng
Phù hợp với phòng nhỏ",NEU
"(*) Đánh giá không tính điểm
Cứng và sử dụng khi đeo vào đâu và khó chịu",NEU
màu đen ok  vải hơi thô mà màu đen thì ko lộ cái thô ra ,NEU
Lúc vệ sinh nó còn 1 chút phía trên k chạm tới dc do thiết kế. Mình mua xài chơi cho biết tại thấy mẫu này mới.,NEU
Mới dùng được 1 lần nên chưa cảm nhận được hết,NEU
Lúc nhận hàng thấy hàng khá đẹp nhưng dùng mấy hôm thảm bị bết lại,NEU
Chất lượng sản phẩm mỏng,NEU
"Mua 2 cái, 1 cái dùng ok, 1 cái con trai bóp 1 cái gẫy làm 2 luôn. Giao hàng nhanh, bao gói cẩn thận.",NEU
chất lượng đc  nhưng hơi mỏng ,NEU
Chất da trên nắp của 2 túi có khác nhau nhưng tổng thể ổn,NEU
loại này không được tốt do dễ bị hở,NEU
chất lượng sản phẩm tốt nhưng giao thiếu dây cột chỗ tay áo ,NEU
bình chât lương tốt,NEU
hồnh thì nhỏ ,NEU
mẫu mã đẹp cân không chuẩn nhờ shop chỉ chỉnh lại cho chuẩn,NEU
Chất liệu bình thường,NEU
Chất lượng không như giới thiệu,NEU
"Hàng ngon bổ rẻ, nhưng shop thì thiếu trách nhiệm khi trả lời câu hỏi của khách hàng",NEU
Hihi,NEU
"Váy đẹp, chất vải đũi mỏng, đường may ẩu khg chắc chắn",NEU
K biết tại sao rách lyoon,NEU
Nắp quá mỏng. (nhận xét mà Tiki cũng bắt buộc ít nhất 25 ký tự),NEU
Ao vai mem min,NEU
đã nhận được mã thẻ ,NEU
"Tạm ổn, chỉ tội lâu khô, khi mở nắp ròi k biet có bi hỏng k",NEU
"bàn nhẹ, chân chống không được vững. Chân bàn ko cố định, cứ lắc lư mãi :)",NEU
Có hột hột bên trong như cát mịn không biet như thế nào vi mới lần đầu sd loaii tã này,NEU
Chưa nhận được hàng,NEU
Bao bì gói cẩn thận,NEU
Shop giao sai màu,NEU
Chất lượng sản phẩm không như hình đăng bán.Không hài lòng Chất lượng sản phẩm tuyệt vời Đóng gói sản phẩm rất đẹp và chắc chắn,NEU
bộ chấm bi hồng k giống mẫu trên hình  bộ màu xanh thì giống ,NEU
"Mùi hơi nồng, hắc chứ không thơm như mình mong đợi.",NEU
Check mã vạch k ra kết quả,NEU
"Cọng nhôm nhỏ quá, không tạo được sự cứng cáp.",NEU
quả không gọn không như mình tưởng phí tiền ,NEU
Ai phân vân giữa 2 size thì nên chọn size nhỏ,NEU
"Thời gian giao hàng nhanh,Shop phục vụ khá tốt, Giá cả chấp nhận được, Chất lượng sản phẩm tạm được",NEU
hehe ,NEU
shop phục vụ tạm được chất lượng sản phẩm tạm được đóng gói sản phẩm tạm được ,NEU
"Hai màu hai vải khác nhau, cái rộng ,cái vừa",NEU
"Tạm được, keo dán không tốt lắm",NEU
  tay áo hơi ngắn nhưng mặt đẹp lắm  ,NEU
"Mình mua 2 bình nhận hàng rất đẹp, chắc tay nhưng có 1 cái nắp bật bị nhờn. Mình cũng không dùng nắp uống đó nhiều nên chấp nhận, chứ đổi hàng chẳng biết khi nào được giao.",NEU
Không được như mình mong đợi,NEU
Giày phom đẹp nhưng hơi dính bẩn.. chỉnh lý giày còn lem keo nhìu quá làm mất mỹ quan phần đế..giay màu trắng nên khó vệ sinh.,NEU
form áo hơi nhỏ mn nên đặt size to hơn để mặc vừa ,NEU
"Dây nón bị tróc keo bong lên, k dán lại đc",NEU
chất vải mình ko ưng lắm nhưng shop phục vụ rất tốt  đóng gói sản phẩm rất đẹp và chắc chắn ,NEU
"Sản phẩm ổn, hình thức, hoạt động ổn",NEU
Sử dụng tiện lợi,NEU
Màu không giống với hình .Chất lượng sản phẩm tạm được,NEU
Nhung ao nho,NEU
giày khá rộng và to,NEU
Shop ghi freeship nhưng thực tế ko phải,NEU
Áo đẹp ống tay hơi bự 😂,NEU
k vua y ao k dug size ,NEU
👏🏻👍🏻👍🏻👍🏻,NEU
nhưng mình không hài lòng vs cách đóng gói sp  ,NEU
sản phẩm tạm được ,NEU
hàng đẹp  phục vụ khách hàng k tốt  trước khi mua hàng nt thì trả lời  sau khi mua hàng nt thì mất tiêu k thèm trả lời ,NEU
Chất lượng sản phẩm tốt,NEU
"Áo chất lượng tương đối, còn mùi cao su nồng quá",NEU
"4 ngày bảo sáng bận rồi cứ ship vào buổi sáng, 
Hộp xăng bị lõm, còn lại ok",NEU
size ko như mô tả,NEU
Đường may không chắc Chất lượng sản phẩm tạm được,NEU
Sp len hơi mỏng,NEU
Chất áo rất thíc Chất lượng sản phẩm tuyệt vời,NEU
Màu khác so với ảnh mẫu không phải màu đỏ mà là màu nâu đỏ,NEU
Như hình đăng,NEU
Mạnh thì có mạnh nhưng cũng chẳng ăn thua,NEU
Cổ vuông nhưng thấy như cổ thuyền í ạ nhưng chung quy rẻ đẹp chất lượng,NEU
"Dành cho những bạn ngực to, vải mịn, mướt nhưng mình thấy vòng dây qua lưng hơi chật, mình ko mập đâu 46kg",NEU
Bằng nhựa chứ ko phải inox,NEU
Đã nhận hàng zzzzzz…….zzzz,NEU
Đóng Gói hàng rất buồn cười,NEU
Đóng gói sản phẩm tạm được,NEU
Áo form nhỏ,NEU
nhưng mà không sao  mong bạn rút kinh nghiệm lần sau nhé ,NEU
"Giao bị sai đơn hàng, shop liên hệ mình với nhé",NEU
Nhưng lần này hy vọng shop để ý hơn chút khi gửi hàng ạ,NEU
Chất lượng sản phẩm tạm được shop giao hàng quá chậm,NEU
Mỏng. Yếu…………….     Zzxxx,NEU
thời gian giao hàng tạm được shop phục vụ tạm được giá cả chấp nhận được ,NEU
bạn nào chân dài nên chọn size kỹ nhé size m mình cao 1m65 mặc bị ngắn ống ,NEU
"Độ bám sàn tốt, nhưng mặt trên chống trơn kém hơn thảm PU",NEU
Áo from bé và mỏng,NEU
Nhận hàng mình ko thấy tem mác đâu hết,NEU
Đạp 1chút là máy nóng không đạp được nữa.,NEU
"Rất đáng tiền, tuy nhiên vải ko được co giãn lắm, nếu là bạn gái từ 55k trở lên thì khó mặc",NEU
"Giao hàng sớm hơn dự kiến. Đèn Pin sáng, tuy nhiên dây sạc không tốt. Đoạn nối giữa cổng USB như sắp đứt",NEU
shop phục vụ khá tốt tuy nhiên cần che tên mặt hàng đi nha  gặp shipper nam ngại chết đc  đáng đồng tiền ,NEU
áo màu tối chứ k sáng như trong hinh ,NEU
k như ở cap ghi chất dày dặn nặng tay ,NEU
có ng giới thiệu shop mua ,NEU
chắc chắn ,NEU
phía ngoài balo mỏng  đường chỉ may bị lổi không được sắc sảo  sh phục vụ tôt giao hang nhanh ,NEU
mỗi tội ko thích màu lắm hic  chọn be vàng nhưng nghiêng về vàng nhiều hơn  lên hình sáng như be bthg vậy thôi chứ ở ngoài vàng đất rõ lắm  shop tư vấn ok ,NEU
"nệm nằm hơi bị nực, giao hàng khá lâu!",NEU
tạm dùng đc so với giá ,NEU
Phải bấm mấy lần liên tục thì mới mở được,NEU
"Áo mềm, mịn",NEU
"được 1 tuần rồi, vẫn cong thấy chuột",NEU
shop giao hàng nhanh  có điều ảnh trên áo mờ do phóng to vỡ nét hoặc mực in mờ ,NEU
Phần nối giữa đầu bơm và thân bơm bị xì nhiều kho bơm.,NEU
"mức độ khử mùi bình thường , đóng gói đẹp",NEU
bộ dao đẹp xài thấy ổn...,NEU
Áo đẹp .nhưng màu hồng ki giống trong hình ạ.,NEU
keo không được chắc nhah bung,NEU
Chất lượng sản phẩm tạm được,NEU
áo xinh xiểu  ,NEU
Sp đúng như hình quảng cáo,NEU
"Ấm không có chữ max gần vòi giống hình, không hài lòng lắm",NEU
chat vai tạm duoc ,NEU
có hơi khác trong hình một xíu ,NEU
"Túi màu đẹp, hơi mỏng so với mong đợi, mình ko thích chất vải lắm , ko biết để đồ nặng có rách ko",NEU
"Shop giao nhầm size, yêu cầu đổi",NEU
"Cái này mặc với quần dày, tối màu thôi nhé, các bạn mặc áo dài, quần trắng, mỏng đừng bon chen 😂",NEU
Trong hình để tặng đồ rữa chai và ly khi nhặn hàng thì không có,NEU
ok ngon lành ngoài trừ việc shop bạn ko rep ib để lấy thêm hàng ,NEU
Giống như trong hình,NEU
chất lượng sản phẩm tuyệt vời hơi chật chút ,NEU
Thời gian giao hàng rất nhanh Nhưng chất vải Ko dc đẹp lắm,NEU
hàng dễ vỡ mà gói móp méo cầm gói hàng là thấy ở trong có gì luôn mì thì nát hết ,NEU
và lại không được đổi size  các bạn nên lưu ý trước khi mua ,NEU
Mỗi tội thấy trên app nhà cc delay giao hàng 3 lần,NEU
tam xai dc ,NEU
"đong gói giao nhanh,chưa sử dụng nên chưa biết",NEU
Check code đúng,NEU
"dễ trầy không nên mua, hàng nhái",NEU
Đẹp nhưng vải sao mỏng vậy ?,NEU
Là 1 lớp mỏng,NEU
"Đóng gói hơi bựa, SP tốt, giao hàng bình thường, Ủng hộ tiếp lần nữa",NEU
màu đen mặc dáng gọn gàng ,NEU
"Keo dán k chắc lắm, chắc chỉ thích hợp treo mấy vật nhẹ như chìa khóa thôi chứ treo năngn như quần áo là rơi ngay",NEU
Mẹo: Lấy cỡ giày lớn hơn,NEU
đôi màu đen mang vừa ,NEU
Chat vai dep khi mua ve ao dinh j í mau den ma rua hoac giac la ra nen ko s,NEU
"Chất lượng sản phẩm kém, mỏng manh, dễ rách,,,",NEU
chất lượng sản phẩm tuyệt vời  cơ mà đóng gói kĩ quá  bóc mệt nghỉ luon ,NEU
Shop tự nhận làm hàng ko chuẩn,NEU
"Nồi nhỏ, nồi này luộc gà thì hơi bé, gà tầm dưới 1,5kg. Mua ngày 11/11 thấy ghi là đc tặng bình nước nhưng giao thì kg thấy có, hơi bị thất vọng",NEU
"Hoàn thiện không tốt, giống đồ nhựa tái chế, lồi lõm, đúng là hàng rẻ tiền !",NEU
"Hàng giao đúng có tặng kèm 1 gói whey blend vị quế cận date 1 serving
Sp mua date tạm ổn
Giá rẻ
Giao nhanh",NEU
Muỗi tan được 1 lúc rồi lại như cũ,NEU
Hơi móp phần đầu nhưng bao bì k bị hư hại gì chứng tỏ đã bị móp trước khi đóng gói. Nhưng k ảnh hưởng chức năng nên tôi nhận hàng luôn. Mong lần sau shop lưu ý kiểm hàng trước khi giao.,NEU
trước đây mình từng mua shop khác tới 200k lận mà vải cũng giống v nè ,NEU
"do dịch nên giao hàng trễ 1 ngày - ok không sao.
Thảm bị lỗi、rách ở góc giống như bị dẫm lên. Dù là mặt sau nhưng không hài lòng lắm.",NEU
tốt chất lượng cam thay vua log,NEU
không được như mong muốn ,NEU
đề nghị shop kiểm tra áo trc khi giao ,NEU
gui ma nhanh,NEU
có 1 áo bị dín màu đỏ ,NEU
Chất lượng sản phẩm tuyệt vời Chất lượng sản phẩm tuyệt vời Shop phục vụ rất kém,NEU
"bàn rất yếu , ko chắc chắn , ko mua lại",NEU
"Ca đẹp nhưng thiết kế nắp dở quá, không có ron cao su chổ nút bịt, ngã ca một phát nước chảy ra lên láng. Hơi dở.",NEU
giao hàng chậm quá ,NEU
Áo ở phần nách hơi chật mặc không được thoải mái lắm,NEU
ra ngoài quày kem bắt còn trả thêm 1 lần tiền nữa ,NEU
Thời gian giao hàng nhanh,NEU
Sơn dễ bị tróc và nắp bình thỉnh thoảng bị tươm nước khi đựng nước đá.,NEU
"Chất lượng sản phẩm tốt nhưng góp ý shop nên dành thời gian check inb khách hơn, mình nhắn không lần nào shop rep cả",NEU
nhưng trc khi giao hàng k kiểm tra sản phẩm ,NEU
Mùi hơi nhẹ,NEU
hơi mỏng k dày như pin zin,NEU
Nước chảy yếu………………………ạ!!,NEU
chất lượng cx tạm ổn ,NEU
Shop phục vụ khá tốt,NEU
được mỗi hai cái áo cài quai trước là đúng size còn được ,NEU
"Màu xấu qá, nhìn mắc chán luôn ấy",NEU
mua thử một cái trc mà ưng ý quá sẽ còn quay lại mua hàng ,NEU
"mùi hương ko đc lâu. rất hắc , ko biết sản phẩm khác ntn",NEU
màu đen chất đẹp nhất trog 3 màu đen trắng chì ,NEU
Hàng đẹp,NEU
Chất lượng chưa đánh giá đc,NEU
bông lau của bộ lau nhà này có bán kg vậy shop?,NEU
Nv cũng ok r,NEU
"Với giá 260k thì mình nghĩ nó sẽ xịn hơn cái mình được nhận. Thảm nhìn sơ qua thì đẹp nhưng chất thảm thì k chất lượng lắm, dễ bám bụi nên rất dễ bị mụn. Mình lót thêm tấm vải để xử lý vấn đề trên.",NEU
ảnh minh họa hai cổng gây hiểu lầm ,NEU
"Size giày rộng hơn bth 36=37 ,không mang được dài như cái sõng lại rộng phần trước ngón, có vẻ giống form nam",NEU
loại này bạn nào ngực to thì mặc đẹp nè ,NEU
"Sản phẩm mùi khó chịu và có vị đắng, cầm vào thảm là đắng hết tay, k hiểu sao lại vậy? M cũng sử dụng thảm yoga mấy năm nay, nhưng k gặp trường hợp vị đắng như này.",NEU
"cây lau nhà bị bể bình nước , có bán phu kiện để thay ko shop",NEU
hình ảnh không rõ nét lắm ,NEU
Lại chọn mẫu rẻ tiền giao,NEU
shop lưu ý hơn nhé ,NEU
like ,NEU
Áo màu tối chứ k sáng như trong hinh,NEU
Ai mặc tầm 38 hoặc hơn thì vừa,NEU
lần đầu ráp hơi khó khăn  song mấy hộp sau thì easy  ,NEU
"Mới nhận ly.bỏ đá uống,mà sao ly bị bốc hơi nước rỉ nước ngay quanh nắp ly.",NEU
Shop phục vụ rất tốt .Rất đáng tiền,NEU
Công dụng tốt nhưng hao quá,NEU
"treo thấy cũng được nhưng bền hay không chưa biết vì độ co giãn không tốt (giãn ra không co lại như ban đầu), mong manh dễ vỡ!",NEU
Vải ok nhưng e 42kg mk mặt vừa k rộng,NEU
"Muỗi ko thích đèn này, tránh xa, nên con nào đen thì dính",NEU
Chưa diệt tận gốc mối xông tủ sách,NEU
áo tạm đc ,NEU
"Chất lượng Ok, săn được giá rẻ",NEU
ngắn quá không có sử dụng được. trong khi đó ống hút thì dài hơn 2 cm,NEU
cũng bình thường ,NEU
"Gửi đúng thời gian, nhưng hàng không như giới thiệu( không cố định được). Nước chảy cả trong, lẫn ngoài. Không nên mua!",NEU
Tks shop nha,NEU
bình thường.  không giày lắm,NEU
"Quần áo may đùi bó sát, mặc ko thoải máiiii huhu",NEU
Nhưng hơi to so với mình,NEU
vải hơi mỏng  kiểu dáng ok ,NEU
"Sản phẩm đã bị bóc, không còn nguyên seal. Vì giá trị không quá lớn, vẫn dùng ok nên cho qua",NEU
Sp như hình nhưg k đc chắc chắn cheo đồ nặg như bịch bỉm dc 2 ngày là rơi ngay,NEU
"Mình mua 3 bộ, nhưng bộ áo trắng kích cỡ nhỏ hơn hai bộ còn lại, mặc quần bị hơi chật",NEU
"tôi mới nhan dược chưa nướng thử nhưng hơi mỏng phòng phành chắc chỉ dùng được 1,2 lần là hóng",NEU
nghe tiếng bước chân pugb tốt  mỗi tội mic thu hơi kém ,NEU
Mới dùng chưa đến 1 ngày sao dây dợ thế này shop? Bây giờ làm sao?,NEU
áo y hình  chất mềm mại thời gian giao hàng rất nhanh rất đáng tiền shop phục vụ rất tốt ,NEU
"Chất tạm được tuy nhiên mình mặc hơi bị rộng, có size 32 chắc sẽ vừa",NEU
tạm đuợc ,NEU
yêu cầu ad luyện chữ đẹp hơn °)),NEU
Chất lượng sản phẩm tạm được,NEU
ghi hàng cực kỳ dễ vỡ mà bọc bên trong chỉ có 1 lớp giấy.,NEU
mới nhận hàng dùng ok nhưng tại sao bảo hành bằng tem mà không dán tem bảo hành????,NEU
Sản phẩm đẹp nhưng chất dính hơi kém,NEU
hàng chất lượng tạm được so với mức giá ,NEU
Feedback cho shop nhé 😊😊,NEU
"mặc dù ko vô nước hoặc vô 1 chút, tuy nhiên kính ko hít chặt nên bơi 1 tẹo phải tháo vì nhìn bị mờ, có 1 chút nước vào. Ko thể bơi liên tục 4 5 vòng với loại kính này được",NEU
sản phẩm có thể tạm chất nhận nhưng gửi nhầm sản phẩm ,NEU
size ko như mô tả ,NEU
"Cách nhiệt ko tốt như 1 số sf khác, chắc là hàng Tàu. Sau khi đổ nước sôi, vỏ bình bên ngoài rất nóng",NEU
cám ơn shop ,NEU
nhận hàng rồi mình mặc k vừa vì quần nhỏ hơn form ,NEU
"thảm nhẹ, êm nhưng hơi cũ",NEU
Nói cuộn giấy 200 tờ mà nhìn mỏng dính không biết thế nào,NEU
Tạm ok,NEU
cám ơn shop        ,NEU
"Hàng mỏng, nhìn không chắc chắn, mua deal đôi puma 9k, 400k cho 2 đôi thì tạm chấp nhận được",NEU
vải rất mỏng ,NEU
Mừn có 40kg ak,NEU
"Đèn nhỏ, pin nhỏ so với cùng loại 60w",NEU
Mặc zo thì cũng tạm được bản to nên hơi khó chịu,NEU
"Áo chất vải mịn, in tốt, hơi mỏng nhưng so với giá tiền vậy thì cũng ok, size nhỏ hơn so với kích thước shop ghi",NEU
check barcode ko ra thông tin sản phẩm nhỉ?,NEU
Mình đặt vị chocolate sao lại giao mình vị cafe ạ?,NEU
Áo k phải thêu mà toàn hình in nhưng nói chung là khá ok,NEU
"Kính không khít, mặc dù đã thay đổi 1 vài size của gọng mũi và kéo căng dây đeo. Khi nhảy chúi từ trên hồ xuống thì nước vô.",NEU
"Đóng gói kỹ và chắc chắn
Tuy nhiên khó sử dụng. Mình vặn ra vặn vào cả buổi sáng mà vẫn không được",NEU
binh sua rất ok ạ ,NEU
Chat vai tạm duoc,NEU
sp đúng như hình quảng cáo ,NEU
OK được  ................,NEU
"Ngắn, giống hình 60%",NEU
vải ok nhưng e 42kg mk mặt vừa k rộng ,NEU
áo rất đẹp  sang  mình rất thích nhưng tiếc là sanh bé xong mập quá không mặc vừa    ,NEU
điểm trừ là mùi áo lúc đầu hơi khó chịu ,NEU
Phải ghì mạnh mới rõ nét bút,NEU
Mong shop kiểm tra kĩ trước kho đóng hàng,NEU
cây lau yếu không chắc chắn,NEU
tiền nào của nấy thôi mn ạ. pin bị chập chờn ấn mãi k lên. cân thì to nma nút bấm vs bảng điện tử bị lỏng lẻo lắm. kbt dùng đc bao lâu nma thôi dùng tạm thì cũng ok.,NEU
Nhìn lại thì đường chỉ may chỉ có đường vắt sổ,NEU
Mỏng te,NEU
"Hơi bất tiện, k đẹp. giữ nhiệt tốt. 3 sao",NEU
Dùng hiện tại thấy oke,NEU
Mong lần sau ko bị phai màu,NEU
Size M tương đương size L,NEU
vải ok   form áo quá rộng so với mình ,NEU
"Shop phục vụ rất tốt Thời gian giao hàng rất nhanh, nhưng đóng gói làm sao mà rách cả túi thía bạn !!!",NEU
Viên hơn nhỏ. Chỉ phù hợp loại cây nhỏ,NEU
Nhưng dây kéo hơi bị rít khó kéo,NEU
"Thời gian giao hàng nâu , sản phẩm tạm đc nói chung k ưng cho lắm",NEU
Moi day hom qua hom nay da nhan dx roi,NEU
nhìn mẫu mã đẹp nhung khong biet kiem tra chat luong tu dau,NEU
3 là được rồi. Nó chỉ thế,NEU
"Sản phẩn ổn nhưng chất liệu giữa mõm giầy và phần buộc dây khác nhau , tạo sự chênh lệch k đc đẹp lắm",NEU
"Bình thường, size to quá mình gắn ko vừa",NEU
trông hơi thô  nhưng rẻ và shop nhiệt tình ,NEU
Dây kéo sau ko thẳng,NEU
"gửi đúng hàng, cảm biến chỉnh hết cỡ nhưng không được nhạy cho lắm. chất lượng thì phải chờ thời gian sử dụng mới biết được",NEU
"Chất liệu khác, không thoải mái như 2019",NEU
"Chỉ hơi ngắn một chút nhưng cũng không đến nỗi, tầm ngang đùi",NEU
Nhưng mình không mặc vừa được vì to quá,NEU
áo đẹp  chất dày dặn hợp mặc mùa thu  hàng giống hình ,NEU
sản phẩm tặng kèm không đúng ,NEU
chất đẹp nhưng hơi thiếu cúc áo trên cổ vậy ,NEU
Tuy chất k dày lắm nhưng vẫn ok ạ,NEU
dễ bong tróc sau một vài ngày sử dụng,NEU
Thuốc mệt quá,NEU
Giống hình nhung đuong chi may ko chắc chắn,NEU
đóng gói sản phẩm tạm đc ,NEU
vải cũng ok ,NEU
Size,NEU
sản phẩm bình thường!!!!!!,NEU
"chất liệu OK, thích hợp cho bé nhỏ.",NEU
"Hàng không giống hình. Phần cao su bọc ngoài có mùi, bị rách 1 số chỗ, không rõ loại gì mà dính bẩn kinh.",NEU
"Chất hơi mỏng, mặc mát, giá rẻ",NEU
Chưa sd nên chưa biết kq,NEU
hơi ngắn thân chút ,NEU
vải hơi thô  ,NEU
"Vẫn có tiếng ồn khá khó chịu khi click, nhất là vào ban đêm yên tĩnh.",NEU
Mọi người ai mua để thay pin remote cửa thì né nha . Mua loại khác đi chớ loại này vừa thay vô được 1 ngày hết pin phải thay tiếp . Hãi luôn,NEU
Ok sản phẩm ổn dạt yêu cầu,NEU
Tóc quá ít sử dụng lộ hết tóc thật,NEU
ko thấy ghi size ,NEU
Mình chỉ để hình ở đây và ko nói gì..,NEU
Màu hơi khác với hình,NEU
Voucher chỉ áp dụng 1 trong 3 điểm nêu trên nên hơi bất tiện,NEU
chất lượng sản phẩm tạm được    tiền nào của đấy ạ đặt màu xanh đậm thành nhạt  mẫu cũng khác   ch ,NEU
chữ trên tay áo to chà bá ,NEU
"mua cái này với cái ""áo khoác len quảng châu trung niên""  cùng giá tiền  mà cái kia đẹp hơn nhiều ",NEU
Mua được,NEU
Chất lượng sản phẩm tuyệt vời hơi bẩn tí,NEU
"Thông tin đơn hàng ko cập nhật, giao hang chậm",NEU
"Sản phẩm ko có mút, hơi mỏng Giá cả chấp nhận được",NEU
có điều sợi dây buộc nhìn hơi lỏng ,NEU
đặt có chữ giao nhầm không chữ ,NEU
Chắc phải đem sửa,NEU
Shop phục vụ tốt nhưng áo màu k đc trắng như hình,NEU
Size nhỏ,NEU
Sản phẩm nhìn không đẹp như hình.,NEU
Hàng gia công xấu Ko như mong đợi,NEU
Ổn,NEU
mà ko rộng lắm ,NEU
sản phẩm phù hợp với mình,NEU
tạm ổn  ,NEU
hơi khoa cài app cho người lowtech ,NEU
"giày đẹp, nhưng ship hơi lâu, shop phục vụ nhiệt tình😍",NEU
"quá tệ, bàn như bột, đinh ngắn ngủn k dính đâu vô đâu, chán thật",NEU
Nên sẽ tìm cách tự sửa 🤦🏻♀️🤦🏻♀️🤦🏻♀️🤦🏻♀️,NEU
tạm dc ,NEU
Tạm được bởi vì áo = thun..,NEU
chọn size to hơn mà vẫn bị chật  ngắn ,NEU
vải ok nhưng hơi nhỏ  ko hài lòng việc đã nhắn shop ko ghi rõ thông tin ngoài bao bì nhưng vẫn ko thực hiện  thiếu lưu ý việc tê nhị ,NEU
"thảm không bám như quảng cáo, thảm rất nhẹ. Không đáng với gia tiền",NEU
Bơm yếu,NEU
Váy đẹp nhưng phần lót trong mỏng nên dễ thấy quần trong,NEU
"Sản phẩm ok, buồn nỗi, đóng gói giao hàng ko cẩn thận vì nhận hàng vỏ hộp bị méo và rách.",NEU
Không dài như mình nghĩ :(,NEU
"lần này túi lọc có mắt lưới quá nhỏ, nên thường xuyên phải thay túi mới",NEU
"Áo k mỏng cũng k quá dày,cắt may đẹp.chỉ mỗi tội shop k ghi rõ size trẻ em để khách lựa.con m 24kg mà đã kêu trừ hao lấy size 25kg nhưng hơi chật,size 5 này chỉ 22kg đổ lại thôi.còn size 3 là ok",NEU
Mình đặt sz 36 giao hàg sz 37,NEU
size m thì có lẽ vừa hơn ,NEU
Áo mỏng hơn so với mình nghĩ nhưng vẫn ok,NEU
Ai mặc size M thì phải mua size L,NEU
m 58kg chọn xl hơi rộng ,NEU
Vai tam duoc,NEU
sản phẩm giống như qcao ,NEU
chất lượng sản phẩm tạm được  ,NEU
Chúc shop mua may bán đắt nhé,NEU
chất liệu tạm được  chấp nhận với giá tiền này ,NEU
Đũa màu đen bị cong khi dùng bằng máy rửa chén,NEU
Tay mjnh hơi nho so voi dong ho roi,NEU
gặp lại shop nữa ,NEU
"dây cầm của bình giữ nhiệt không chắc chắn, mới sử dụng dc mấy mà đã bị bung",NEU
sp bình thường ,NEU
Trả hàng thì phiền phức quá,NEU
"hũ bình thường, hộp đóng rất mỏng, ẻo ẻo, nếu thùng đầy đặn chắc chắn hơn thì cất giữ lọ sau mỗi lần dùng tốt hơn... 
lúc đặt hàng săn được giá 11k, nhưng lúc thanh toán lại là giá hơn 40k",NEU
mọi thứ đều tốt mỗi cái 1 cái áo chíp bị nhầm size bé hơn ,NEU
Mũ nôg,NEU
sao check mã ko ra shop nhỉ ,NEU
K ngờ giao hàng nhanh thế làm bị lỗi kĩ thuật cả,NEU
"Vải không thích lắm, Đóng gói sản phẩm rất đẹp và chắc chắn",NEU
"Màn hình quá tối, sản phẩm k có frontlight nên k điều chỉnh đx độ sáng, cực kỳ mỏi mắt. Hệ điều hành giật lag, k mượt. Nhưng nếu đủ ánh sáng (ban ngày) thì ok. Trải nghiệm thú vị.",NEU
sản phẩm tạm được  hơi mỏng ,NEU
Áo bình thường,NEU
Sản phẩm mình mua shop một bên có ghi mác adidas một bên lại ko có,NEU
vai tam duoc ,NEU
rẻ ,NEU
Form quần nhỏ size S tầm 40kg trở xuống thô,NEU
Không dính lắm,NEU
đã liên hệ với shop nhưng k được phản hồi nhé ,NEU
"nhiều nhũ, lấp lánh, màu lên ưng ạ",NEU
chất lượng sản phẩm tạm được chiều dài áo ngắn quá ,NEU
hơi khác so với mình nghĩ nhưng khá ok ,NEU
chất oke nhưng mầu be hơi bị sẫm quá ,NEU
Hay mua tăng len 1 size,NEU
đóng gói sản phẩm chắc chắn  ghỡ ko ra luôn   ,NEU
nhưng màu không được giống và đẹp giống ảnh cho lắm ,NEU
sim đúng miêu tả ,NEU
"Hàng sử dụng ổn , giao nhanh",NEU
vừa đặt hôm trước hôm ,NEU
Quá mỏng! nằm ko êm số với giá tiền,NEU
"Toi, Bùi Văn Án, order 2 đèn bàn. Hôm nay, khi giao hàng, chỉ nhận được 1 đèn. Vui lòng xem lại. Xin cám ơn",NEU
mua giày về các b đừng vội đáh giá nó ,NEU
vãi hợp vs giá tiền nhưng áo mìh nhận đc đã pị rách thất vọg ,NEU
Giá cả chấp nhận được,NEU
chất lượng sản phẩm tuyệt vời  giao hàng chậm rất đáng tiền ,NEU
SL đây thì đúng nhưng thiếu 2 vỏ hộp,NEU
San pham tam đuoc ở cổ đường may ẩu,NEU
shop phục vụ rất tốt  ,NEU
hộp màu bị méo và hơi rách ,NEU
Mềm mịn,NEU
"ưng ý với sản phẩm như đã quảng cáo ... ,..........",NEU
sản phẩm không như mong đợi mua 4 cái chỉ có 3 cái hoạt động .nhưng cũng không biết có hiệu quả đuổi đc chuột ko mới sd có 2 ngày .,NEU
Nem đam đa xi nua la ok nhung thieu nấm,NEU
hàng vl ,NEU
Mà thôi hoàn tiền trả hàng cũng lu bu quá thôi mặc đi đồng cho đở tức,NEU
"Chất lượng sản phẩm ổn, hơi thất vọng vì túi bên là túi giả..",NEU
sao nay dam nay co 85 ngàn vay ban ,NEU
đợt này ko thơm như mỏi lần ,NEU
Sp y hình,NEU
Thời gian giao hàng rất nhanh,NEU
xấu đưa size ko đúng ,NEU
ok tốt ,NEU
mình 45 kg ,NEU
Sao 2cai 2 loài vai j bn,NEU
"Áo mút mỏng, ko nâng",NEU
màu đậm hơn ko như hình ,NEU
size k chuẩn xl mà nhỏ như m ,NEU
Kiểu dáng trễ vai khá đẹp,NEU
Giá cả chấp nhận được,NEU
áo như ảnh ,NEU
"Áo rách ,quần thiếu chi tiết Đóng gói sản phẩm rất đẹp và chắc chắn",NEU
Sản phẩm đúng hinh,NEU
đẹp ❤️,NEU
"Cũng bthuong, chất lượng hoàn thiện tạm tạm thôi",NEU
mình báo shop lấy size s shop lại chuyển hết size m ,NEU
Ko vừa vòi nước😥😥😥😥😥😥😥😥😥😥,NEU
mua đơn hàng thứ n rồi ,NEU
"Mình cao 1m6, 53kg, form người khá to vẫn mặc đc nhé",NEU
Vãi mõng,NEU
Áo bị thủng 1 lỗ -_-,NEU
Mong manh de hong vi đây là dung cu ma sat voi vật  cưng!,NEU
Shop giao màu xám nhìn xấu,NEU
ngắn  giống hình 60  ,NEU
bát hơi nhỏ ,NEU
dùng thử combo giảm giá thì thấy vậy thôi  chứ thường thì ăn rất oke nhak  ,NEU
Hơi mỏng,NEU
"Mua 2 cái trắng và đen, dùng đi bơi đến ngày thứ 3 thì kiếng bị vô nước và bị mờ sương. Quá thất vọng",NEU
mỏng manh ,NEU
tuy có vài chỗ bị dư đường chỉ nhưng cắt đi là xong ,NEU
55 kí 1m63 mặc ko vừa nhưng chất quần ổn,NEU
"Nhanh, gọn , đóng gói cẩn thận 
Sản phẩm giống mô tả chất lượng",NEU
"Túi thơm treo tủ quần áo 7,5k",NEU
Hàng tốt nhưng giao hơi lâu 20 ngày,NEU
màu khác nhau chất khác nhau theo ,NEU
Hi vọng shop rep tn sẽ đánh giá lại,NEU
Cũng tạm dc,NEU
tạm duoc ,NEU
"Mau chóng bị chóc sơn, giữ lạnh tốt",NEU
Toi moi mua cai den bam nut ngon den len anh sanh cham qua nhin ben ngoai thi dep doi day sac ngan qua hanh re tien toi ko tra lao phien lam,NEU
đến lúc hỏi giải quyết thì vẫn không nhận được lại một lời gì cả ,NEU
"Kiểu cây lau này khá dễ khi lau sàn, nhưng nhược điểm là khó vắt khô. Thao tác khi châm nước và vắt không tiện bằng loại xoay tròn.",NEU
chất liệu và màu sắc tạm ổn ,NEU
Tuy nhiên hôm trước e mua 1 cái màu cà phê,NEU
chảo nhìn đẹp như hình nhưng dùng bị sát chứ không chống dính ,NEU
Áo quá rộng mặc dù mình cao m63 nặng 55kg,NEU
hdisnwg djansnsbsn dnnsnjr ne,NEU
đâu phải áo sơmi đâu ,NEU
Sản phẩm nói chung dùng ok,NEU
Chất lượng như giá tiền,NEU
Bình có lằn nối. Các bình mua trước không bị như này.,NEU
tiền nào của đó ,NEU
quả áo k được ôm ngực  cứ bè bè ấy  mình để mặc ở nhà cho thoải mái vậy ,NEU
lau vẫn thấy chưa sạch lắm,NEU
sản phẩm giữ lạnh và nóng ok.,NEU
"Mình dung tầm 8 tháng thì nắp bình bị rời ra, gắn vào không được.",NEU
y nhình ,NEU
"Chất lượng bt,",NEU
mình chỉ thấy 1 túi mà trong mô tả là 2 túi. shop có thể giải quyết ko?,NEU
"Giấy cuôn nhỏ, ít, k đúng như mong đợi.",NEU
Phải sửa lại mới vừa,NEU
Nhìn chung tạm ổn,NEU
1c nhầm size 36,NEU
váy hơi dài  tuy nhiên shop tư vấn nhiệt tình ,NEU
Chất vải okie mặc lên cực dth như tay hơi ngắn,NEU
Ly gì toan bố,NEU
nhân viên bán hàng tận tình ,NEU
Sản phẩm bình đựng thức ăn giữ nhiệt bị móp phần đáy,NEU
"Mới test ngày đầu tiên, trong 15 phút",NEU
Ngăn không đặt vừa tuýt kem đánh răng,NEU
vẫn bụi như thường :))) đỡ hơn dc chút,NEU
Túi có vết bẩn tuy nhiên chát lượng ổn so với giá,NEU
đẹp ak ,NEU
chất thì ok nhưng cổ áo ko giống hình cổ áo ko rộng mà ôm ,NEU
hểt sẩy    ,NEU
cũng tạm ,NEU
mua 2 chiếc của shop  1c rất đẹp còn cái còn lại thì bị lỗi   nt thì shop k trả lời thật sự thất vọng  đây là em mua hộ bạn nữa mà shop làm nv e kb ns ntn     lúc chưa mua thì tư vấn đủ kiểu lúc mua báo hàng bị lỗi là shop lại im lặng như kiểu chưa có gì xảy ra ,NEU
Chất lượng thì ok,NEU
Ngồi không thất sự thoải mái,NEU
"Túi nhỏ gọn, tiện lợi, nhưng mỏng và dễ rách",NEU
chất đẹp nhưng hơi mỏng ,NEU
Như áo trẻ con,NEU
chúc shop một ngày tốt lành ,NEU
kể mà ước lượng được bao nhiêu kg mặc vừa nữa thì đẹp     ,NEU
xài bt bằng nhựa nên cọ với nc tẩy cảm giác trơn tuột ko sạch lắm. thiết kế nhìn sang sang nhưng kĩ thì ko chất lượng lắm. hàng TQ.,NEU
nhưng mà thôi mình cũng ko có time để trả hàng  để em mình mặc vậy ,NEU
"nắp bị lỏng, không được như mong đợi",NEU
"Cảm thấy không thơm như mình mua ngoài siêu thị ,giao hàng nhanh",NEU
Giày đi ok nhưng hơi bẩn,NEU
Áo đẹp vải hơi mỏng nhưng với giá tiền thì ok,NEU
Ảnh shop có 1 quai mà sao hàng về tới 2 quai vậy shop?,NEU
vải hơi cứng ,NEU
mình chỉ góp ý tí là nếu được shop chịu khó thêm kích cỡ của mấy món vật dụng như nhà  chén ăn     cho dễ lựa hàng vì hỏi hoài cũng hơi ngại    ,NEU
"Sụp lên sụp xuống kéo lên supi xuống rất bất tiện. 

Xài được gần 10 lần nhà 25m2 mà hư cái cây.
--------------------------------------------
Tiki đã hỗ trợ đổi hàng, Rất cám ơn Tiki!!!",NEU
"Chất lượng sản phẩm tạm đc,",NEU
Không biết là do tôi tập quá nhiều hay dây kém mà sài được có tháng là đứt rồi,NEU
áo rộng  45kg chắc phải mặc size s ,NEU
"thái độ người gíoa hàng, lịch sự sẽ tốt vớ côngi việc",NEU
Tuy size hơi rộng với mình chút xíu,NEU
shop giao hàng nhanh  tư vấn nhiệt tình ,NEU
Đóng gói sản phẩm rất đẹp và chắc chắn.áo kiểu sọc cổ v bị chật.k bt shop co gui lộn size k,NEU
sẽ ghé mua áo vào lần tới  ,NEU
"Shop đóng gói sơ sài, ko có hộp mà chỉ bọc 1 lớp nilon và bọc giấy bên ngoài, may bóng ko bị sao. Giao thiếu đồ kẹp để lấy van ra, mình cạy mãi mới ra đc để bơm.",NEU
"Áo mỏng qa, mạc k ổn tí bài",NEU
size ao nho hon nhung sp khac ,NEU
HSD tới 25/11 y chang chị Mây tư vấn,NEU
thiếu quà tặng là 1 hộp đựng thủy tinh,NEU
SP tạm đc,NEU
"Ôm chân, có gờ silicon chống trượt, tốt cho các hoạt động bảo vệ gối trong nhà. Dùng để chạy dưới 15km thì được chứ chạy hơn đổ mồ hôi đeo nặng chân lắm ạ.",NEU
Len chất hơi cứng chút😀Nhưng vẫn mặc Ok,NEU
hạt óc chó hôi ,NEU
Sp đẹp nhưng quá nhỏ so với size không mặc được,NEU
áo dày dặn  chất đẹp  giống mẫu nhưng mỗi tội có đinh vết bẩn  giao hàng chậm ,NEU
"Giao hàng nhanh, đóng gói cẩn thận nhưng chất lượng hơi kém, dùng được 1-2 lần bung keo + giãn. Không đáp ứng được nhu cầu so với giá đã chi.",NEU
Quần như hình,NEU
bị cấn nhẹ phần đầu . .....,NEU
mua hàng nhiều lần vẫn rất ưng sp và cách nói chuyện của chị chủ <3 ,NEU
Lóp bông ko dày lắm,NEU
sản phẩm dùng dk ,NEU
Không hiểu sao em lắp vào nước chảy rất yếu so với lõi cũ! Ace nào có cách xử lý tư vấn giúp??,NEU
không có dây cúc điều chỉnh to nhỏ bụng như ở mô tả sp ,NEU
Không có mùi mấy,NEU
quảng cáo đơn hàng 99k thì freeship  ,NEU
Hy vọng shop giao đẹp giống cái đầu tiên,NEU
chưa dùng nên chưa biết tốt hay ko,NEU
Có vẻ ko bền. Mới mua dùng vài ngày đã nứt gãy rồi.,NEU
Thời gian giao hàng hơi lâu,NEU
Shop phục vụ rất tốt .Thời gian giao hàng rất nhanh,NEU
túi áo bị bật chỉ 1 mảng ,NEU
Áo bị lỗi,NEU
tôi đã nhân đc hàng nhưng k đúng mẫu tôi đặt trong hình ,NEU
Bị rách cổ :(,NEU
Mình đặt kẻ trắng shop lại giao kẻ đen,NEU
Chất vải đẹp,NEU
Dung lượng pin quá nhỏ 400w.,NEU
Chất lượng sản phậm tạm đc,NEU
nhưng hình ảnh in trên túi sản phẩm hơi khác xíu so với hình bên bán đưa ,NEU
chất liệu sp ,NEU
chất vải bình thường ,NEU
Chất vải tạm được,NEU
"bàn to, nặng hơn mong đợi",NEU
Mình đặt Chocolate giao mình Mocha Capuchino cũng không alo hỏi một tiếng. Còn lại ok hết,NEU
hơi chật ,NEU
sẽ ủng hộ dài dài ,NEU
Độ sáng cũng tạm nhưng ko lâu. Xài tầm 2h là yếu đi,NEU
mỗi khi tắt android box đi xong mở lại rất khó khăn ,NEU
Nếu có chân đáy nữa thì tốt hơn,NEU
Quần hơi nhỏ so với miêu tả,NEU
phù hợp với giá tiền thôi chứ vải không ok ,NEU
Sản phẩm rất đẹp,NEU
sự dụg lâu dài thì k biet bền k ,NEU
Áo xinh vải đẹp,NEU
nhưng lần này hy vọng shop để ý hơn chút khi gửi hàng ạ ,NEU
V1 85 mình order sz38,NEU
Áo trơn,NEU
chất áo khá mỏng  dễ rách phần tay áo ,NEU
Giao hàng nhanh,NEU
mún giao nào giao z ,NEU
binh giữ nhiệt tốt nhưng vo ngoài mềm qua ma son không tốt,NEU
Hàng đúng như hình đh. Hài lòng,NEU
"Nhưng mình 45kg, cao 1m52 mặc size M cảm thấy hơi cộc",NEU
"Dính bẩn và không còn MAC, có thể hàng lỗi khách đã trả về.",NEU
Chất oke,NEU
Bộ chất mỏng nhưng khá mềm,NEU
vẫn lấy 20k tiền ship  ,NEU
Chất lượng sản phẩm tạm được,NEU
"Chất tạm ổn, chỉ may lệch không chuyên chú vào chuyên môn",NEU
nhưng ngăn kéo khóa ít ,NEU
Chất luog ổn,NEU
"sau khg co hoa don , lam sau thanh toan voi cty?",NEU
"Ti ki bao gói đẹp, sản phẩm đẹp, quai sách hơi mỏng, túi hơi nhỏ so với mong đợi, ...",NEU
size m mà hơi bị chật rồi shop ,NEU
Chư dùng nhưng thông tin không rõ mình chỉ đặt một cái. Đề nghị làm rõ ngay trên tiêu đề,NEU
Chất áo đẹp,NEU
nên hôm nay cũng lên đánh giá ,NEU
"Màu vàng đục và xấu , k như màu trong ảnh",NEU
Mình đặt 3 bộ và có 1 bộ cúc áo bị lệch,NEU
"mình mới sài thử hok biết có ổn hok , ai đã từng sài ùi xin cho mình ý kiến ạ",NEU
dùng sạch nhưng cảm thấy ko chắc chắn.,NEU
shop gửi m có 1 nửa bị size nhỏ hơn  ,NEU
"Đề nghị đơn vị bán (Tiki Trading) trả lời:
- Tại sao hộp của sản phẩm đã được cắt/khui?
- Tại sao không có tem bảo hành trên sản phẩm? Vậy khi cần bảo hành thì đem đi đâu và bảo hành bằng cái gì?
- Chỉ có 1 tem dán bên ngoài vỏ hộp, mục đích để làm gì?
Có nhiều vết xước dăm dưới đáy chuột.
Giao hàng nhanh, đầy đủ chuột, USB receiver và pin.",NEU
Áo size quá to,NEU
áo mỏng  chất thun ko phải len  3 cái 2 loại vải khác nhau ,NEU
"Xe dùng ổn nhưng dùng từ 1 - 2 ngày có hiện tượng bị kêu ko biết là do mình lắp hay do xe
Nhưng bảng điện tử thì ko đc nhé
Bảng ko báo quãng đường còn nhưng số liệu còn lại thì lúc được lúc ko",NEU
"Giao đúng sản phẩm, đặt tikinow nhưng giao hàng trễ, đặt 30/3 nhưng đến 4/4 mới nhận được hàng.",NEU
nói chung là sư dụng cũng ok,NEU
"Sản phẩm ok nhưng giao hàng khá chậm, chấm 3s",NEU
dù lắp 4 pin vào cũng chẳng lên đèn. không biết có sạc đc không,NEU
Nói thật shop bạn đồ củng được nhưng khi gặp sự cố mà trao đổi hay cần shop hổ trợ thì quá mệt mỏi luôn,NEU
áo màu xanh phù hợp với người 40 tuổi trở lên còn trẻ đừng chọn vì màu hơi tối ,NEU
Chưa như hài lòng lắm. Hy vọng những hàng đặt tiếp hài lòng,NEU
đặt 1 màu giao 1 màu.chán thật,NEU
không đáng tiền ,NEU
Chất lượng sản phẩm tốt nhưng giao hàng sai ảnh,NEU
áo đẹp nhưng vải hơi mỏng ,NEU
"Đàn hồi tốt. Nhưng keo dính kém, phải dùng kẹp hỗ trợ.",NEU
thời gian giao hàng rất nhanh  ,NEU
Quét mã vạch này lại ra sản phẩm khác. Vỏ bình không phải vỏ nhựa mà là thép sơn màu,NEU
sản phẩm đẹp như hình  vải hơi mỏng nên chắc sẽ thoáng mát ,NEU
chiều dài áo hơi bị ngắn so với hình nên mặc có chút cũn cỡn chất vải đẹp nhưng hơi mỏng ,NEU
Sản phẩm bị gỉ khi giao tới,NEU
Giao nhanh nhưng sản phẩm bị móp hơi thất vọng xin đổi sản phẩm khác,NEU
Hàng giống hình,NEU
giao ko đúng màu đặt màu hồng mà s giao màu gạch ko ok lắm chất vải thì ok ,NEU
"Giấy ít thơm, mùi thơm không rõ rệt. Không thấy tác dụng làm mềm vải khi cho vào sấy quần áo.
Hình ảnh trên vỏ hộp in mờ, không sắc nét nên có cảm tưởng không phải hàng chính hãng.",NEU
Mua 2 cái và 2 chất vải khác nhau,NEU
hàg ok lắm ,NEU
"chảo đẹp , thiết kế phù hợp ốp la, xào ít đồ ăn . 
tuy nhiên nên bỏ hình bếp từ đi dễ gây hiểu lầm .
ghi chú đôi khi nhiều người không đọc hết tưởng dùng cho bếp từ được , .
tks",NEU
Sản phẩm Không hiệu quả lắm,NEU
Hàng ok đẹp bó sát thoải mái,NEU
hàng đẹp ,NEU
Giầy cũng mềm đi oke mà đá lâu hơi bị đau đầu ngón chân xíu cả mình đặt vàng chanh mà lại gửi về màu đen chán vlin hxhx,NEU
"Hàng đẹp, nghe rất thích",NEU
Sp giống hình,NEU
"Chổi dễ bị xoay khớp nối, dùng tạm được.",NEU
Mình cần hồ trợ bảo hành sản phẩm này.,NEU
chất lượng sp phù hợp với giá tiền ,NEU
Màu đen rộng hơn màu ghi,NEU
mẫu y hình ,NEU
"Áo hơi chật, k phải oversize",NEU
áo mặc thích,NEU
ăn chục viên mà vẫn khỏe chạy qua chạy lại,NEU
Nhưng mẫu mình nhận được khá ổn,NEU
Chỉ có điều màu ga giường và mặt dưới của chăn màu không như hình,NEU
đóng gói sản phẩm chắc chắn  nhưng mà đóng nhầm 1sp cho mình ,NEU
Áo oversize mà 48 kg mặt vào thấy rất rộng,NEU
hảo ,NEU
"Hàng y hình, đóng gói ko cẩn thận nên quả ngực bị móp, giao hàng chậm",NEU
Nhung ma mac ban dep,NEU
ko có phiếu bảo hành kèm sản phẩm và hướng dẫn lắp ráp,NEU
Đặt màu xang đen gửi màu đen,NEU
"Hàng chính hãng, thùng chắc chắn. Cây lâu sau vật không được khô như quảng cáo. Tấm lau là miếng dán vào cây, dễ bung ra.",NEU
Ko tiện  khi dùng cjo lắm,NEU
chất lượng sản phẩm tuyệt vời  mới đặt là xíu nữa đuoc thông báo đã giao hàng cho ngươi giao  nhưng đến tay mình lại rất lâu  ,NEU
vải thun y hình ,NEU
Cũng bình thường quần dài rộng quá,NEU
dùng rất ok  chỉ ko biết dùng liệu có lâu được ko thôi hì  ,NEU
chất vải mát ,NEU
chọn nhầm size  trước giờ mua hàng chợ toàn mua size m ,NEU
Mẫu y hình,NEU
Áo đẹp nhưng size khá nhỏ với nam,NEU
giao sai mã hàng ,NEU
Túi may chắc chắn,NEU
Thời gian giao hơi lâu,NEU
cứ chuyển sang đèn xanh rồi quay về đèn đỏ ,NEU
Bình giữ nhiệt tốt nhưng cực kì nhanh tróc lớp sơn ngoài vỏ!,NEU
"đũa chắc chắn, cầm gắp hơi nặng vì là inox, hơi khó cầm gắp vì hai chiếc đũa thiết kế theo vuông cạnh, tròn thì dễ xoay gắp hơn",NEU
Hơi rộng :((,NEU
sản phảma như hình  ,NEU
sp ok ,NEU
vải mỏng lại nóng ,NEU
phân phát cho không họ bảo không dùng loại này ,NEU
do vậy nếu ăn uống sẽ phải đánh lại ,NEU
Tôi thấy ko đươc như giới thiệu,NEU
"giống hàng giả, so viên cũ đang dùng nhìn nhỏ hơn phần bọc nilong ko sát",NEU
chất oke nhưng mầu be hơi bị sẫm quá,NEU
Mình đặt tả xxl56,NEU
"các túi tròng vào nhau, nên lấy ra dễ bị xước",NEU
Mùng chất liệu cứng thô không được mềm,NEU
Mùi này không thơm lắm đâu,NEU
"Chỉ gập được về 1 bên, không gập được về bên ngược lại nên chỉ xả và làm sạch đc 2/3 miếng lau. Không biết lý do vì sao lại thiết kế như vậy, vô cùng không hợp lý. Về mặt chất lượng thì mình thấy sản phẩm chắc chắn, miếng lau dày nhưng về mặt công dụng thì thua bộ lau nhà ~200K trên sàn TMDT khác dù giá mắc hơn gấp đôi. Rất đáng tiếc.",NEU
bên trong sp có vệt lỗi màu đen to hơn 1cm. ko biết có sao không,NEU
Nên hôm nay cũng lên đánh giá,NEU
Pin này sạc được k ?,NEU
"Ban đầu mình sửa dụng rất hài lòng. Nhưng hiện tại nút chuột bên trái đang bị liệt, phải nhấn nhiều lần mới ăn, còn bên phải thì không vấn đề gì ạ. Mong shop hỗ trợ ạ.",NEU
Cũng tạm,NEU
"tay nắp nóng khi nấu, nên cẩn thận",NEU
vì ống tay dài nên mùa hè mặc sẽ hơi nóng ,NEU
Bao bì móp méo.... lưu ý thêm nhé,NEU
tiền nào của đó  hàg k m giảm giá ko good đc ,NEU
cũng k có điểm bám ko ôm môngz suy ra lúc di chuyển nó nhét hết vào kẽ đít các thím ạ ,NEU
tạm da không khuyết điểm thì ok kiềm đầu ,NEU
Rất ok nhưng mà bị in lỗi rùi 🥹,NEU
chất lượng thì chưa biết sao nhưng vỏ thì rách nát quá,NEU
Chất lượng sản phẩm tam dc,NEU
"Tên mô tả có tặng kèo tất, mà khi giao không thấy!",NEU
hàng chất giống với mô tả ,NEU
"nút bấm mượt nhưng con lăn không êm tay, gây đau tay và có tiềng ồn lớn.",NEU
"Hàng đẹp như hình, nhưng chất jean hơi mỏng và có mùi khó chịu một chút",NEU
balo mình không ưng nhưng shop rất nhiệt tình trả lại cho mình ,NEU
hộp pin k vừa pin ,NEU
ko quá xuất sắc nhưng mềm  nhẹ  êm chân ,NEU
size k được chuẩn lắm  đặt 38 nhưng mang vào phải là 39 nên khá rộng ,NEU
Hàng giống hình nhưng nó quá to,NEU
sử dụng tiện lợi ,NEU
"Chất vải nilon nhiều mặc nóng, nói chung mặc tạm dc",NEU
Kích hoạt thành công,NEU
Form áo quá rộng so với size,NEU
"đặt 2c mà 1 cái ruột vàng 1 caia ruột trắng, cái ruột vàng nhăn nheo và độ đàn hồi k bằng caia ruột trắng, gối cũng k êm bằng :((",NEU
2 hộc nhỏ tầng 5 cọ vào hộc tầng 4.,NEU
Tại mình cần hàng nên hỏi,NEU
chất lượng tốt giao hàng hơi lâu ,NEU
"Lớp dán cố định với tường không đảm bảo, dễ bong, rụng",NEU
Giá rẻ sản phẩm chất lượng,NEU
mùi khó chịu và hắc vô cùng đóng gói sản phẩm tạm được ,NEU
"Mua ngày 13/1 , dùng chưa được năm đã có hiện tượng chập chờn rồi",NEU
mih dat nhầm nên chưa sử dụng nè,NEU
nhưng trừ điểm vì giày adidas mà lót giày logo nike     ,NEU
Để dùng một thời gian xem sao,NEU
chỉ có điều màu ga giường và mặt dưới của chăn màu không như hình ,NEU
"Áo đẹp,màu đẹp nhưng tay áo hơi nhỏ,ai bắp tay to mặc hơi chật tay áo ak",NEU
ao dep hoi bi bo 1 chut giao hang hoi lau ,NEU
thấy để quảng cáo 2m mà mua về đủ 1 cánh cửa 1m thôi,NEU
đóng gói sản phẩm chắc chắn thời gian giao hàng nhanh chất lượng sản phẩm tạm được đáng đồng tiền ,NEU
Mình dùng được 1 năm thì hỏng bình. Giữ nhiệt thấy cũng tạm ổn. Về độ bền thì đánh giá k tốt,NEU
mua 3 ly nhưng 1 ly bị mất đồ cọ rửa ống hút,NEU
Cũng đượccccccccccccccccccc,NEU
Hàng đẹp,NEU
Thơm thoang thoảng nhưng Rất mau hết mùi,NEU
vải mềm form này kiểu k như sơ mi thường đâu nhá  vạt trc rất dài  và trễ vai nữa cánh tay cx kiểu rộng ý   ổn ,NEU
áo mặc lên dáng đẹp ,NEU
Chất ok,NEU
feedback nà \ ,NEU
Trên tiêu đề shop ghi date 2020 nhưng nhận hàng date 2019,NEU
Keo dán không như quảng cáo,NEU
đẹp mà quá too ,NEU
sản phẩm khá đẹp ,NEU
"Chiếu nóng và bí nha các bạn, mùa hè ko mát đâu nha, tiền nào của nấy thôi ạ",NEU
"60k ok, fi vchuyen tren 30k k like",NEU
vừa uống trà  vừa nịt bụng ,NEU
Ăn ngon nhưng cay quá,NEU
tạm được   hàng như đã mặc qua rồi  len nhão và màu xấu  ,NEU
"Phải tự lắp ráp
Khó khăn trong việc lắp ráp
Cần mở nước hay bị rớt ra",NEU
Shop thấy e chụp sao kkkkk,NEU
Mong shop kiểm tra hàng trước khi gử,NEU
hang chất lượng tốt. Nhưng người giao ăn chặn tiền thừa. Do lúc đó mình đang ngủ shipper gọi nên chạy xuống lấy hàng cũng không kiểm tra lại tiền thừa. 20k tuy không nhiều nhưng mình thấy rất không hài lòng về shipper.,NEU
không thấy hiệu quả lắm..,NEU
"chiếu mỏng quá, đóng gói cẩn thận, 1.6×2m, nay còn 1.6×1,9 bề ngang bị ngắn, nếu đủ 2m thì đẹp hơn.",NEU
Nhin dep nhung Cọ không sạch :(,NEU
Ủng hộ shop dài dài nè,NEU
"mua áo sz m nhg chất vải ko giống sz s đã mua trc đó  phải mang tận nơi để trả lại và được gt là đây người ""sành"" đồ xuất thì mới biết được chất vải đó hịn hơn ",NEU
khi hỏi shop thì shop bơ  ko trả lời  không có trách nhiệm với công việc ,NEU
Mua xong cũng k dùng đến k thích lắm,NEU
trước khi xuống bơi đã ngâm nước và vảy khô nhưng kính vẫn bị hấp hơi nước bên trong mỗi lần bơi. chắc phải mua kính khác,NEU
"Mặt hàng mẫu mã đẹp, dùng rất êm ái, không có tiếng click khó chịu.

Nhưng để chuột xa đầu kết nối tầm 1m là khi dùng sẽ có hiện tượng thỉnh thoảng mất kết nối và giật giật khá khó chịu. Nên dùng cho laptop thì sẽ tốt hơn là máy để bàn.",NEU
       chủ shop ưi đừng ghét em nha   ,NEU
sp rất tuyệt người bán hang nhiệt tình ,NEU
 mình có ảnh mô tả  ,NEU
fix lỗi tốt  không cần thêm iccid nữa  bỏ vào cái bỏ ra là có sóng  ,NEU
Vải tốt nhưng hơi nhỏ :((,NEU
"Chăn chiều dài thì OK , chứ chiều ngang đắp thì quá bé",NEU
"Vai đep,kieu dang đep ,nhung minh mua 1cai sezi L va 1 cai size m ,nhung giao giong nhau đieu size L het",NEU
hiệu quả chậm hơn các loại dùng hóa chất,NEU
Lỗ không khớp với đinh nên vặn vào dễ bị rách gỗ,NEU
giao hàng nhanh  quên chụp ảnh ,NEU
"Sản phẩm mình nhận được giống hình, đẹp, cực thích. Nhưng có 1 vấn đề là nắp dù có gioăng cao su nhưng k thể đậy được, vì vậy k dám cầm ly đi mua nước, chỉ đựng nước ngồi uống lại chỗ, khá buồn vì mình mua tới 4 ly.",NEU
Bảo shop check áo kỹ rồi mà lúc nhận vẫn rách một chút nhưng ko sao khâu lại là ok,NEU
cân chất liệu nhựa .nhẹ không được như hình .,NEU
chất lượng đáng giá tiền  form vừa vặn  tóm lại là mình thíchhhhhh ,NEU
có hiện tượng mốc khi tưới nuoasc,NEU
cái l bèo nhèo lại còn mỏng     ,NEU
Mùi nước hoa dị quá,NEU
"Gói hàng quá tệ, hộp quá to mà lại không hề gói chống sốc",NEU
vì e thích kiểu hàn quốc nên len dáng dài của shop rất chi là hợp gu của e ,NEU
Siêu nhẹ nhưng siêu xốp gối lên đầu dính vào giường như không gối😩😩😩,NEU
Ngồi tự khâu cả buổi,NEU
"Chưa sử dụng nên không biết chất lượng thế nào, nhỏ gọn tiện lợi cho người đi làm côg sở",NEU
hàng xuất nên rộng lắm ,NEU
Tuy nhiên phí gui hơi cao,NEU
mình sẽ tiếp tục ủng hộ ,NEU
đẹp nhưng đế hơi cứng  đi lâu dễ đau chân ,NEU
Sd đã rồi báo kết quả nha,NEU
"chất lượng ok,mỗi tội bụng rộng quá.lại phải sửa",NEU
Cây nhang bé quá!,NEU
chất lượng vải tạm dc ,NEU
Sản phẩm hoạt động đúng với giá dưới 10k. chỉ khoảng 3 giờ là hết thơm,NEU
"hàng chất lượng nhưng giao hàng quá chậm, chất lượng dịch vụ tiki đợt này quá tệ!",NEU
xài chưa 1 tuần hết,NEU
Mua áo dáng ngắn thì thành váy luôn,NEU
Mới dùng có 1 viên pin. Chất lượng ổn,NEU
Màu có hơi đậm hơn nhưng rất ưng,NEU
bình thường mặc quần size 28 cũng tương đương m ,NEU
Sản phẩm thì không có gì phàn nàn nhưng giao hàng quá chậm trể theo cam kết.,NEU
"còn vài điều tôi chưa hài lòng về sản phẩm, đóng gói cũng như quá trình vận chuyển. Tuy nhiên đèn có hoạt động và cũng đủ cho nhu cầu của tôi. tôi mua loại 60w nhưng sao diện tích tấm pin chỉ bằng 1/4 cái 100w của hàng xóm.",NEU
fuc vu tot co điều    ,NEU
"Chưa mang giày đã bị súc chỉ ,giày ưa nhìn, cũng tốt :)))",NEU
hjhj ,NEU
"Mình mua loại này dùng thử thì thấy rửa khá sạch nhưng vẫn còn mùi tanh, hồi trước mình dùng loại somat và thấy nó tốt hơn nhiều",NEU
Đóng gói sản phẩm chắc chắn Shop phục vụ tốt,NEU
Mà đóng gói dầy nhưng nên dán xốp với băng dính tránh chỗ đầu bị long ra,NEU
Hàng tốt sài ok nhưng giao hàng hơi chậm,NEU
mog shop cẩn thận hơn ở đườg may ,NEU
Dù giao nhầm màu nhưng vẫn hài lòng hàng đẹp giao hàng nhanh,NEU
Mình cá là với sản phẩm này ở shop khác có thể lên tầm 150k ý,NEU
Sử dụng không ổn đâu. Rớt văng luôn cả cái móc dán,NEU
"chưa sử dụng, ko biết đánh giá như thế nào",NEU
shop đổ do shopee tính  shopee nói do shop tính phí ,NEU
"Bình thường , sp hợp giá tiền",NEU
đế rất chắc chắn ,NEU
sẽ ủng hộ shop nhiều hơn ,NEU
thời gian giao hàng quá chậm ,NEU
"đồng hồ xài đc, nhưng ban đêm khi mở đèn thì chữ bị mờ",NEU
hơi mỏng so vs giá tiền đóng gói sản phẩm rất đẹp và chắc chắn ,NEU
"Ô không bền lắm, mình dùng 1 thời gian đã bị rít phần tay cầm, không rút đc ra luôn...",NEU
"Tàm tạm, hơi nhỏ, cầm hơi đau tay, 6 điểm.",NEU
San pham ok nhung,NEU
sản phẩm không được như ý,NEU
gui sai một sp còn lại chất lượng tốt ,NEU
Mình bé mà size XL ko biết có mặc đc ko,NEU
giao màu đen     ,NEU
"Chất lượng sản phẩm tạm được,túi mỏng,đựng rác phải 2 túi",NEU
"chất lượng đúng với 
tầm giá.",NEU
giữ nóng dc khoag 10h. thấy wa ok. lai mua dc giá km. 3🥰🥰🥰🥰,NEU
Giao hàng nhanh,NEU
Sản phẩm có độ tin cậy cao. Lần sau vẫn muốn mua.,NEU
vận chuyển móp hết cả hộp về ko mang tặng dc,NEU
chất lượng ko như mô tả. Mấy con vit bắt từ dưới lên nguy hiểm với người ngồi.,NEU
hình trông nhiều mà đặt về trông hơi ít ,NEU
"Khoan lỗ lắp bị lệcc, nghiêng. Canh chỉnh k đều.",NEU
"túi nhỏ không như hình, hàng tốt. giao hang nhanh.",NEU
shop giao hàng lâu quá   phải đặt hàng tận lần 2 mới chuyển  ,NEU
Hơi đắt so với chất lượng,NEU
"sản phẩm bình thường , giá thì cũng chấp nhận đc. ko nhu mong đợi",NEU
nào của nấy ,NEU
So thiếu mất một đầu cao su shop nhé. Nên hiện tại chưa lắp để sử dụng đc.,NEU
Y hình,NEU
Màu xanh mình chọn ko đẹp đâu ah,NEU
chữ trên tay áo to chà bá,NEU
Giống mô tả. Chất lượng phải dùng đã. Vị dễ uống .,NEU
chưa giặt nên không biết có bị giãn nhiều không ,NEU
Tuy có vài chỗ bị dư đường chỉ nhưng cắt đi là xong,NEU
hình thêu đẹp lắm  mà hình như size mỗi áo khác nhau  nói chung là áo đẹp ạ ,NEU
đã sử dụng mà không thấy hiệu quả gì nhiều,NEU
chỉ có điều dây đàn mk lên đúng dc 1 lúc là lại bị trùng mong shop tư vấn cách khắc phục ạ ,NEU
áo trong hình trong có túi   áo gửi về lại có  ,NEU
xin lỗi đáng lẽ ra phải nhận 16 cm nhưng lại là 20 cm đề nghị đổi,NEU
đặt tã dán mà shop ship tã quần    ,NEU
Nhìn tưởng phần sơn đen là thép hóa ra nhựa cứng thôi.,NEU
mình mua hàng bị thiếu nắp ngoài. đã làm thủ tục hoàn trả. vậy khi nào mình nhận lại được hàng,NEU
Chất lượng sp tạm được Thời gian giao hàng nhanh,NEU
mong là shop kiểm tra hàng xem có lỗi không trước khi ship ,NEU
Chất lượng tạm được,NEU
Nên tăng thêm sz vì sz quần hơi bé,NEU
"Gạt nước không êm, nghe tiếng kêu",NEU
Thường. Không gì đặc sắc so giá tiền.,NEU
ko ghi tên sản phẩm ngoài bao bì ,NEU
Mình mua 4 sp mà ko có đồ treo nào,NEU
đĩa mình cất r nhưng mình thiếu 2 vỏ bút shop ơi,NEU
Áo ko giống trong hình ko có túi,NEU
Mong là giặt xong k s,NEU
"Giao hàng trước thời hạn, vì mua nhầm pin nên mình chưa dùng thử, nhìn có vẻ nhiều chức năng nhưng bề ngoài không bắt mắt lắm. Do không có ở nhà nên mình có nhờ người nhà nhận hộ nhưng anh giao hàng bên TiKi lại tính giá nhầm. Đặt hàng thì chia ra 2 đơn một đơn sách và đơn đồng hồ là 2 ngày giao khác nhau, đến khi giao thì giao cùng lúc nên mình cũng khá hài lòng, nhưng do tách đơn nên khi thanh toán không biết anh giao hàng cộng kiểu gì mà lại cao hơn giá ghi trên hộp, nhưng do nhận giùm nên người nhà mình cũng không để ý",NEU
áo chất vải mịn  in tốt  hơi mỏng nhưng so với giá tiền vậy thì cũng ok  size nhỏ hơn so với kích thước shop ghi ,NEU
Lồng innox mỏng cho nên khi xoay để vắt bông lau nhà không chắc chắn. Lồng inox đã bị sứt mặc dù tôi mới sử dụng có 2 tuần.,NEU
Vợt không xứng với giá cả bỏ ra,NEU
Chất lượng sản phẩm tạm được.chiều dài áo ngắn quá,NEU
"Mình mới mua đc mấy ngày mà nắp bị lỗi, ko biết tiki có hướng nào xử lý ko? Lần trước mình mua 1 bình xài rất tốt",NEU
đóng gói sản phẩm rất đẹp và chắc chắn  thun hơi mỏng  đường may thưa ,NEU
nice style but the fabric is too hard and ửinkled feel hot to wear it on ,NEU
Cũng bình thường,NEU
giày xinh nhưng box nát quá  ,NEU
Chất lượng khá oke nhưng đường nối chỉ lộ quá,NEU
sau khi nhận hàng mình cân thử thì chuẩn 2kg2 do mình od chung nên phải chia ra cũng đc 1kg tươi ,NEU
vì nếu shop k nhận đổi qua ib mình có thể cancel đơn và đặt lại cũng đc ,NEU
Đã ủng hộ 2 lần,NEU
sản phẩm đẹp có điều nhanh bị bong ,NEU
góp ý với shop đóng hộp carton thì tốt hơn ,NEU
tiền nào cua nấy ,NEU
Cỡ người 70kg mặc vừa 😂,NEU
chất lượng sản phẩm tạm được chất xấu và nóng ,NEU
"Giao hàng lâu, chưa dùng nên cũng ko biết chất lượng thế nào.",NEU
shop bao hàng cẩn thận đợt sau nhé    ,NEU
Nhưng mà thôi mình cũng ko có time để trả hàng .để em mình mặc vậy,NEU
 ,NEU
nói chung thì nên mua hàng tốt một chút mới mặc đi chơi dc ,NEU
Cái quai xách dễ rớt quá,NEU
hi vọng shop rep tn sẽ đánh giá lại ,NEU
Có thỏi son mà shop cho hộp to đùng,NEU
"Nhận dc hàng , đóng gói sơ sài shiper cột dây móp luôn cái hộp may mà ko bể đèn, chất lượng bước đầu thấy ok",NEU
mua về để ngay chỗ chuột hay qua lại nhưng nó ko ăn mà nó tha vào 1 góc...,NEU
hạt bị hư nhiều ,NEU
Đặt một mẫu đã nhắn tin gửi ảnh cho shop cũng như chọn đúng màu vậy mà shop vẫn giao nhầm bộ khác,NEU
"Váy rất thô và cực rộng, không thể mặc được, tiền nào của nấy thôi",NEU
có giảm nhưng uống vào người rất mệt và buồn nôn ,NEU
"hơi bập bênh, kệ cũng tốt để được nhiều sách",NEU
Shop giao hàng lâu quá . phải đặt hàng tận lần 2 mới chuyển,NEU
Áo nữ mà dài thêm 1 tẹo thì trên cả tuyệt vời,NEU
tại hơi còi nên mặc hơi rộng xíu thôi ,NEU
giờ để không cho con mèo lên lắc ,NEU
con hạt mần thịt ăn r hả ,NEU
"May không có sách hướng dẫn lắp ráp, không có hướng dẫn sử dụng ….",NEU
Sản phẩm như hình. Nhưng sử dụng bình thường,NEU
cơ mà tiền nào của ý ,NEU
"Chat luong sp ổn, hơp gia tiền",NEU
Áo thun vải oke,NEU
"Chỉ có điều áo hơi ngắn thôi, đc tặng kèm dây buộc tóc nữa :)",NEU
giá cả đi đôi với đồng tiền ,NEU
giao hàng 4 giờ quá nhanh ,NEU
Chua su dung khong danh gia duoc chat luong san pham,NEU
"K có ánh sáng trắng, đã điều chỉnh lên mức 100% vẫn 1 màu ánh sáng vàng, cungz thử từ 1% tới 100%. Shop cho đổi bóng khác đi",NEU
Shop giao hàng lâu 3-4 ngày mới nhận dc,NEU
"Khg như mong đợi, nhưng cũng tạm ổn",NEU
chuông cửa k có pin ,NEU
tay áo dài ,NEU
form quá rộng nên chỉ hợp ai 55kg trở lên ,NEU
ko có bao bì sản phẩm ko bít chất lượng sp thế nào,NEU
"Chị Đồng nghiệp mình mua sp trên sài rất okay, mình đã mua nhưng đợt hàng mình nhận nắp bị lỗi làm rò rỉ nước, Mong tiki sớm giải quyết Cảm ơn ạ!",NEU
xài ok nhưng bị tróc màu nhiều,NEU
"K biết tốt không tại không dám dùng hết. Nó là acid đổ vào toilet khói bay ùm xèo.. nói chung sợ quá, thấy nguy hiểm, cần đọc ký trc khi dùng",NEU
nói chung thì với giá đó là ok rồi mng<3 ,NEU
ko giữ hương được lâu.....,NEU
Hàng dùng ổn,NEU
Giay hơi nhỏ không thấm nước lắm,NEU
"Giao hàng quá chậm, ghi giao trước 11h hôm sau mà 1 tuần mới có hàng",NEU
tổng quan nhìn đẹp nhưng check kĩ thì thấy có nhiều vết trầy. đóng gói ko chèn chắc chắn. chưa sử dụng nên ko biết giữ nhiệt thế nào. hơi thất vong,NEU
Bình có hơi rám sơn cũ kiểu để lâu ngày trong bọc nhưng do sale cũng k đòi hỏi hoàn hảo đc,NEU
size m ở shop cảm giác k chuẩn size  rộng hơn so với hàng chợ ,NEU
có hàng tặng kèm ,NEU
áo lên chuẩn y hình  mình nghĩ ngắn nhưng dài hơn 1 tẹo  quà tặng cute shop phục vụ rất tốt rất đáng tiền ,NEU
Bình sử dụng OK. Giữ nhiệt lâu,NEU
Quần quá to so với size,NEU
Túi đẹp đúng với hình ảnh,NEU
áo nhỏ so với ảnh ,NEU
Tạm được  . Long máy chưa sạch,NEU
"Quần vải ok nhưng thắt lưng co dãn ít, khó khăn trong lúc mặc",NEU
"Mình mới mua đc mấy ngày mà nắp bị lỗi, ko biết tiki có hướng nào xử lý ko? Lần trước mình mua 1 bình xài rất tốt",NEU
cái áo đen gì mà có 3 cái nút à mặc mà mát luôn người ,NEU
chất ok so với sản phẩm ,NEU
Ai đã sử dụng hàng Mỹ rồi thì chỉ cần ngửi mùi đã biết hàng chuẩn hay ko,NEU
"đẹp, nhưng khác màu sẽ đẹp hơn",NEU
Tạm được,NEU
không có mùi mấy ,NEU
Quần không giống hình mẫu,NEU
Đặt màu xanh giao màu đen,NEU
Đóng gói sản phẩm chắc chắn,NEU
còn nguyên seal và label hộp vận chuyển từ mỹ ,NEU
vải k phải loại chống nhăn ,NEU
vải co giãn tốt mềm mà hơi mỏng quá  ,NEU
Hang khac xa voi hinh,NEU
Chất lượng sản phẩm phù hợp giá,NEU
tốt sài dc cục điện nhưng mà hơi mắc,NEU
Giao nhanh nhưng áo bự quá huhu,NEU
Sp tốt xài tiện. Gọn nhẹ.,NEU
"Chất lượng sản phẩm tuyệt vời,thời gian cb hàng quá lâu",NEU
"Sản phẩm tốt, thiết kế hài hòa, có đế cao su chống trượt và rất êm khi đặt bình xuống bàn. Nếu nắp bình là 1 cái ca để uống nước thì sẽ là hoàn hảo. Tiki giao hàng quá chậm cho sp này, gần 1 tuần mới giao hàng cũng là 1 điểm trừ.",NEU
"To quá, nhìn thô. size 380ml là vừa",NEU
Khó mở nắp khi sử dụng sp,NEU
váy k giống hình ảnh ,NEU
Chất vải thì được nhưng may không đẹp lắm,NEU
"Sản phẩm hơi mỏng , tạm được.",NEU
nên có chọn size như vậy người mua chọn size sẽ chọn được size mặc vừa ,NEU
"khung ghế và nệm chắc chắn, tuy nhiên lớp ốp bên dưới nệm là gỗ ép rất mỏng, giòn, mới nhận hàng 1 ngày mà téc hết lớp gỗ",NEU
Mình đặt mua 2 cái váy và 1 cái áo,NEU
"Các bộ phận kết nối khá rời rạc, lau 1 lúc là bị rớt tay cầm ra. Khi nhúng nc lau thì miếng lau phát ra tiếng kêu lục cục do khớp nối cây lau và miếng lau còn khoảng trống nhiều",NEU
tạm được  vải mặc hay nhăn ,NEU
"Kiểu dáng váy thì đẹp, nhưng mặc mùa hè thì nóng, k thấm mồ hôi",NEU
chủ shop nhiệt tình  hàng vải đẹp  nhưng giao hàng chậm quá ,NEU
k hài lòng lắm  màu đỏ lem hết ra cả đế giầy  giặt k hết đc ,NEU
nhưng bù lại chủ shop dễ thương nên tạm hài lòng ,NEU
mũ nôg ,NEU
áo dành cho ng dưới 50kg ,NEU
Mỏng manh,NEU
k như hình lắm nhưng chấp nhận đc ,NEU
hàng 4 lớp ,NEU
quả này hơi mỏng  không như mong đợi ,NEU
Tất được nhưnc màu hơi cũ,NEU
No ao k co dinh hat nhu hình ban nhe,NEU
San pham duoc,NEU
giao hàng lâu .chưa dùng nên k pit có hiệu quả không,NEU
Vải đẹp nhưng mình lấy size M mà vẫn rộng :'( Đi bóp lại để mặc cả sau sinh thui..,NEU
"Không thoát nước được
Tạm được",NEU
Cũng chỉ giữ ấm ấm thôi chứ không nóng,NEU
Cám ơn shop,NEU
"Giấy mịn, dai nhưng bụi giấy nhiều quá, lấy ra mà bụi giấy bay cả vào mắt như vậy dùng sao đủ vệ sinh. Hơn nữa hàng 58k mà không có nylon bao lại cho 1 cặp cuộn nữa này lỗi do mình nhìn không kỹ nhưng chắc chắn sẽ không mua lại loại này lần nữa",NEU
váy hơi mỏng ,NEU
Áo ok nhưng mũ hơi nhỏ,NEU
Cũng tạm ổn nhưng vành bên ngoài máy giặt ko đc sạch như quãng cáo,NEU
hàng may lỗi ,NEU
Ráp cửa kính k dc. Phải dùng keo 2 mặt,NEU
mac len như u40 ,NEU
mình mua 4 sp ,NEU
chất ổn so với giá ,NEU
sp y hình  vải ok ,NEU
Tạm được xứng với giá tiền,NEU
lần nào mua tiki cũng đi gập làm đôi lại làm gì chả hiểu dùng 1 thời gian nó bung keo ngay chỗ đó mệt gê,NEU
Tuy chuột trong tình trạng mới nhưng hộp lại bị mở trước,NEU
Mình mua 4 sp,NEU
vải hơi bẩn ,NEU
rất hài lòng với cách làm việc của shop ,NEU
Lại cho mình 2 trắng 1 da,NEU
hơi rộng có size thì tốt ,NEU
cug tam dc  vai cug kg dep lam ,NEU
được,NEU
Rộng quá shop cho em đổi lại aiize s vs ạ,NEU
cái dây kéo lực hơi nhẹ tập không có cảm giác cái dây kéo của tập chân mới tập đã dãn dồi,NEU
fom áo hơi nhỏ ,NEU
Đó là nhận xét của mình,NEU
thời gian giao hàng rất nhanh  trong hộp ko thấy phiếu bảo hành  ko biết mai mốt nếu có trục trặc thì sao ,NEU
Đồ bơm tay rất kém hiệu quả,NEU
Nói chung ok nhưng bị cái la đôi mình nhận đc 1 đầu dây bị đen thui,NEU
"Hàng đóng gói cẩn thận sp chưa đăng ký mã vạch không biết có phải hàng chính hảng không chất lượng bình thường không bằng sp cũ 
Đã nhận hàng lâu nhưng chưa thấy sử lý sp khuyến mãi, dây có phải là chiêu của shop không, sp km chẳng đáng nhưng kd như vậy là không tốt",NEU
Áo dống hình,NEU
dat do dai giao do ngan ,NEU
nchug tiền nào của nấy ,NEU
đáng mua ,NEU
Ly có lớp hơi nước nhẹ bên ngoài,NEU
chất áo hơi mỏng ,NEU
hàng thì ok nhưng giao k đúng màu đã đat ,NEU
giặc không được trắng cho lắm.....................,NEU
"Khong chắc chắn như sản phẩm quảng cáo, thất vọng.",NEU
"Sản phẩm hơi khó xài, cảm giác mỏi tay",NEU
Phù hợp vs giá tiền áo chưa giặt hơi hôi khôbg bị phải nha mọi người,NEU
chất liệu chất dạ mỏng ko giống vs lần đầu mình mua sz l ,NEU
Váy k giống hình ảnh,NEU
Áo shops giao hok giống hình áo dính nhiều chỉ vải áo k đẹp,NEU
shop giao thiếu bút này ,NEU
"Bông gòn miếng, bông không đều, chỗ lõm quá chỗ phồng quá",NEU
áo lỗi váy lỗi đổi đc k shop ,NEU
áo đẹp lắm ạ  ,NEU
"Sản phẩm không đẹp,bị trầy xướt tùm lùm hết,không ưng ý lắm.nên cho xem hàng trước khi nhận",NEU
sản phẩm tuyệt vời ,NEU
"Keo dính không chắc chắn, dễ bung mép dán",NEU
Hơi nhỏ và yếu so với tưởng tượng,NEU
Vải đẹp nhưng mặc hơi nóng,NEU
<3,NEU
tốc độ thì tuỳ vị trí ,NEU
"khoan mồi canh ko đều, thiếu hẳn 10 cái đinh khoan, chiều sâu ko tới 20m như mẫu ghi, hàng lắp xong nhìn mong manh chứ ko cứng cáp lắm",NEU
Chưa hài lòng lắm. Chất lượng chưa tốt,NEU
Chỉ ở cổ hơi xước,NEU
K thơm bằng loại dowming mua lần trước,NEU
"Tạm dc,hơi mắc so với chất liệu. 80 k thì hợp lý hơn",NEU
nhung xai cung tam on ,NEU
Kiểu cọ và form áo ở ngoài nhìn k thích lắm,NEU
Chủ shop nhiệt tình,NEU
giá rẻ so với chất lượng ,NEU
Giao hàng đúng sản phẩm đặt,NEU
hơi rộng ,NEU
để có kèm ảnh thật mà hàng không giống hình ,NEU
"Cũng đc , nhưng hơi ngắn",NEU
Size XL mà nhỏ wa,NEU
đúng mẫu ,NEU
mình mua hàng bị thiếu nắp ngoài. đã làm thủ tục hoàn trả. vậy khi nào mình nhận lại được hàng,NEU
Áo ship nhanh trong 3 ngày,NEU
Tàm tạm.,NEU
Cảm ơn shop nha,NEU
"Lần trước mua 001 thì rẻ mà được 2 vợt mà lại không có lỗi gì.
Lần này mua 002 thì lỗi mặt vợt, đề nghị nhà bán gửi lại cho mình cái khác.",NEU
Chất lượng sản phẩm tốt Đóng gói sản phẩm chắc chắn Shop phục vụ khá tốt Thời gian giao hàng hơi chậm,NEU
Váy hơi mỏng,NEU
2 áo phông còn đc áo len vừa đắt vừa mỏng vừa cầm vào đã sổ hết chỉ ở nách áo ra rồi ,NEU
giao hàng chậm   chất lượng ok ,NEU
không giống với hình cho lắm   giày đẹp ,NEU
"Và lại không được đổi size, các bạn nên lưu ý trước khi mua",NEU
tạm dùng được sp trung bình,NEU
không dài như mình nghĩ    ,NEU
"Hàng mỏng, ko ưng lắm, dễ bị rách nếu vận động trên sàn betong",NEU
đúng giá tiền ,NEU
vì ở phía trong vải nên phải sờ bằng tay mới thấy ,NEU
mà size 2xl chỉ vừa với người 60kg đổ lại ,NEU
Nhưng shop giao nhầm màu,NEU
Sp đẹp nhưng cái quai đeo hơi mỏng cứ sợ tự nhiên đứt :((,NEU
Lót giày khá bẩn. Có vẻ như đã qua sử dụng,NEU
chất bình thường ,NEU
"Pin hơi nhỏ khi lắp vào mic, thường lỏng lẻo",NEU
Bánh xe của cây đòn bảy trơn,NEU
Công tắc của đèn hơi khó dùng,NEU
rất dễ xì hơi  không biết có phải do lủng không ,NEU
Màu găng tay ko được trắng,NEU
khá tốt hiệu quả khá cao.,NEU
size hoi rong ,NEU
Cách 2km mà ship 5 ngày mới tới,NEU
Lay nhầm màu cho minh,NEU
Mới dùng lần đầu tiên,NEU
Lần đầu tiên mua hàng qua shopee bị phải hàng đểu,NEU
Mỗi cái váy mình 1m63 mặc hơi ngắn 😂,NEU
chỉ nhăn nhúm lại ,NEU
Váy đẹp nhưng shop tư vấn nhầm size,NEU
Áo mặc rất oke ạ.😊😊,NEU
cái này chỉ giành cho tuổi mới lớn mới mặc đc ak ,NEU
"Dây hơi nhẹ, với hơi dàu quá, có thể diều chunhr nhưng hơi bất tiện",NEU
"giao hàng hơi chậm. Hàng chế (dán keo) ko đc khóe. Bị bung keo, nhăn nhúm, ko sát.",NEU
K nâng được đáng bao nhiêu,NEU
Kiểu giống hình,NEU
Chất liệu không mát lắm nhưng đường may khá cẩn thận và màu sắc + hình in đẹp nên vẫn ok ạ,NEU
hàng chuẩn ,NEU
Hơi nhỏ hình như k đúng kích thước,NEU
Bạn nào cần liên hệ sp mình nhé,NEU
màu đẹp ,NEU
Ly đẹp nhưng đặt màu đen thì giao màu trắng,NEU
"Chất vải hơi mỏng, mình m53 40kg mà mặc cũng chưa qua mông nữa :((",NEU
Áo này vải ko đc mịn lắm,NEU
Ko tot ko tot…………………………………………………,NEU
bọc hàng cẩn thận ,NEU
Yên tâm mua hàng đi nè m.n,NEU
"Đóng gói không cẩn thận bị bể 1 chai , shop lưu ý cho người sau",NEU
Áo hơi mỏng và nhỏ,NEU
shop nên xem lại cách đo size cho khách ,NEU
shop nhớ kiểm tra kỹ trước khi giao nhé ,NEU
"Các con vít lở kèm theo xà như hàng mã, xốp nắm tay còn chán đời hơn. Xà thì tạm ổn.",NEU
"Túi tuy chất lượng k ok lắm, nhưng shop phục vụ rất ok",NEU
Nhưng ngăn kéo khóa ít,NEU
"Áo đẹp rẻ, y hình",NEU
"Co giãn kém, không ôm chặt",NEU
Nhưng k sao ạ,NEU
Tạm được,NEU
"Mới dùng 1 tuần mà chuột trái đã kêu to rồi, không silent như lúc mới mua",NEU
shop có mua bán lại nửa giá ,NEU
Bình đựng lục lạc méo mó,NEU
Đặt cùng size giày mà đôi vans đen lại bị rộ g chân quá,NEU
chất dày dặn  mịn ,NEU
Mà bản thân t cũng ko muốn gửi trả lại shop lạch cạch mất công,NEU
Cắm sạc mà đèn led báo không lên vậy shop ơi?,NEU
"Khóa kéo hơi khó một chút, kéo từ từ thì vẫn lên được",NEU
Cổ áo bị tuột chỉ,NEU
"Sp cây lau nhà, bông lau nhỏ ,rất mỏng, lau nhà ko sạch",NEU
"Nhưng form hơi ôm, mình k mập nhưng mặc vẫn hơi bó cái tay và phần mông cũng k dc rộng, shop nên may rộng tí dễ mặc hơn đồ ngủ mà, có rộng cũng k sao hihi",NEU
chiếu đúng như quảng cáo.,NEU
Hic,NEU
chưa dùng voucher chưa biết thế nào  thường đi ăn thanh toán trực tiếp thì rất ok ,NEU
"Hơi ngắn so với mình, khó sơ vin",NEU
"Tính hủy đơn mà nghĩ tội shiper và shop, dịch vụ giao hàng quá chậm so với sàn khác",NEU
"nhỏ quá, thiết kế lớn hơn thì tốt",NEU
tạm ổn . òooooooooooooooo,NEU
đã sử dụng nhưng mối không hết.,NEU
Xấu. Khó sử dụng lắp đặt. Giao hàng chậm,NEU
nhưng ko hiểu sao mua 2 chai đều bằng dung tích nhau nhưng thực tế lại chai ít chai nhiều là sao vậy shop ơi       ,NEU
"Cây lau nhà mình nhận không lắp được, cái gien bên trong như bị vỡ thì phải!",NEU
K giống hình,NEU
Thời gian giao hàng tạm được,NEU
Màu hơi đậm hơn hình một chút,NEU
Chất lượng sản phẩm tốt.nhưng giao thiếu dây cột chỗ tay áo,NEU
Nói chung là tốt vs giá như vậy,NEU
shop chuyen quan ao em be va phu kien cho be ,NEU
"Đèn dùng ổn, có 3 chế độ sáng. Hàng được đóng gói cẩn thận. Mọi thứ đều ổn chỉ có điều, hàng là đèn tích điện nhưng không được lâu cho lắm, tầm 2-3 tiếng á. Nên là phải cắm gần như liên tục.",NEU
chất vải áo tạm ổn  mỏng hơn áo màu đen  thích hợp mặc vào ngày thu ,NEU
"Rất mỏng để gọi là thảm lót, không đáng với giá tiền",NEU
Chưa đi nên chưa biết chất lượng,NEU
"Nói chung quá hài lòng, ngoại trừ việc giao nhầm 1 áo mà mình thích nhất thì ko thấy đâu, lại đi giao mẫu khác :(",NEU
Áo đẹp nhưng mác lòe,NEU
mình cao 1m6  53kg  form người khá to vẫn mặc đc nhé ,NEU
"Giao đầy đủ hàng. Khi nhận hàng thì phát hiện lỗi, bị cấn ở viền và bên trong tấm thảm, không biết là do vận chuyển hay gì. Ngoài ra còn bị 3 lổ do lỗi sản xuất. Thảm ko bị trơn nhưng nhìn rất ko vừa mắt.",NEU
Aso trang mong qua. 2 ao con lai thi ok,NEU
Mẹ mình rất thích,NEU
mà sao mua đồ ở shop này k đc tặng xu nhỉ    ,NEU
Vải thì mình không nói dì nhưng size nó bự mình mua dề cũng bỏ không mặc vừa,NEU
"vải đẹp, size M như size S, người mình bằng với mẫu mà mặc chật, mua về để đó làm kỷ niệm",NEU
Shop phục vụ khá tốt Nhưng giao thiếu mất cái khuy tròn cho mình 😭,NEU
tiếc là không tặng thêm 1 bông lau đi kèm,NEU
áo không bị lỗi  vải thun ổn phù hợp với giá tiền  nói chung đáng mua ,NEU
như mấy áo bt,NEU
"Đèn sáng thật.  Chỉ có 1 pin,  nhanh hết pin khi sử dụng.",NEU
giao hàng trễ hơn 10ngày..,NEU
giá cả rất cạnh tranh ,NEU
Xac 2 ngày den Vân mau Xanh Sao Không tu Ngat vay?,NEU
nhưng với giá 144k hi vọng shop cải thiện vải sẽ mỏng nhẹ thoáng mát hơn  chớ mùa này mặc hơi nóng ạ ,NEU
Đẹp lắm shop ạ,NEU
"Tủ lắp ko khít, dùng tạm thì đc, vẫn nên ra siêu thị mua nha mn",NEU
rộng qua 70kg mặc vua ,NEU
chất liệu ok ,NEU
áo vẫn tốt nhưng sai mẫu không biết do shop nhầm lẫn hay do hết hàng lấy mẫu khác thay vào mà không hỏi ý kiến gì cả ,NEU
Nên giat tay,NEU
Tạm được không giống hình,NEU
sao mình đặt hàng từ hom thứ 6tuan truoc đen hom nay đã là thứ 2 rùi mà van chua thay thong báo nhan hàng gì cả,NEU
đóng gói sản phẩm rất đẹp và chắc chắn shop phục vụ rất tốt thời gian giao hàng bên hệ thống rất chậm  dễ làm mất lòng tin của khách hàng thân thiết ,NEU
"Đóng gói sản phẩm rất đẹp và chắc chắn Thời gian giao hàng rất nhanh, sản phẩm sài tạm ổn với giá tiền.nên mấy bạn đừng phản hồi nhiều,nói chung không gì rẻ mà tốt hết.sử dụng hợp với giá tiền là dc rồi",NEU
Giao k đúng mẫu như hình 😂 có thêm túi trong suốt bên ngoài,NEU
form hơi nhỏ ạ do e thích form rộng ,NEU
"Chất lượng keo không đạt, dán 3 ngày là rơi",NEU
hàng giao ko có dây cáp cắm điện ,NEU
chất lượng ổn nhưng k bằng quần giống y vậy 20k/cái ạ  vì tiền nào của nấy mà ,NEU
Chất lượng phù hợp với giá tiền,NEU
"Đèn đóng gói rất cẩn thận,pin được lâu ,đèn nhỏ, gọn và sáng, mang theo rất tiện.Từ lúc lấy về Mình dùng đọc 3,4 đêm mới thấy pin yếu
 Nhưng khi sạc thì thấy không  vào pin,mình đã thử dây sạc khác vẫn không vào,giờ thì đã hết pin .
  Chắc đèn của mình bị lỗi.
   Rất tiếc cho một sản phẩm nhỏ,gọn, tiện dụng mà không sử dụng dài lâu được !",NEU
Mẫu mã để thi đẹp khi giao hàng còn thua cái ao chó của tui nữa,NEU
Giặt không phai màu,NEU
mình luôn muốn xem khách chụp áo thật ,NEU
Áo cỡ L form hơi to chắc cỡ M mới vừa,NEU
sp như tiền ,NEU
giao hàng nhanh chóng  ,NEU
Nói chung chất lượng hợp với giá,NEU
Vải ok mà chữ easy in sấu kinh,NEU
Sai kích thước,NEU
"chưa dùng,mỡi gặn thử thấy yếu",NEU
Dùng xong tóc khô nên cần dùng thêm dầu xả,NEU
"Sáng yếu,  nhanh xuống pin",NEU
móp phần cạnh hộp ngoài với hộp bên trong,NEU
giá mà có size rộng hơn 1 cỡ thì sẽ càng thoải mái hơn ,NEU
Nắp bình bị toả nhiệt,NEU
Không đúng kích thước,NEU
bthg. k đẹp như trong ảnh,NEU
"Chất lượng sản phẩm tạm được,",NEU
tất cả điều ok trừ áo hai dây là kh ưng xíu nào  ,NEU
"Cái chảo đóng gói sơ sài, chỉ có 1 lớp ni lông, ko có bao bọc chống sốc, nên cái chảo bị móp 2 bên, cái chảo bị móp nhìn khó chịu. 
Chảo còn bị trầy xước nữa. Do sale nên vậy, có đổi hàng được ko? 
Hộp dụng cụ có món bị mốc. Do sale nên vậy? 
Giao hàng đúng hẹn",NEU
shop giao nhầm màu ,NEU
size s ma phai 50kg mang moi vừa ,NEU
vải ok nhưng đồ nhỏ cho với đã chọn ,NEU
dao ok. nhưng dùng chỉ dc 1 món trong số 5 món. nói chung là dao mới nên bén,NEU
Không sao hết mình cũng rất thích nói chung là đẹp xuất sắc,NEU
dây đeo không điều chỉnh được độ dài ,NEU
Chất lượng hàng phù hợp với giá tiền,NEU
Cám ơn shop,NEU
Bị bung chỉ một đoạn váy,NEU
Size XL không vừa cho người 53kg như shop ghi đâu,NEU
dây khá khác so với hình ảnh,NEU
Cũng dk,NEU
"Shop nói chuyện dễ thương, đáng yêu.... giao hàng nhanh",NEU
"Hộp keo cũ nên chất lượng bị giảm ( keo khô cứng, không sử dụng được hết túp)",NEU
tuy nhiên nếu có thể shop hãy cung cấp thêm màu hơi sáng tí ,NEU
Đóng gói vận chuyển bị đổ ướt cả hộp,NEU
"Đầu cán hơi mỏng, ko dùng khéo sẽ dễ gẫy",NEU
Mẫu áo nhìn quê mùa,NEU
Xà tốt. Mình ko thích bao tay này lắm nên thấy bị hụt hẫng khi bao tay mình muốn thì shop lại tự đổi. Sẽ ko có gì nếu shop ko để hình tặng 1 kiểu giao 1 kiểu.,NEU
Cảm ơn vì món quà nhỏ nhắn ❤❤❤,NEU
Mau giong hinh nhung mong,NEU
Đặt theo tư vấn size M nhưng eo rộng so với mình,NEU
"Sản phẩm tốt, như thông tin quảng caio",NEU
dán vào tường gạch men mà vẫn ko ăn thua khi gắn cây chổi lau nhà vào. hơi vô dụng. gắn các vật nhỏ nhẹ thì đc.,NEU
Chất liệu không được dày dặn như trong ảnh nhưng chấp nhận được với mức giá rẻ,NEU
Hơi đau chân,NEU
quần hơi ngắn so với trong hình    ,NEU
Chưa mặc nút đã đứt rồi,NEU
"K như tưởng tượng của m nhưng mặc lên xinh và mát, k biết giặt có bị co k nữa,giá 100k là chuẩn chứ k p là rẻ :))",NEU
"Tiki giao hàng quá lâu, đóng gói sản phẩm cẩu thả, đến tay người nhận thì bao xơ xác, hàng dễ vỡ mà không gói chống sốc, hàng bị bám bụi",NEU
Son chỉ cần lau là đi hết,NEU
size áo quá nhỏ ,NEU
Hình ko giống trong ảnh cho lắm,NEU
Shop phục vụ khá tốt nhưng áo bị bung chỉ khá nhiều Đóng gói sản phẩm chắc chắn,NEU
chưa gửi cho mình cái này😂,NEU
quần mỏng chứ ko dày ,NEU
lại chọn mẫu rẻ tiền giao ,NEU
Shop nên ktra trk khi giao hàng,NEU
Mình cao m50 mà mặc k hề bị dài,NEU
"Áo rộng và vải giãn tốt, chỗ hổng để vạch cho con ti hơi to nên mặc có bị lộ chút bụng",NEU
Vải dày dặn hơn mong đợi,NEU
gia van con cao qua,NEU
"Vỏ gối bị xù lông nhiều, chỉ dùng được 2-3 ngày là xù hết ra luôn k dùng được nữa. Ruột gối thì chất lượng bình thường",NEU
"Mình đặt combo 300 túi nhưng chỉ nhận được 1 gói, ở ngoài bao bì ghi là x100 túi, mình nghĩ đáng lẽ phải có 3 gói như thế? Mình chưa đếm nhưng mình nghĩ chắc cũng 100 là cùng vì gói khá nhỏ, vậy khả năng cao là shop giao thiếu chăng?",NEU
Giao ko đúng màu.đặt màu hồng mà s giao màu gạch.ko OK lắm.chất vải thì ok,NEU
vắt không khô nói chung ko ưng lắm,NEU
chất lượng sản phẩm tạm được shop phục vụ tạm được ,NEU
chất vải đẹp  mát nhưng hơi dễ nhàu  hàng giao nhanh  màu sắc có khác so với trên ảnh một chút làm em tưởng nhầm màu  v ,NEU
Giá tiền so với chất lượng tốt hơn rất nhiêgu,NEU
Tuy nhiên giao hàng quá chậm,NEU
"ko sạch lắm, ko bằng viên cũ",NEU
sao áo ko giống hình tí nào ,NEU
Nói chung là ok,NEU
Mơiw mua có chút mùi nhựa. Phải. Để 1 đên 2 tuần sau mới sử dụng được,NEU
chất lượng sp phù hợp vs giá tiền ,NEU
Đèn sáng mãi ko tắt.bực mình rút luôn ra,NEU
Trong ảnh là chất đũi nhưng ngoài thì lại là vải thô,NEU
fb   phạm võ ,NEU
Tạm cho 3 sao vì chưa dùng nên không biết hiệu quả. Nhưng áo có đúng một lớp không biết có bị thấm khi đi mưa to không. 3 sao thôi,NEU
Áo trắng bị dính bẩn,NEU
hàng chất lượng  sẽ giới thiệu bạn ủng hộ shop ,NEU
Giầy đẹp nhưng đơn nào cũng thiếu hàng,NEU
"Mình đặt 2 set 6 vỉ(12 viên), tổng là 12 vỉ (24 viên). Shop chuyển 3 vỉ 4 viên (12 viên). Đề nghị gửi bổ sung.",NEU
Bỏ ra triệu bạc mua đôi giày nó cũng khác biệt thật,NEU
giao hàng đúng hẹn  2 ngày là có ,NEU
"Đặt áo size s mà giao nhầm m, cũng may là mặc đc, thoải mái",NEU
quần như hình ,NEU
K hiểu sao lại ra màu trắng Trận châu,NEU
Về nhà nó mở ra xem thì bị nó hốt luôn 1 cái,NEU
Quả không gọn không như mình tưởng phí tiền,NEU
hàng đẹp nhưng áo hơi to ạ mình mặc nhưng cổ hơi bị rộng quá ,NEU
"sản phẩm có kích thước đúng như quảng cáo, êm.
Tuy nhiên sản phẩm bị rách như hình, nên cảm thấy chưa hài lòng.",NEU
"Đệm sột soạt, nhấn lún lắm. Nói chung là bình thường, giao màu ngẫu nhiên nên mẫu nhận được không ưng lắm, vỏ đệm liền ko tháo ra giặt được",NEU
bt ,NEU
tôi là người cực kì kỹ tính khi mua hàng online  ,NEU
mon an nay do qua,NEU
đóng gói sản phẩm bằng túi ni lông mỏng nên khi cắt bị cắt vào áo  ,NEU
vì miếng dán ở vợt cam khó chịu quá nê 3 sao gỡ mệt,NEU
Vải hơi tệ,NEU
Nhưng cổ váy rộng dành cho người khoảng 70kg,NEU
sản phẩm mới và đầy đủ linh kiện ,NEU
tiền nào của náy ,NEU
Nhầm đơn nên hơi lằng nhằng chút xíu,NEU
mình m68  bụng hơi rộng nhưng dài quần ok  d ,NEU
"sản phẩm tương đối đẹp. Nhưng hơi nhỏ, khi hít sẽ có cảm giác lung lay, không chắc chắn lắm.",NEU
ok c ,NEU
đóng gói sản phẩm rất đẹp và chắc chắn chất cũng bt ,NEU
mình mua trừ hao cho bé lấy size to lun mà vẫn bị siết 2 bên đùi ,NEU
đóng gói sản phẩm rất đẹp và chắc chắn áo kiểu sọc cổ v bị chật k bt shop co gui lộn size k ,NEU
Thời gian giao hàng rất nhanh,NEU
"Giao hàng nhanh, sản phẩm ok, không thích lắm khi shop gói sản phẩm trong bọc chứ không phải trong hộp vuông thôi",NEU
mua 2 đôi nên chia ra tầm giá đó chấp nhận đc ,NEU
quần hội rộng ,NEU
khung ráp có vấn đề về kích thước nên đóng mặt nạ vào k ăn,NEU
"Dùng một thời gian thì lớp sơn bên ngoài bị tróc dễ dàng nhưng chất lượng giữ nhiệt thì ok, tạm hài lòng vì cũng không cần quá đẹp :-/",NEU
"Rất tốt , rất an toàn cho vật nuôi và người sử dụng",NEU
bao vải 30k mà mỏng lét mỏng le ,NEU
Giao thiếu sp này,NEU
Thời gian giao hàng quá lâu,NEU
Chúc shop buôn bán tốt nhé,NEU
"Sp chất lượng không như mong đợi, phủ lớp bọc rồi trải ga bên trên thì bị lem màu của sp ra ga giường",NEU
"Đệm mỏng, cũng tạm đc mặc bó chặt,",NEU
chất vải mỏng   khg đẹp ,NEU
Mới mặc là tróc chữ,NEU
tiền nào cũa náy ,NEU
"Chưa dùng , sau khi dùng sẽ đánh",NEU
Đường may chưa cẩn thận,NEU
"chất lượng không cao, vặn vít vào là gỗ nứt ra",NEU
Áo vẫn tốt nhưng sai mẫu không biết do shop nhầm lẫn hay do hết hàng lấy mẫu khác thay vào mà không hỏi ý kiến gì cả,NEU
Nắm tay cầm ko cách nhiệt. Nóng phỏng tay.,NEU
giao 2 cái đen  trắng ,NEU
Tội cái lì đúng nghĩa á lau mãi mới hết 😂😂,NEU
shop nhiệt tình ,NEU
tay áo hơi ngắn ạ ,NEU
Đóng gói sản phẩm rất đẹp và chắc chắn .và đẹp,NEU
giao đôi xám gót xanh lá ,NEU
chất bình thương  giao nhầm mầu chọn số 2 giao số 3 ,NEU
ok ,NEU
Nói chung vs giá này thì tạm ổn,NEU
"hơi mỏng và khá yếu, nhưng cũng rẻ",NEU
Gối mỏng. Ko rõ có phải là ruột cao su non hay ko mà ép ko chắc,NEU
"cây to vừa vừa, thấy cũng khoẻ cây nh ko đúng màu hoa",NEU
"Chất vải khá ổn, độ co giãn tốt, mặc thoải mái, không bị cuộn lại",NEU
Nhưng nói chung tiền nào của lấy,NEU
giống hình nhưng vải mỏng tiền nào của nấy giao hàng nhanh ,NEU
thanks   ,NEU
"Đệm kính bóng, nhiều mùi keo hơi keo đeo vào cay mắt",NEU
nhưng size của trẻ em hơi rộng một chút ,NEU
sỉze hơi bé chút ,NEU
dù có 5k nhưg mất uy tín ,NEU
Tiền nào của đấy thôi,NEU
nói chung tạm ,NEU
Chưa sử dụng nên chưa biết chất lượng ntn,NEU
"sản phẩm dành cho người có tuổi thì hợp lý hơn, mình đạp 1 lúc là cuồng đạp nóng ran",NEU
ko đàn hồi vết gập,NEU
nếu mua nên giặt tay để không bị xù   ,NEU
Sản phẩm sử dụng cũng tạm dc,NEU
Haizz Thời gian giao hàng rất nhanh,NEU
Tam on.sai m to qua,NEU
"nấp của đồ lau bị bể khi vừa mới lau được 1 tuần, cây lau không chắn chắn dễ bể và dễ hư",NEU
ko sắc. dùng ko ok lắm :),NEU
chất lượng sản phẩm tuyệt vời đóng gói hơi sơ xài ,NEU
Shop ổn nhưng chưa hoàn hảo,NEU
áo xinh chất đẹp  mỗi tội thân dưới hơi rộng trong khi mình béo 55kg ,NEU
Ai muốn mặc váy 1 lần thì mua,NEU
"Không tốt, chỉ mới ráp vặn ốc thôi mà đã bị nứt,",NEU
nấu hôi mùi nhựa nắp nồi.,NEU
Siêng giặt tay thì chắc mặc đc lâu hơn,NEU
tôi dùng xu nên đơn hàng còn 106 000 đ ,NEU
còn được shop tặng quà nữa ,NEU
bộ màu hồng chấm bi vải hơi mỏng nên mặc lên bị lộ vải lót túi quần màu đen hơi mất thẩm mĩ ,NEU
Quần hơi to,NEU
Chia sẽ tí kinh nghiệm với mọi người..,NEU
Mô tả của shop là dưới 55kg mặc được,NEU
I like it <3,NEU
Vải lót phía bên trong bị vểnh ra một xíu nơi cổ áo,NEU
"Chất mỏng, thích hợp mặc trong váy vào mùa hè",NEU
chất vải đẹp      ,NEU
Tiếc rằng hết màu thích ko thì sẽ lấy thêm,NEU
Vải k đẹp lắm nhưng cũng xứng với giá tiền,NEU
Vải xấu k dc đẹp lắm,NEU
ok đẹp doa shop ,NEU
chúc shop bán đắt nhé ,NEU
Mong muốn đổi trả và hoàn tiền sản phẩm chưa giao,NEU
Thanks shop nha,NEU
Chất lượng đồ bình thường nhưng shop ghi tên đồ mua là gì lên kiện hàng làm mình dị vs shipper dã man,NEU
khó lắp vặn mạnh nứt gỗ do gỗ ép.,NEU
shop nên may thêm lót vải bên trong    ,NEU
Dùng tạm thôi vì nó không được function như loại cọ cước thông thường.,NEU
"Đũa dep nhưng chất lượng thì thời gian sẽ trả lời. inox 304 như quảng cáo thì k ổn, vì vẫn hít nam châm(Shop giai thích )",NEU
Lần sau nên cẩn thận hơn,NEU
phích ghim vào ổ điện hơi lỏng lẻo,NEU
giao hàng chậm quá ,NEU
"Ko được dày dặn, chất liệu ko bền",NEU
hàng đúng hình ,NEU
Mới bóc thì đẹp,NEU
Chất lượng sản phẩm tạm được Giá cả chấp nhận được Thời gian giao hàng nhanh,NEU
Che phủ trung bình,NEU
ao trắng may cổ hơi bị bo chút chất ok ,NEU
Vải cũng dày nhưng đường may chưa đẹp nhe shop,NEU
"Mình test thử ở phần mắt thì che phủ tốt, không có tác dụng nhiều trên vết thâm mụn",NEU
chất hơi nóng ,NEU
Chảo nhìn đẹp như hình nhưng dùng bị sát chứ không chống dính,NEU
From k rộg như hình.Ở cánh tay hơi chật còn lại ok,NEU
Chảo quá nhỏ so với tưởng tượng,NEU
Tay áo hơi ngắn ạ,NEU
shop phục vụ rất tốt ,NEU
mặc dù khách quen mua hàng gần chục thứ rồi ,NEU
"Mình mua 5 voucher, 1 combo 2 và 3 lẻ",NEU
áo thun ra màu  ,NEU
"Thấy chảo nhưng ko thấy thìa đâu, giao hàng nhanh đóng gói cẩn thận.",NEU
chất liệu mềm mịn ,NEU
chất lượng sản phẩm tạm được shop phục vụ tạm được thời gian giao hàng tạm được ,NEU
Giá hơi cao,NEU
áo k mỏng cũng k quá dày cắt may đẹp chỉ mỗi tội shop k ghi rõ size trẻ em để khách lựa con m 24kg mà đã kêu trừ hao lấy size 25kg nhưng hơi chật size 5 này chỉ 22kg đổ lại thôi còn size 3 là ok ,NEU
Doi mau hong mang ko vua haiz Chất lượng sản phẩm tuyệt vời,NEU
áo hơi mỏng m 1m57 nặng 54kg mà vẫn hơi rộng xíu ,NEU
"Mình cao 1m50, 48kg nhưng mặc vẫn khá rộng nên mọi ng cân nhắc trước khi mua",NEU
lót to dày ,NEU
túi zip bạc  có gói chống ẩm  thêm cái muỗng nữa  thèmmmmmmm   có ai ngờ đó là cám  là cám nghen ,NEU
"Tấm nệm bị dơ phần viền và có mùi, kính mong shop chú ý hơn trong công đoạn đóng gói.",NEU
rẻ thế này mà áo đc y hình ,NEU
"(*) Đánh giá không tính điểm
thanh xốp đoang gói bị gãy gập, teo",NEU
Tạm dc,NEU
"Hàng đẹp, giao đúng lịch.",NEU
Cứ tin mình,NEU
Hàng như hình,NEU
Hình giống,NEU
"dùng khoảng 3 tuần thì bộ tính vòng bị loạn, lỗi",NEU
đẹp nhưng rộng quá ,NEU
"Áo đỏ ok, còn áo màu xanh khui ra bị bẩn đủ chỗ, k biết giặt có ra k nữa",NEU
Chất liệu vải thì ok,NEU
Quần ko co dãn bạn nào gầy mới mặc đc,NEU
không bền lắm,NEU
Đèn dễ thương nên mua thử,NEU
chất vải ok  shop giao hàng rất nhanh ths shop ,NEU
Tam on,NEU
chất vải rất đẹp  mình lấy size l hơi rộng định đổi nhưng chắc tự de ra tiệm sửa vậy ,NEU
"Độ bám không chắc, nói chung tiền nào của đó! ?",NEU
Đồ ok lm tg giao hàng chậm,NEU
hơi mỏng ,NEU
mình cao mét 7 nặng 55kg ,NEU
Sản phẩm tuyệt vời,NEU
"mỏng quá, dán không dính lắm. chắc là sẽ nhanh bong.",NEU
Áo màu trắng phải mặc thêm áo lót bên trog thì ok,NEU
vải co giãn tốt  form ok nhưng hơi nhiều chỉ thừa ,NEU
Chất lượng sản phẩm tuyệt vời Thời gian giao hàng rất nhanh.nkg áo bị mùi hôi như mùi hôi chuột ý,NEU
Nh lần sau mua cùng 1 mẫu nh áo màu đen vải k mịn như lần1 và rất nóng,NEU
ko chê vào đâu đc    ,NEU
còn về form thì chuẩn r ,NEU
Lần t2 lấy máy,NEU
chất lượng sản phậm tạm đc ,NEU
có áo bầu ko ạ ,NEU
Mình đặt thảm có định tuyến nhưng lại nhận được thảm không có định tuyến,NEU
hơi mỏng so voi sp mình mua o ***,NEU
chất liệu vải không nhăn nhưng đổi lại sẽ khó thấm mồ hôi ,NEU
Tôi đặt hàng từ 29/10/2018 đến nay (05/11) chưa nhận được hàng mà hệ thống đã báo giao thành công?????,NEU
"sản phẩm ok, giao hang hơi lâu, hơn 1 tuần mới có",NEU
Chất lượng chuẩn,NEU
Vải mỏng,NEU
b nên lắng nghe khách hàng với ,NEU
"vải che mỏng, hấp hơi nóng khi dùng trời nắng",NEU
Chất lượng không được tốt lắm. Dùng tạm,NEU
"Ánh sáng dễ chịu, bé dễ buồn ngủ, nhưng cảm ứng k hoạt động, cắm vào là sáng 24/24 luôn",NEU
Áo ngắn hơn so vs mẫu mặc nhiều lắmm,NEU
"Giao nhầm màu, kích thước k đúng, nhưng đc cái sp chất lượng nên tạm chấp nhận",NEU
Ko có nắp để uống nước và ko có dây treo,NEU
"Dùng đc, nóng tại nắp nên tản nhiệt nhanh, dùng đc trong ngày",NEU
Lấy XL nhưng vẫn vừa ng vì form bé thật @@,NEU
bạn giao hàng nhầm cho mình rồi  mình đặt màu trắng  bạn giao màu xám ,NEU
"Bình thì không có gì chê, nhưng đóng gói như này là dở rồi :(( Thà không dùng hộp các tông còn hơn. Để như này nó bị va đập bên trong.",NEU
"shop ơi, một bên thì kéo dài ra được một bên thì không, lúc không đưa lên tường thì vặn được còn đưa lên tường thì vặn vào không đc. Mong shop đổi hàng",NEU
chất lượng sản phẩm tạm được giá cả chấp nhận được thời gian giao hàng nhanh ,NEU
Ok lắm lun nha,NEU
mình mặc bị cộc ,NEU
nhận được rồi nhưng có chỗ xước ,NEU
Đúng mẫu,NEU
chắc do mình quen cỡ tiêu chuẩn quốc tê              ,NEU
Tạm ổn,NEU
Nhưng phù hợp giá tiền rồi,NEU
Chất lượng sản phẩm bình thường,NEU
Chất liệu vải phông bình thường,NEU
tạm chấp nhận tuy không giống hình là mấy ,NEU
"Fix lỗi tốt, không cần thêm iccid nữa, bỏ vào cái bỏ ra là có sóng",NEU
"nhìn không được giống như trên hình, còn nhỏ nữa, nhưng cũng dai😓😓",NEU
hộp ghi hàng dễ vỡ mà giao nát tan lun . đc cái chất lượng ok kiểu giáng như hình,NEU
chất lượng sản phẩm tạm được  ví khá nhỏ  các ngăn chỉ để được thẻ chứ k để vừa cmnd giá cả chấp nhận được giá cả chấp nhận được ,NEU
"Chất lượng sản phẩm tạm ổn , hàng thực tế ko hoàn toàn giống trong ảnh",NEU
"(*) Đánh giá không tính điểm
Đèn bị lỗi
Bấm tắt trên điều khiển nhưng vẫn sáng đèn",NEU
rất hài lòng  cảm ơn shop ,NEU
Kính không tốt như mong đợi,NEU
mình mặc khá chật  đặc biệt là cổ và tay áo không dài lắm ,NEU
Máy hoạt động tốt nhưng Máy không có Bluetooth,NEU
"mẫu mã đẹp, chắc chắn đúng như mô tả nhưng nắp khóa bình mới dùng vài ngày đã mất tác dụng khi đóng khóa mà vẫn bất nắp như không có khóa.",NEU
sợ đồ cho bé ,NEU
Hài lòng,NEU
Lõi lọc bị cao. Nước phải luôn đầy mới thấm hết cafe và ủ dc.,NEU
ok hàng tốt và chất lượng,NEU
Ao co 1sire ha shop,NEU
Đường may cũng ok,NEU
nhưng ship hàng quá lâu ,NEU
Chất lượng ổn nhưng sai m thì bố quá,NEU
Chưa giặt nên không biết có bị giãn nhiều không,NEU
nên mua giá hợp lí ,NEU
"Hơi đắt(lúc mình mua là 350k)
Được cái đẹp",NEU
Đặt này giao khác k hài lòng. Kiểu giao cho mình làinhf có rồi,NEU
"Màn hình nhìn thẳng bị mờ, khó thấy",NEU
Hương thơm nhưng tác dụng đuổi muổi k rõ ràng lắm,NEU
"Túi mini gọn, dễ thương",NEU
"Đã nhận được hàng. Hình như chất lượng ko được như lần trước minhd mua. Gói hàng ổn, giao hàng nhanh",NEU
Ngực mình nhỏ nhưng bản lưng to nên mặc vừa 😂 bầu ngực thì hơi dư xíu nhưng ko sao,NEU
đợt này hơi bị mỏng,NEU
khong nhu y muon cua rieng toi,NEU
Dây cầm quá nhẹ. Bàn đạp cũng nhẹ nốt.  Ghế gập bụng thì cót két. Dc mỗi cái vòng xoay eo. Phụ nữ tập thì tạp chấp nhận dc. Gọi là tập cho vui chân vui tay. Chứ còn đàn ông 70kg tập chắc 1 tuần là hỏng tanh bành.,NEU
nắp chặn  bằng nhựa uống nước ngọt hay nước có mùi dễ bị ám mùi,NEU
"Giữ nhiệt ko tốt, chất liệu nhựa cảm giác ko xịn. Khá ngạc nhiên, vì mình xài mấy bình locknlock loại khác thấy ổn hơn nhiều!",NEU
hàng tốt nhưng giao hơi lâu 20 ngày ,NEU
võng hay bị nghiêng nằm lệt 1 bên,NEU
đầy dây kết bị lỗi hay bị tắt chập chờn phải cố định lại,NEU
Vải tạm ổn nhưng dính vết mực bút,NEU
hàng y ảnh ,NEU
vải ko quá đẹp  mặc mát  với mức giá này chất lượng rất hài lòng ,NEU
Không thấy p  co mùi thơm gì 🥲,NEU
mình test thử ở phần mắt thì che phủ tốt  không có tác dụng nhiều trên vết thâm mụn ,NEU
sản phẩm bình thường  kg thấm hút tốt lắm,NEU
Đường may ko đẹp lm,NEU
áo đẹp nhưng vải hơi dày và hơi nhỏ ,NEU
loại gì   ,NEU
đặt hàng size 32 ,NEU
Cúc bọc vải chuẩn loại 1,NEU
"Váy đẹp, vải thì mình thấy pha nilon nên hơi nóng",NEU
Shop kiểm tra đơn hàng NJVTK893007171 của e có 1 vòi lavabo bị lỗi em đã gửi đổi lại đc chuyển hàng lại chưa nhé???,NEU
Tạm đc Thời gian giao hàng rất nhanh,NEU
hàng đẹp lăm y hình ,NEU
nhầm đơn nên hơi lằng nhằng chút xíu ,NEU
đăng ảnh rõ ràng từng sợi len đến khi gửi thàng nỉ ,NEU
Áo này ai eo con kiến mặc siêu đẹp,NEU
màu hồng. :))])))))))))))))),NEU
máy bạn mua đồ lót tốt nhất đừng mua rẻ quá tiền nào của đó nha ,NEU
chất lượng cx tạm ổn,NEU
Feedback nà \😂,NEU
váy đẹp  chất vải đũi mỏng  đường may ẩu khg chắc chắn ,NEU
tạm đc tien nao thi cua đo thoi ,NEU
Shop bao hàng cẩn thận đợt sau nhé :),NEU
"Khi nhúng nước lạnh, khăn nén nóng lên từ bên trong lõi, khi vắt vẫn nóng ấm nên mình cảm thấy hơi sợ, không biết có hoá chất gì không? Mình đã tuwng xài khăn mặt nén, kích thước nhỏ (thương hiệu khác) thì không gặp vấn đề này.",NEU
"Đóng gói kém, ảnh rách, hộp bị méo",NEU
sẽ ủng hộ shop lần sau ,NEU
"mua 2 nệm mỗi chiếc mắc hơn 100 ngàn so với các shop khác( cùng cỡ cùng loại,cùng nơi sản xuất...)",NEU
tạm được túi áo bị tuột len ,NEU
"Các dây đeo may quá mỏng mảnh, và chiều cao đai quấn thấp khó chịu được sức nặng trên 60kg",NEU
chất ok nhưng đặt sz m lại giao s ,NEU
giày ngầu vl mua đi ae hihi ,NEU
"Bề ngoài nhìn gọn gàng chắc chắn, về chất lượng thì đi 1 thời gian mới biết được",NEU
Mỗi áo 1 loại vải luôn,NEU
Dóng gói sp chua dẹp,NEU
Chất lượng kém không như quảng cáo,NEU
dây deo ko chắt nên ko ôm sát mặt,NEU
Hình mờ,NEU
Dùng ko như kong đợi,NEU
đen thôi đỏ quên đi nhưng ksao  đã sửa và mặc vẫn ok ,NEU
mua 2 cái và 2 chất vải khác nhau ,NEU
chất lượng sản phẩm tuyệt vời đáng đồng tiền chất lượng sản phẩm tạm được ,NEU
đặt một màu ghi một màu xanh nhưng lại giao 2 màu xanh     ,NEU
áo nhỏ  vải mỏng ,NEU
Hôm trước mình đã mua màu xanh rồi,NEU
áo không giống mầu của hình ảnh ,NEU
chán chà buồn mặc   chả buồn đổi vì lỡ giặt rồi ,NEU
sản phẩm giống với hình ,NEU
"bình thường thôi mà , xài tạm được",NEU
Quần của mk bị rách 1 chút mk sẽ tự khâu lại dc nhưng hơi buồn. 😞,NEU
Tuy nhiên chỉ vừa với mấy bạn dưới 50kg thôi,NEU
hộp hơi trầy nhưng hàng đóng gói kĩ ,NEU
minh nhận đc hang quần ko ok bi rách ,NEU
Có cái dây trong để trong bao nylon nhỏ hơi bị nhàu nhưng mình ít dùng dây trong nên cũng chấp nhận được,NEU
mua màu da và đen nhưng gửi về 2 cái đều màu đen cả ,NEU
bánh ngon ,NEU
cl sp binh thuog ,NEU
chất lượng sản phẩm tuyệt vời chất lượng sản phẩm rất kém ,NEU
"Xà bị trượt khi gắn lên tường.
Shop có tư vấn là dùng thêm miếng lót mà mình thấy không hợp lý lắm vì phần mô tả sản phẩm có gắn được lên tường.",NEU
Không giống mẫu mã cũ kể cả chất lượng và bao bì.,NEU
Ok,NEU
hơi nhỏ so với mình nghĩ ,NEU
Nhưng gửi chậm quá,NEU
bông lau không thấm nươcd lắm.lau không sạch lắm,NEU
Hàng y hình,NEU
cũng tạm được giao đúng hẹn,NEU
"Nên khỏi suy nghi phân vân khi chọn sản phảm nha,",NEU
Vải rất mỏng,NEU
Giao hàng thiếu vòng treo trẻ em! Đề nghị Shop ktra đơn hàng và giao phầm còm thiếu!,NEU
Áo xinh như hình,NEU
"Hiện tại thấy tốt, phù hợp túi tiền",NEU
pó tay ,NEU
Đeo 1 lúc bị  ngứa chân nên ko thoải mái,NEU
Giao thiếu hàng . Ko có mà vẫn im lặng giao,NEU
"Chất liệu bình tốt, nhưng nắp bình thì mùi nhựa rất nồng, dùng nhiều lần không hết, có cảm giác là dùng vật liệu không an toàn, khá là sợ ảnh hưởng sức khoẻ.",NEU
Lưới vợt có vài chỗ xước...........................,NEU
"Cây lau không nhúng vô ngăn nước lớn bên ngoài được vì khoảng hở giữa 2 ngăn quá nhỏ, vậy bắt buộc phải làm ướt đầu lau ở ngoài trước rồi mới đưa vô vắt, mình không hiểu như vậy thì đổ nước vô thùng để làm gì, ai biết làm sao chỉ giùm với. Xin cảm ơn.",NEU
may k thẳng đường cho lắm  đằng sau lên dáng k đẹp ,NEU
tao áo ngắn và nhỏ ,NEU
"Không thích chất liệu nắp, mỏng manh đậy không chắc chắn",NEU
Mua nhưng chưa dùng nên không thể đánh giá được,NEU
shop cho hẳn mỗi áo 1 màu ,NEU
"Sản phẩm dùng ổn,độ dính cũng tạm chấp nhận.",NEU
"tạm ổn, thùng quay nhẹ, nhưng cây hơi yếu",NEU
chất lượng k như mong độie,NEU
"Dùng được 1 tuần, chuột có hiện tương giật giật. Lúc đc lúc mất, hoặc bị delay. Đã kiểm tra pin (thay thế pin với 1 con chuột khác), đã thay đổi lót chuột nhưng vẫn bị. Không biết lý do tại sao?",NEU
mua 2 lần rồi ,NEU
mùi nước hoa dị quá ,NEU
Shop phục vụ tạm được,NEU
Vì nếu shop k nhận đổi qua ib mình có thể cancel đơn và đặt lại cũng đc,NEU
"Mức tẩy trung bình, không thật sự hiệu quả",NEU
Màu áo ở ngoài hơi tối hơn trong hình,NEU
tạm đc,NEU
Áo ko đẩy mấy chất thì đẹp Chất lượng sản phẩm tạm được,NEU
đó giờ chỉ mua legging của cheap thôi ,NEU
nhưng nói chung cũng tạm ổn so với giá tiền ,NEU
shop giao thiếu 1 quần  chất vải ổn so với gía tiền ,NEU
"Hàng dùng tạm được, đầu bơm khong chuẩn",NEU
Không như kỳ vọng! Vứt bỏ,NEU
Giẻ lau ko thấm nước nên khi lau nền nhà bị vệt nước,NEU
mình lấy 2 tất màu trắng và 2 đen sao shop giao cho mình 4 tất màu đen vậy ,NEU
Chất lượng sản phẩm tốt; Đóng gói sản phẩm chắc chắn; Thời gian giao hàng nhanh; Mỗi tội màu đậm hơn ảnh và những gì mk nghĩ,NEU
chất lượng sp tốt   ,NEU
Nhưng mình to nên hơi chật xíu,NEU
thấy đẹp cẩn thận nhưng chưa thử    ,NEU
màu da khác màu đen nhiều điểm  quai áo dày dặn hơn  không có khoá cài sau  lót trong cotton không phải chất su cả áo ,NEU
quần hơi to ,NEU
"Điểm cộng: Bình thiết kế đẹp, giao nhanh.
Điểm trừ: Sử dụng mới dc 2 tuần nắp rời ra 3 phần. Mình muốn bảo hành sp k biết dc không",NEU
"Áo ko dày quá cũng ko mỏng quá, chất liệu ổn, dáng đẹp mỗi tội ống tay hơi to :)))",NEU
shop đưa nhần sz 42 cho em,NEU
"Ngoài việc giữ nhiệt tốt và bền thì còn lại không hài lòng lắm.Bình dung tích nhỏ, khá nặng, uống nước không được bao nhiêu nhưng xách đi xách lại khá nặng nề. Nắp silicon rất dễ bám bẩn và hầu như nhìn lúc nào cũng bám bụi.",NEU
"trước mắt thấy ok vì:
1) tạ sáng bóng, k sờn tróc
2) tập thử thấy ok, vặn vào chắc chắn
3) Giá cả ok nếu dùng được lâu dài
4) đường kính lỗ là Phi 28-30 có thể vừa với dàn tạ Dùng tạ gang, tạ nhựa. chứ mấy dàn tạ ở Kingsport dùng tạ thép vỏ Cao su phi 50-60 rất khó kết hợp, vì đưa tạ vào vào thanh cầm phi 28 sẽ lỏng lẻo! 

Nhưng có mấy cái lăn tăn:
1) có vẻ k fai là thép k ghỉ, mà chỉ được mạ lên, nên k biết được lâu không, k dám va chạm mạnh sợ tróc lớp mạ
2) thương hiệu Trung quốc, không biết có phải hàng Trung Ương hay không?? vỏ hộp có vẻ ọp ẹp, k biết do quá trình vận chuyển hay do chất lượng thương hiệu.
=> Nếu bền được k hỏng hay gỉ gét, tróc lớp mạ : 1-2 năm thì 2 sao. 2-3 năm là 3 sao. trên 3 năm thì là 4 sao., trên 4 năm là 5 sao. Dưới 1 năm là 1 sao!",NEU
Không hài lòng. Cuộn giấy nhỏ xíu. Chất lượng bình thường,NEU
"chất tẩy nóng, nhưng k công dụng nhiều",NEU
Oke,NEU
Không hiệu quả lắm. Kiến vẫn còn,NEU
"Thiếu 1 chân đế, chỉ thấy 3 cái",NEU
chất lượng sản phẩm tạm được đóng gói sản phẩm tạm được giá cả chấp nhận được ,NEU
chưa sử dụng nên không thể đánh giá được chất lượng sản phẩm ,NEU
nó chỉ có màu xanh thôi chứ cũng tác dụng sạch bồn cầu nhé.,NEU
chất lượng sản phẩm tốt  tuy nhiên ship quá cao mình đặt tổng đơn hàng gần 200k  ship tới 47k giảm 13k mình thấy vẫn còn cao  trong khi các shop khác tốn ship đã giảm còn 20k ,NEU
Dùng code nên được giảm 50k trên tổng bill ^^,NEU
"bánh xe bị dít ko trơn, mượt",NEU
nói chung là tạm ổn ,NEU
Sản phẩm giống như qcao,NEU
"SiZe 36 mà sao nhỏ quá,mặc chật quá.k thấy ghi size ở đâu",NEU
Okkkkkk,NEU
tạm đuóc ,NEU
sản phẩm đúng với thông tin đăng tải ,NEU
giống hình form hơi rộng ,NEU
đồng hồ hiển thị ko chính sát,NEU
túi nhỏ gọn  tiện lợi  nhưng mỏng và dễ rách ,NEU
màu đổ đô vải đẹp hơn các màu khác ,NEU
Dùng được nhưng không xuất sắc. Có điều tầm giá này cũng chấp nhận được.,NEU
Tại hơi còi nên mặc hơi rộng xíu thôi,NEU
"Ý kiến cá nhân của em là classic ko hợp với dây cao su kiểu này lắm, fr sẽ hợp hơn",NEU
sản phẩm kg như quảng cáo,NEU
sản phẩm bình thường keo dán bị rơi không dính chắc,NEU
Áo nhỏ ngắn ko mặc vừa,NEU
Shop phục vụ tam ổn,NEU
"Mục đích là đuổi chuột ra khỏi nhà nhưng sản phẩm này chỉ đuổi chuột ở khu vực giới hạn, đuổi chỗ này nó vào chỗ khác.",NEU
Mép viền nhựa bung keo và dầu.,NEU
"thơm, nhưng ko đuổi muỗi.",NEU
vải nóng ,NEU
Một vài cái bị tróc sơn xíu. Cũng phù hợp giá cả.,NEU
"Chất lượng sản phẩm kém , Giá cả chấp nhận được Thời gian giao hàng nhanh",NEU
áo hơi nhỏ và ngắn nên phù hợp với các bạn nhỏ nhắn hoặc gầy nhé ,NEU
Quần co dãn tốt,NEU
size xl mà ngắn quá ,NEU
Cổ áo may hơi lệch chút,NEU
"Sản phẩm bình thường, thuỷ tinh không trong, sáng như hình. Thành hũ dày, nắp đậy vừa khít.",NEU
ncl ổn so với giá ,NEU
Ưng ý,NEU
áo chất liệu vải hơi cứng ,NEU
Vợt mỏng manh rất hay chập điện,NEU
vải hơi mỏng như câu tiền nào của nấy  ,NEU
giấy thơm quần áo dùng thơm rất ok,NEU
chất lượng sp ,NEU
mua lầm đây là đồ chơi của trẻ con ,NEU
Hình ảnh không giống sản phẩm mô tả,NEU
shop nhiệt tình  giao hàng nhanh ,NEU
"Đóng gói đẹp- gọn gàng trong thùng, bao bì chống sốc tận 3 lớp mở mỏi tay lun",NEU
Sản phẩm nhìn ổn nhưng thiếu phụ kiện,NEU
"Miếng dán có xíu mà hơn 10k là hơi mắc. Ko có hdsd nên chưa bt xài sao nữa? Kéo ko ra, cứng ngắt à shop?",NEU
"Thời gian giao hàng nhanh, chịu khó gọi điện nhân hàng, chất lượng tạm ổn, bass chưa đc hay lắm, trebe rõ",NEU
Trong đầu kêu đặt màu đen trơn,NEU
Hay bị trượt xuống ko biết cách nào để giữ cố định được,NEU
sản phẩm ok vs giá tiền ,NEU
M ko lắp đc vào chân gương :)) m xe sirius,NEU
"Tiki giao thiếu mình cái chụp của đoạn cuối. Nhờ Tiki gửi giúp mình nhé, thanks",NEU
Tuy nhiên có dấu hiệu xé bọc giấy bên ngoài ảnh hưởng tới da của ví,NEU
Chứ ngồi bốc hết lâu lắm,NEU
Ko ra cái gì tẩy ố ko sạch,NEU
Vì không nâng mấy,NEU
đóng nguyên hộp như vậy nhiều khi giao hàng sẽ ko nguyên vẹn đc hộp ,NEU
em là nam k biết dùng có hiệu quả k  ,NEU
hàng y hinh ,NEU
"nhìn hơi nhèo, không như kỳ vọng",NEU
nhưng mỗi lần con té đập đầu em sót lắm...😭,NEU
thời gian giao chậm ,NEU
Vải mềm co giãn tốt chỉ tội là o có túi trc,NEU
Nhưng chắc do mk béo vai nên mặc k đẹp,NEU
Sản phẩm còn nguyên tem,NEU
không như mong đợi lắm ,NEU
Nhưng không đáng kể,NEU
Lan sau rut kinh nghiem,NEU
hiện tại nghe to rõ  ,NEU
bạn nào còn suy nghĩ thì cứ mạnh dạn nhé ,NEU
Mua 2 đôi,NEU
màu không giống với hình  chất lượng sản phẩm tạm được ,NEU
Mình mua khăn 70*140cm mà giao lại là 65*120cm.,NEU
nhà mình tường mốc nên dùng màu trắng này hơi lộ. hihi,NEU
nhưng gói hàng còn sơ xài ,NEU
Thời gian giao hàng rất nhanh... nhưng bung hàng ra thi co vài trai banh bị bể,NEU
như mấy áo bt ,NEU
đóng gói túi bóng cũ xấu vvvvvai,NEU
"Đóng gói chắc chắn, chưa sử dụng, chưa thể đánh giá gì thêm.",NEU
Áo tạm đc,NEU
chất lượng sản phẩm tạm được tay áo k như hình trong hình là hai ống tay áo lồng vào nhau mà ở đây là tay nối cái này chợ m bán có 35k tưởng như hình thì mới mua ,NEU
"dùng tạm được, nhưng thanh kim loại nhanh rỉ sét quá.",NEU
hài lòng với bộ này ,NEU
"Chất lượng sản phẩm tuyệt vời,tuy nhiên áo màu trắng kiểu khác hình ,màu nude thì thành như m nâu xanh",NEU
nói thì nhiều vậy thôi chứ khá ưng ý ,NEU
"Shop gửi ô bị lỗi, rách như hình. Ô ko đc căng đẹp như quảng cáo. Mình đã hoàn lại hàng và tiki đã ck trả tiền mình.

Mua hàng trên tiki giải quyết hoàn hàng nhanh và gọn hơn nhiều so với ***, mình đã ưu tiên chuyển sang sd tiki nhiều hơn.",NEU
dáng áo ok ,NEU
shop phục vụ khá tốt tuy nhiên chất vải không co giẫn  mặc có vẻ nóng ,NEU
vì m đã lắp sim và bấm nhận hàng rồi ,NEU
Hehe,NEU
"Vải thì ok, đg may ok",NEU
lúc pha k chảy mà bé bú đc mấy hơi là chảy sữa  ,NEU
shop nch rất dễ thương và nhiệt tình ,NEU
Chất lượng bình thường. Chất lượng bình thường,NEU
Cho em xin địa chỉ để em đổi nha chị,NEU
ok nhưng không tháo ra giặt được,NEU
"Dây nhẹ, chắc chắn, có thể điều chỉnh độ dài tùy ý. Dùng rất tốt. Bộ đếm ko đúng lắm, ko có hướng dẫn sử dụng đi kèm và cũng ko có bảo hiểm hay pin thay thế nếu như bị hỏng",NEU
nói chung được hài lòng ,NEU
Chỉ đẩy được vật nhẹ. Không vừa lòng,NEU
Ko tốt lắm và hơi nước ko đều. Chảy nước,NEU
Đặt màu đen gửi màu da,NEU
màu kẻ đậm k đẹp lắm,NEU
Để là mua 2 bình được khuyến mãi thêm 1 bình uống nước nữa mà kg thấy đâu ?,NEU
giao hàng lâu đóng gói sản phẩm rất đẹp và chắc chắn vậy là ok rồi sp như ảnh ,NEU
rất tiếc mặc ko vừa  phải có size xl thì tuyệt hơn ,NEU
em mua size to nhất nhưng vẫn chật lắm ạ ,NEU
"Tẩy trắng oke nhưng nguy cơ hư hại đồ đạc cũng cao, mình xịt vòi nước inox mà chỗ ố vàng chỗ lại trắng tinh tươm ko hiểu luôn, giờ ko biết xử lý sao cái vòi, xài hết chai này r thôi chứ ko can đảm mua lại, xài loại tẩy vừa là dc rồi, này mạnh quá.",NEU
Chất lượng tạm đc,NEU
"mình đặt 1.8m nhưng khi bơm thì chỉ hơn 1.6m mà thôi
cũng may vì vách dài quá sẽ khiến bể võng ra ngoài khi đổ 2 vạch rưỡi nước, do nhựa khá mỏng. Kinh nghiệm là phải bơm căng bể sẽ chịu áp lực tốt hơn, đỡ biến dạng thành bể
Nói tóm lại, mình hài lòng với nhu cầu dù vẫn có cái chưa ưng ý",NEU
Tiền nào của nấy nên ý kiến vậy thui..,NEU
đeo tức mắt ,NEU
Bình có hơi rám sơn cũ kiểu để lâu ngày trong bọc nhưng do sale cũng k đòi hỏi hoàn hảo đc,NEU
"Sản phẩm bị lỗi, nắp k bật ra được.",NEU
"Sản phẩm khác xa với hình ảnh trên Tiki, chất lượng không được tốt.",NEU
Được,NEU
chất hơi rão nhưng cũng tạm tiền nào của đấy ,NEU
giao hàng đúng yêu cầu ,NEU
Cái áo đen gì mà có 3 cái nút à mặc mà mát luôn người,NEU
"Tư vấn không nhiệt tình,sản phẩm bình thường",NEU
"Chất vải áo tạm ổn, mỏng hơn áo màu đen, thích hợp mặc vào ngày thu",NEU
Sản phẩm dùng được. Cám ơn nhièu,NEU
ao chất đc nhug shop đua hàg lỗi   thủ tục đổi hàng cũng qa fiền fức  form áo nhỏ   dáng ngắn   43ki 1m53 fai mac size m mới vừa   muốn thoải mái dài hơn tý fải l  áo bị nhiều vết loang như thấm dầu vậy  ở tận tphcm fí ship cũng khá cao   bằng 1nửa giá áo ,NEU
"Eh, vote 4* vì nghe đồn nhiều nơi hàng kém chất lượng bắt khách vote 5* mới cho đổi hàng :/",NEU
"Bình của mình bị bung phần đế cao su do bất cẩn của bên người bán. Còn lại bình sử dụng tốt, mình thích màu sắc đỏ đen.",NEU
áo đẹp  giống hình ,NEU
Hàng trông như đã dùng rồi. Bị nứt,NEU
Chỗ cắm siêu chập chờn cảm giác dễ gây chập mạch,NEU
Dây áo hơi to :(( hiuhiu,NEU
ngăn hơi nhỏ ,NEU
Vải tạm được,NEU
"Chuột click êm, tiếng rất nhỏ. Tuy nhiên không hiểu sao con lăn của mình cảm giác lỏng lẻo vô cùng, khi để tay lên con lăn hay khi cuộn thường phát ra tiếng tách tách nhỏ nhưng khó chịu. Không rõ mỗi con chuột của mình như vậy hay con nào cũng thế cả.",NEU
"Good, hàng chất lượng, đóng gói kỹ",NEU
nhưng thích kiểu dáng áo màu đen hơn ,NEU
chất áo mỏng so với hình...,NEU
Mong Lsau shop cẩn thận hơn,NEU
giao thiếu 1 áo cagidan của mình     ,NEU
Thiếu 1 cái lót giày,NEU
chất lượng chưa ổn nha shop ơi,NEU
Để khoan bê tông là hơi yếu.mũi khoan vừa khoan phát đầu đã gãy,NEU
Chất lượng sản phẩm tạm được tại sao hình đủ 5 màu mà shop chỉ giao màu đen màu xám màu trắng cho mình vậy,NEU
hàng y mẫu ok ,NEU
Giao hàng thiếu chân pin kết nối chỉ là led màu thường,NEU
chất lượng sp tạm được thời gian giao hàng nhanh ,NEU
"Áo mỏng lộ áo ngực bên trong rất rõ ,nhưng bù lại vải trơn tru",NEU
Chưa khuôi dùng,NEU
"Cây inox nhìn mỏng manh,,ko biết có ổn ko",NEU
Cây lau hơi yếu. Nhất là bàn lau. Xoay chưa êm ái,NEU
Vừa ống nhưng ko vừa lưng ☺,NEU
orthe nhưng cũng nha ,NEU
đóng gói sản phẩm rất đẹp và chắc chắn  và đẹp ,NEU
giao hàng nhanh  nhưng k đúng mẫu chọn  chất vải tạm được ,NEU
e chẳng biết nói j ,NEU
áo vải mịn mà sai l to quá nữ mặc hơi rộng ,NEU
Chuột dùng ok nhưng đèn k hề sáng. Hình như bị đứt dây đèn hay sao đó. Tiki ktra lại giúp mình,NEU
mùi hơi ghê ,NEU
Kb giặt có phai màu k nhưng thui giá rẻ vẫn vote shop,NEU
"Điểm trừ duy nhất là son có mùi của nước hoa hồng, mình thì ko thích son có mùi 😢",NEU
yến sam ,NEU
bạn nào cần liên hệ sp mình nhé ,NEU
Vải ọ,NEU
yếu pin được gần 2h là hết.,NEU
giỏ ko được chắc lắm thanh sắt nhỏ hơi yếu,NEU
đẹp y hình ,NEU
mua sản phẩm nhận đuoc rồi mà sao ko tích lũy su được shop,NEU
cơ bản cũng tàm tạm  thanh sắt hơi mỏng  nhưng so với giá tiền thì phù hợp  ko đắt cũng chẳng rẻ ,NEU
nhưng màu sản phẩm k đúng như hình quảng cáo  side xl rộng như xxl vậy ,NEU
Đã mua nhiều lần,NEU
form lên khá ưng  màu đẹp nhưng chất k thấm mồ hôi nên khá bí  nhưng e vẫn cho 5  vì chất lượng phục vụ onl chu đáo  cả vì shipper của ghn đẹp trai nên thích          ,NEU
"Sau 1 tháng dùng thì thấy ổn, chưa biết tốt không",NEU
Áo hơi ngắn,NEU
"không hiệu quả, xịt rất nhiều nhưng chuột vẫn vô",NEU
Cái nắp ở trên xài 1 thời gian bị xúc ra,NEU
"Hàng bình dân, không đẹp như mong muố",NEU
Đóng gói sản phẩm chắc chắn,NEU
"dễ chùi rửa vệ sinh, giữ nóng hoặc lạnh tốt. Điểm trừ là chỉ bị cọ xát một chút đã bị trầy rồi.",NEU
dùng tạm duoc95 mà pin ko duoc lâu,NEU
nhưng mình cũng có xíu góp ý dành cho shop  là nên phân loại size s/m/l   thì sẽ phù hợp hơn với khách hàng ,NEU
sp đúng như hình dùng rất tốt.,NEU
Lắp khó quá huhu .xcxxxxxxxxxxxxxxxx,NEU
Chất vải hơi mỏng nhưng nói chung cũng tạm chất nhận đc,NEU
"Lúc mua thì rất háo hức nhưng khi nhận xong, sử dụng thấy quá rườm rà, và không tiện lợi, đầu dẹp để lau khá nhỏ, làm tiết diện tiếp xúc k nhiều, nhưng lau thì rất sạch, đồ bấm nước để vắt khá cứng gây bất tiện",NEU
Chất vải mát,NEU
Nắp đậy ở đầu tạ không kín và bị lệch,NEU
Hơi nhỏ nói dưới 58ky mặc đẹp,NEU
"Nhờ ng nhận hộ nên không ktra hàng
Bình bị méo rồi nè shop ơi",NEU
Hơi rộng và bản nhỏ nên hơi khó dùng,NEU
phun xong sau 3 ngày vẫn đầy muỗi như chưa từng phun. đã từng dùng loại này nhiều k có hiện tượng này. chất lượng thuốc k tốt như các đợt đã dùng trước đây,NEU
Không ghi lưu ý nhưng shop vẫn gửi quần màu khác nhau :3,NEU
sản phẩm như hình mẫu  giao hàng nhanh ,NEU
"Băng quấn quá cứng, gây đau cổ tay",NEU
"Cũng tạm dc thôi, phần băng keo dính chưa dc chắc chắn, có thể vì mình dán rất sát chỉ chừa kẻ hở rất nhỏ nên dễ cọ và rơi ra phải dùng tay đè lại khi thấy hở",NEU
chất thì cg đc ,NEU
tóm lại mặc vẫn ok nhé ,NEU
Dat do dai giao do ngan,NEU
"Dây ngon
Mà giao lâu *** nồi :(",NEU
Đã nhận,NEU
"shipper k chuẩn bị tiền lẻ, 76k thu luôn thành 80k =)))",NEU
đặt 2 cái 1 trắng 1 đen  giao 2 cái đen ,NEU
dây đeo mỏng manh k dc ok lắm ,NEU
Có 32bit và 64 bit nữa,NEU
"Sản phẩm khi dùng mùi hôi, khó chiệu",NEU
đặt một mẫu đã nhắn tin gửi ảnh cho shop cũng như chọn đúng màu vậy mà shop vẫn giao nhầm bộ khác ,NEU
Không ra màu,NEU
chất lượng sản phẩm tốt đóng gói sản phẩm chắc chắn shop phục vụ khá tốt thời gian giao hàng hơi chậm ,NEU
hị hị ,NEU
"Bình giữ nhiệt rất tốt nhưng sơn thì dở quá, dùng mới hơn 1 tuần thì có dấu hiệu bị tróc sơn, mới đầu tưởng đâu do mình làm trầy nhưng không phải, có dấu hiệu bị nhám tay mình cào nhẹ thì tróc sơn ra, mình mua 2 sản phẩm lock & lock khác nhau và cả 2 đều có dấu hiệu này.",NEU
chất lượng sản phẩm tạm được thời gian giao hàng rất chậm ,NEU
áo mỏng  ,NEU
chất hơi mỏng ,NEU
Chất liệu chất dạ mỏng ko giống vs lần đầu mình mua sz L,NEU
mà mỏng tiền nào của nấy vậy ,NEU
"Keo dán ko dính vào tường, dễ bung",NEU
Đúng chất vải thô đũi,NEU
váy trong tạm đk  vest ngoài chất xấu quá  màu k như trong hình ,NEU
Áo hơi nhỏ mặt dù mình đã chọn size L,NEU
"Không hiệu quả,chưa đuổi chuột được",NEU
Hơi nhỏ so với đầu ng lớn nhất la với nam hợp v trẻ em,NEU
áo mỏng quá  phù hợp giá tiền ,NEU
"Mình đặt hàng màu xanh, sau đó có muốn đổi thành màu xám đậm, có ib shop để đổi màu, shop ok đồng ý rồi nhưng vẫn gửi màu xanh, hơi ko thích điều đó",NEU
Nhưng shop cho làm cúc cài thì bền hơn,NEU
Da nhiều khuyết điểm thì k nên dùng,NEU
tiền nào của nấy ko long lanh như hình đâu ,NEU
Không thấy nhãn hiệu Aolikes trên sản phẩm như trong hình,NEU
Chất liệu đẹp,NEU
sản phẩm cũng được gửi nhanh,NEU
dây ngắn hơn so với thực tế,NEU
Nhận hàng nhưng k rõ là tại sao chuột đã bị khui khỏi hộp đựng? Có ten của DGW nhưng ten lại dán ngoài vỏ hộp đựng. Chuột đã bị bóc khỏi hộp đựng của nhà sản xuất nên k biết có phải chuột chính hãng k? Đề nghị đơn vị bán hàng giải thích để khách hàng có cái nhìn khách quan và tin tưởng hơn Tiki trading! Tôi là khách thường xuyên mua hàng trên Tiki nhưng lần này tôi nhận hàng thấy không yên tâm có phải là sản phẩm chính hãng?,NEU
"Sản phẩm dùng tạm được, mình vệ sinh máy giặt lồng ngang thì phần ron vẫn không sạch",NEU
Nên chọn đúng size,NEU
Đã nhận hàg. Chưa biết có bền hay không. Hy vọng OK.,NEU
"Sản phẩm không nhạy, cảm biến kém",NEU
Sản phẩm được giao giống như quảng cáo,NEU
áo được nhưng hơi bé ,NEU
sp còn đang trải nghiệm  điểm trừ lớn nhất bán hàng điện tử k có bill hay phiếu bảo hành gì đi kèm ,NEU
giao hàng nhanh  ,NEU
đánh giá 3 sao ,NEU
nếu 50 thì phù hợp với chất liều chứ 100 thì hơi quá hỉ ,NEU
bạn nào 1m65 tro lên thi mac sẽ bị ngắn ,NEU
chất liệu vải được  đóng gói sp mh k thích lắm ,NEU
Chưa gieo nên chưa biết chất lượng,NEU
tưởng rộng lắm  ai dè k như mình nghĩ ,NEU
chất lượng sản phẩm khá tuyệt vời ,NEU
"Túi nhỏ, quai ko chắc chắn lém, có mùi hôi nhựa nhìu",NEU
"Mẫu như hình,chỉ là chất vải hơi mỏng shop ạ,e phải may thêm 1 lớp nữa mới mặc đc ấy ah..",NEU
Áo đẹp,NEU
OK,NEU
Còn một cái mặt vừa mà cái nách nó chật khép lại k được,NEU
Nhung khog phải gỗ,NEU
giao thiếu cái đai cho mình r shop ,NEU
Đẹp nhu hình,NEU
quần phù hợp với giá tiền  10 quần 10 màu thì thích hơn nhưng 10 quần chỉ đc 8 màu 2 đen 2 da  ,NEU
"xửng khá lỏng lẻo, dùng một vài lần bắt đầu hơi bong",NEU
"Đơn hàng 220k phí giao hàng 123k, hài",NEU
shop nên ktra trk khi giao hàng ,NEU
"Shop đóng hàng chưa kỹ, 1 chai xịt bị chảy nước trong quá trình vận chuyển",NEU
ao nho qua  ko nhu nhin thay  đóng gói sản phẩm chắc chắn thời gian giao hàng nhanh ,NEU
"Không như hình, ko chắc chắn rất dễ lật. Nếu nhà ai có con nhỏ thì nên suy nghĩ lại😥. Nhưng giao hàng nhanh, đóng gói kỹ.",NEU
dùng cũng tạm ổn. so với giá thành là dùng được,NEU
Chảo sản xuất tại Trung Quốc,NEU
Giao hàng hàng nhanh sản phẩm đẹp nhưng hơi khó làm sạch vì vải lướ,NEU
"mình đặt 3 set trơn, nhưng chỉ 1 set là mẫu trơn như quảng cáo. 2 set còn lại tất cả đều có hình mèo (hơi mỏng). đóng gói OK",NEU
Tạm được túi áo bị tuột len,NEU
vải ok nhưng lót ngực hơi mỏng  đường may ok ,NEU
ko biết nói ntn nữa  chuột vẫn chạy bt qua keo mà ko bị dính  đánh giá sao thấp thì shop mất điểm thi đua  thôi để lương tâm của shop tự nhận sao vậy hix ,NEU
"Áo form rộng như hình, đẹp quá",NEU
"Chất vải ok nhưng shop gửi sp bị lỗi 1 chút, hi vọng lần sau mua hàng shop kiểm tra kĩ hơn",NEU
chuột cắn phát hư luôn 36k,NEU
Ko dc tiện dụng lắm. Giẻ ko vắt dc khô nước nên lau nhà vệt ướt,NEU
"Chất lượng sản phẩm kém, vừa mua đã hỏng không giặt, vắt được. Đã báo trả hàng.",NEU
chat luing bt ,NEU
ko dk như trong ảnh ,NEU
Khô gà ngọt quá,NEU
Đóng gói sản phẩm chắc chắn,NEU
nên mặc chỉ đc 1 time chứ dài lâu hơi khó ,NEU
sản phẩm ko có mút  hơi mỏng giá cả chấp nhận được ,NEU
"Sf k kèm ống hút, tay cầm gắn cố định ở phần nắp bên trong chứ k tháo rời đc.
Mình khuyên k nên mua sf này. Có phiên bản khác tốt hơn.",NEU
Thời gian giao hàng rất nhanh Rất đáng tiền Thời gian giao hàng rất nhanh thiêu mât 1 chiếc áo vang rôi shop ạ,NEU
kb giặt có phai màu k nhưng thui giá rẻ vẫn vote shop ,NEU
Gói hàng gửi k có chống vỡ nên 1 lọ bị nứt,NEU
sz s nhưng to may lại thì mặc đẹp nhưng ,NEU
"Cái này không dùng được với bộ lau nhà lock lọck, chất lượng trung bình. Khá lỏng lẻo. Nếu các bạn đang phân vân nên chọn lock&lock. Mình phải dùng bông lau của l&l",NEU
"shop à, mình đặt màu tím , shop giáo màu hồng nhạt   cái màu nó nhanh dơ :(((   mà trông cx hơi mỏng nhất chứ",NEU
vải đẹp  ,NEU
"Ko thấy sạch gì hết, ngâm xong chất bẩn vẫn còn nguyên.",NEU
mua hàng lần thứ 2 rồi nè ,NEU
Ko rộng như trong ảnh,NEU
"Tôi mua nhầm cỡ, và mua thành 2 sp giống nhau,  giờ tôi muốn đổi lại  cỡ và đổi sang một sp khác thì tôi phải làm ntn, đề nghị phía tiki và gian hàng hỗ trợ. Cám ơn nhiều.",NEU
shop nói tặng quà để bù cơ mà không thấy gì ,NEU
form ko giống hình  tạm đc ,NEU
màu xấu qá  nhìn mắc chán luôn ấy ,NEU
"Mặt vợt chất lượng không tốt, khi đánh bóng quá nảy và không có độ đầm vào bóng.",NEU
chất lượng bt phù hợp với giá tiền ,NEU
"Giao hàng nhanh , đóng gói không hợp lý ( gập đoi sản phẩm) nẽn bị gãy và bong keo ở giữa !!!!!!!",NEU
vải trơn  mỏng ,NEU
khá dài ,NEU
Chưa xài nên chưa đánh giá được,NEU
"sản phẩm giống y hình, bàn đẹp nên hôm nào mình cũng muốn học luôn á??",NEU
xà phòng không nghe mùi thơm cho lắm  thoang thoảng thôi ngửi kĩ mới thấy nhưng mà lọ cute với đóng gói kĩ ,NEU
áo dễ thương  nhưng cổ không giống hình ,NEU
Mua thêm cái nữa,NEU
so với giá tiền 50k mình thấy ổn  vải khá đẹp  mềm  áo giống hình ,NEU
Mk k thích co dãn nhg lên dáng cx ok,NEU
Bình thường,NEU
Để 3 cặp mà giao có 3 thanh vậy,NEU
Mua cái 5mm mà giao cái mỏng tanh như 3mm. Bạn chung công ty dùng cái 5mm dày hơn hẳn,NEU
đổ không có tác dụng thông,NEU
áo y hình nhưng chất hơi xấu ,NEU
Bình của mình bị vỡ nắp dù mình có khóa nhưng khi có sự cố thì nắp bị bung ra và vỡ... Bạn nào hậu đậu thì lưu ý điểm này nhé!,NEU
dỏm.dỏm dỏm tệ tệ tệ tệ xấu xấu,NEU
"Đặt thêm kem lau túi, lúc mở hàng thấy có cả khăn buộc túi và ví đựng card, mỗi tội ko biết buộc khăn như thế nào cả",NEU
chất lượng hợp vs giá tiền ,NEU
Nói chung chất lượng ổn so với giá tiền,NEU
Mình chưa biết cách quấn như thế nào- cần có hướng dẫn,NEU
"Hàng đẹp, chất mà mình mặc hơi rộng",NEU
mình mua đựng mấy thư linh tinh đi dạo ,NEU
Dây chắc chắn nhưng hơi rộng,NEU
màu đỏ bên ngoài ko giống hinh ,NEU
ao khong giong hinh ,NEU
:),NEU
"Áo rất đẹp ,sang, mình rất thích nhưng tiếc là sanh bé xong mập quá không mặc vừa :(",NEU
Đường nét cạnh sản phẩm chưa được trau chuốt,NEU
"Quần đẹp, nhưg chất lượg spham hơi kém xíu",NEU
"Hình thức thì ok, nhưng chất lượng không tốt lắm, mới mua về chưa xài gì đã bị rách lưới vợt",NEU
"Quần giống hình nhưng ko có phần chọn size, shop mặc định gửi cả 2 cái sz M, m ko mặc đc vì bị chật, lẽ ra nên có phần chọn size cho phù hợp",NEU
Hơi nhẹ,NEU
không có gì để mà chê ,NEU
shop phục vụ rất tốt  giao hàng chậm hơn mong đợi  ,NEU
hàng tạm ổn ,NEU
"ly rất đẹp, chắc chắn, chỉ có điều khi bỏ hộp ko cẩn thận làm ống hút ly bị gấp lại giờ vẫn ko bung thẳng lại",NEU
quần size l mà m 56kg mặc hơ kích  ,NEU
len chất hơi cứng chútnhưng vẫn mặc ok ,NEU
"shop uy tín và có giấy tờ hẳn hoi, ok cảm ơn nhé",NEU
thời gian giao hàng chậm đặt hàng lâu  chất lượng ổn phù hợp giá ,NEU
Dây tốt nhưng  Đồng hồ hiện thị sai.,NEU
Mua cây rồi giờ mua miếng lau ko ra ... haiz...  ngay cả ra shop lock & lock cũng không có hàng,NEU
Lưới quá trùng. Phải căng lại lưới mới gần bằng tiền mua đôi vợt.,NEU
giày cũng được thích hợp với giá tiền hàng dc đóng gói kĩ,NEU
quần jean eo co 70 71 ma sh bảo 75 lam minh mac chật   com sp thì ok ,NEU
đóng gói túi bóng cũ xấu vvvvvai ,NEU
tuy nhiên size ko giống mô tả ,NEU
"Chưa sử dụng nhưng nhìn sp đẹp, chắc chắn, nhưng thời gian giao trên 1 tháng và họp sp ko còn nguyên nên cho 3 sao.",NEU
"dùng chưa đc 1 năm thì chuột trái có dấu hiệu liệt, như vậy có được bảo hành hay ko ? Mình mua nhà cung cấp tikitrading",NEU
đặt hàng 2 ngày ko thấy giao ,NEU
cũng ok. nhưng khi mở hộp thì vỏ bên ngoài sơn bị tróc,NEU
Minh mua ve cung de ko,NEU
Bị mất ren đầu ra của vòi nước khi siết nhẹ,NEU
"Chất vải rất đẹp, mình lấy size L hơi rộng định đổi nhưng chắc tự de ra tiệm sửa vậy",NEU
chất vải có chút không như mong đợi ,NEU
Không phu hợp với nhu cầu sử dụng,NEU
"Vẫn bị mua giá cao, khi mua số lương nhiều...",NEU
"Áo y hình, chất mềm mại Thời gian giao hàng rất nhanh Rất đáng tiền Shop phục vụ rất tốt",NEU
rất tiếc là mình không mua được lúc giảm giá ,NEU
Sử dụng ko hiệu quả hsbssna,NEU
Chứ t k chấp nhận cái giá vài trăm mà sale còn 72k đâu ạ:)),NEU
Shop phục vụ rất tốt,NEU
"Tưởng rộng lắm, ai dè k như mình nghĩ",NEU
"Chỉ bị tuột, rách nhiều chỗ",NEU
vải mỏng quá shop ạ ,NEU
"Theo mình thấy,diệt mối chưa đạt hiệu quả nhanh",NEU
ủng hộ shop dài dài nè ,NEU
thời gian giao hàng chậm  đóng gói sản phẩm rất đẹp và chắc chắn rất đáng tiền ,NEU
"bình thường, với tôi không phải là cao cấp",NEU
Túi nhỏ hơn so với trên hình Chất lượng sản phẩm tạm được,NEU
Nhưng ở trong hơi thất vọng 1 tí xíu bởi vì lót cặp bằng vải bố,NEU
"Máy chạy được, đuổi gián, nhưng vẫn ko đuổi chuột",NEU
shop khắc phục kiểm tra kĩ hàng trước khi giao cho khách ,NEU
Bình giữ nhiệt tốt nhưng rất dễ trầy.,NEU
mỗi tội hơi nhiều chỉ thừa     ,NEU
chất lượng sản phẩm kém   giá cả chấp nhận được thời gian giao hàng nhanh ,NEU
Size áo ko chính xác,NEU
Vải hơi mỏg,NEU
Hơi mất niềm tin,NEU
Sản phẩm không tốt lắm....,NEU
không đc đẹp như iron man đỏ ,NEU
Mua 2 chiếc của shop..1c rất đẹp còn cái còn lại thì bị lỗi.. nt thì shop k trả lời thật sự thất vọng..đây là em mua hộ bạn nữa mà shop làm nv e kb ns ntn :(( lúc chưa mua thì tư vấn đủ kiểu lúc mua báo hàng bị lỗi là shop lại im lặng như kiểu chưa có gì xảy ra,NEU
Tặng kèm quà nữa :),NEU
"đèn nhỏ chỉ cỡ 1 ngón tay, trông hơi xấu như đồ chơi trẻ con vậy, rẻ nên chịu vậy",NEU
Nhìn ảnh mẫu có vẻ dài n nhận z thấy hơi ngắn,NEU
Đang hít nó rớt xém gãy chân,NEU
Nói chung với giá ~70k thì cũng không đòi hỏi gì được,NEU
Đặt size s giao M,NEU
dán cục wifi được mấy hôm thì bong ra. cả 2 cục wifi đều bị nằm đất mấy lần. dùng tốt cho điều khiển điều hòa.,NEU
Chất lượng cũng ko tồi,NEU
"Chất áo đẹp , đóng gói đẹp nhưng k hài lòng vì vạt áo tay áo bị quăn vào còn lại rất hài lòng",NEU
Đẹp y hình,NEU
"Tạm ổn, mùi oke, đóng gói Oke",NEU
"Chất lượng sản phẩm tuyệt vời Shop phục vụ rất tốt Rất đáng tiền Thời gian giao hàng rất nhanh Shop gói hàng kém quá, tới tay mình cái hộp rách toạc ra rồi",NEU
Chất lượng sản phẩm tạm được Áo bị phai,NEU
mong là giảm kg nhiều nhiều chút nữa ,NEU
tốt,NEU
k có màu đã chọn nhưng đc ,NEU
Size nhỏ,NEU
"tạm ổn, dây hơi mỏng, độ kháng cho nam sẽ là hơi yếu",NEU
"Chán chà buồn mặc , chả buồn đổi vì lỡ giặt rồi",NEU
giày lên form đẹp ,NEU
Tốt lắm shop nhé. Thank you,NEU
vải hơi mỏng nhưng thấy không bị lộ nhiều ,NEU
"Yếu, chỉ dùng đc cho vật nhẹ",NEU
"Mình mua sản phầm này và các sản phẩm khác tổng số lượng là 6 cái vậy shop giao thiếu cái này, Trên bill xuất ra thì thấy ghi có 5 sản phẩm, sau đó ghi bổ sung sản phẩm này vào nhưng không bỏ hàng vô hộp",NEU
Hộp màu bị méo và hơi rách,NEU
Mặc tạm thì ok,NEU
Màu hồng lỗi pha vs màu cam,NEU
Phân phát cho không họ bảo không dùng loại này,NEU
nỉ ,NEU
Chất vải hơi nóng,NEU
Chất lượng vải mỏng,NEU
"Sản phẩm bình thường , xài tạm ổn",NEU
haizz thời gian giao hàng rất nhanh ,NEU
Màu sắc ổn. Bơi trong nước nhìn khá rõ,NEU
Váy ngắn quá,NEU
mk cũng đâu đòi trả lại hàng đâu ,NEU
Vải mỏng Giá cả chấp nhận được,NEU
"Cây lau nhà bị thiếu 1 bánh xe, có đổi dc sp khác ko?",NEU
Kp chất da giày hơi rộng mặc dù đặt size thường hay đi Chất lượng sản phẩm tạm được,NEU
Shop nhiệt tình,NEU
váy trong tạm đk. vest ngoài chất xấu quá. màu k như trong hình,NEU
hình ko giống trong ảnh cho lắm ,NEU
Rất khó bơm vào bạt lửa. Xì ra ngoài nhiều.,NEU
Áo hơi mỏng . như hình.dep,NEU
Áo đẹp mềm nhưng hơi hôi keo Đóng gói sản phẩm rất đẹp và chắc chắn,NEU
Vì khong tiện lắm khi sử dụng,NEU
Đều là Vol Clay 2018 mà,NEU
shop nên để lỏng thôi ,NEU
Nắp bị móp thế này. Tiki hỗ trợ đổi như thế nào ạ?,NEU
có điều bao bì bị rách ,NEU
Vai áo bị rộng áo dáng k đẹp Đóng gói sản phẩm rất đẹp và chắc chắn,NEU
Hàng hãng chuẩn fullbox :x,NEU
"Thảm bị trầy, giao thảm ko có dây buộc",NEU
"Mẫu mã đẹp, cây chắc chắn nhưng không xoay được 2 đầu nên khá bất tiện.",NEU
chất vải khá ổn  áo đẹp lắm nha các bạn  giao khá lâu     ,NEU
Bắt muỗi kém,NEU
sản phẩm tốt  nhưng ship sai màu ,NEU
đầm siêu hở ngực ,NEU
thi moi vua a ,NEU
Cần lắm lời giải thích quà tặng đi kèm đâu ạ?,NEU
"Sản phẩm phát ra tiếng ồn két két sau 1 lần tập khoảng 1000step đầu tiên, màn hình máy k hoạt động, máy bị khập khiễng phải chiêm giấy vào 1 bên chân thì mới OK",NEU
Chất lượng tương đối,NEU
chất lượng tương đối thoi à,NEU
Áo khác không giống hình chất lượng sản phẩm tạm đượ,NEU
"Mình đã lắp đặt cây theo hướng dẫn  sử dụng  nhưng không xịt nước ra được, chỉ bị chảy nước nhỏ giọt. Nhờ Tiki cho kiểm tra sản phẩm đổi giúp mình nhé.",NEU
"Hành trình click chuột quá ngắn, phản hồi kém. Click dễ dính chuột 

Cảm giác cầm nắm thoải mái

Phù hợp bạn nữ có bàn tay to :))",NEU
giá niêm yết trên chai là 51k. mà mua của tiki lại là 76k. hóa ra bị đắt. sp thông cầu nên cũng ko biết có thông dc gì nữa. dùng tạm dc.,NEU
Sản phẩm dán vào cửa đôi khi bị sứt ra mặc dù đã vệ sinh và lau sạch chỗ cần dán,NEU
quần mới mua chưa mặc ,NEU
Tiền nào của nấy hic hic,NEU
"Đóng gói không kỹ, mở ra thấy một chân bị gãy phải lấy keo 502 dán lại",NEU
Gối màu nâu nhưng mền màu hồng,NEU
"Nhìn màu đen cũng ngầu
Mút đệm khá êm
Dụng cụ = sắt nên khá chắc chắn ( theo thời gian dùng sẽ rõ hơn)
Giao hàng sớm hơn dự kiến 2 ngày.
Điểm trừ là 2 bên không cao bằng nhau @@ 
Đang tìm cách khắc phục =))
3 sao ***",NEU
hang khac xa voi hinh ,NEU
chăn dùng hơi nóng........,NEU
Mua lần 2,NEU
kệ nên khoan sẵn để bắt vít tiện hơn,NEU
Không thực sự hữu dụng lắm,NEU
"Bình thường trong tầm giá. Không hài lòng hai điểm: 1. nút miệng bình không biết được làm từ gỗ gì mà rất hôi dù đã luộc nước sôi, 2. không có thương hiệu hay logo trên bình nên không biết hàng thật không nữa.",NEU
Chất vải dày dặn,NEU
vãi đẹp nhưng hoi mỏng  ,NEU
Nó hơi rông hơn so voi sai,NEU
Đã đọc hết tất cả đánh giá của người mua trước nên quyết định mua lên 1 size,NEU
mình thất vọng vì phần dây giày không như mình tưởng rằng nó sẽ dầy dặn nhưng dây lại quá mỏng và ngắn  ,NEU
"Tôi hài lòng với sản phẩm kính bơi cho trẻ em này. Hàng chất lượng, bao bì gói cẩn thận.
Lần sau nên gom hàng chuyển 1 lúc thì hợp lý hơn.",NEU
chất lượng tạm đc vải ko co giản lắm ,NEU
Chủ hoi nho,NEU
shop uy tín từ a tới z ,NEU
Đắt quá ggggggghggggggggghg,NEU
minh1m58mac m hoi bị ngắn  ,NEU
áo mút mỏng  ko nâng ,NEU
để e trang trí rồi chụp tặng shop hình ,NEU
ai co mua quan ao online ,NEU
giao hàng nhanh nhưng k có găng tay,NEU
thinh thoang có 499k ,NEU
Vải thô cứng và lỗ to muỗi có thể vào được,NEU
"mình mua 1 em màu xanh.
hàng tốt. bấm êm.

mối nối chưa khớp. dán tem bảo hành quá ***.",NEU
Nhà tui kiến nhiều khủng khiếp lun á,NEU
"giao hàng sai sản phẩm. mua vợt bóng bàn, thì lại giao giày đá bóng ... hix 
Đã phải *** phía tiki để xử lý thu hồi lại sản phẩm.",NEU
"Nhựa mỏng, không chắc chắn!",NEU
áo đẹp màu đẹp nhưng tay áo hơi nhỏ ai bắp tay to mặc hơi chật tay áo ak ,NEU
Jb cuteee minh con được tặng thêm 2c nữa ợ,NEU
màu hồng lỗi pha vs màu cam ,NEU
Chất lượng sản phẩm tạm được.hơi mỏng so với ảnh,NEU
áo có vài chổ bị dings màu nhưng vải oke ,NEU
vải hơi khác ,NEU
Mình dùng được 1 năm thì hỏng bình. Giữ nhiệt thấy cũng tạm ổn. Về độ bền thì đánh giá k tốt,NEU
lên tone nhẹ ,NEU
con sâu làm rầu nồi canh là vậy  ,NEU
Hiện tại nghe to rõ.,NEU
chất lượng oke ạ ,NEU
"Sản phẩm: 4 sao, vì đơn hàng giao từ HN vào SG nhưng chỉ bọc bằng bìa carton, bề mặt bàn đáng ra nên bọc thêm 1 lớp giấy hoặc nhựa để không bị trầy. Lỗ khoan sẳn để bắt vít bị lệch, khi bắt vít vô làm xuất hiện vết nứt.
Vận chuyển: - 2 sao, giao hàng quá lâu, dự kiến giao thứ 5 mà qua tuần sau mới giao, thời buổi dịch bệnh nhờ người khác nhận giúp rất phiền phức. Mình - 2 sao này ko liên quan đến sản phẩm, cái này thuộc về tiki và đơn vị vận chuyển.
Đền bù + 1 sao, tổng 3 sao.",NEU
lên web xiaomi check code thì đúng là pin zin chính hãng ,NEU
vải mỏng ,NEU
Mình sẽ tiếp tục ủng hộ,NEU
hộp cơm về hình thức đẹp nhưng khả năng giữ nhiệt mình nấu cơm từ lúc 7h sáng để đến 12h trưa cơm vs thức ăn gần như nguội chứ không nóng hổi như quảng cáo.mình muốn tiki đổi sang hộp mới giúp mình,NEU
ăn cũng đc mình dùng để nấu cháo lấy loại dẹt lại hơi to ,NEU
thỏi son nhỏ ,NEU
Áo hơi mỏng nhưng ko sao😁😁😁,NEU
Chat luing bt,NEU
Vải dày,NEU
Chưa mặc thử nhưng cho 5 Sao,NEU
"Bé trai mà giao màu cam hưởng phải đem cho, muốn đặt thêm 1 cái mà sợ mày nữ tính nữa",NEU
kem bên trong là màu trắng khác với kem ngày là màu vàng nhẹ .thời gian giao hàng chậm,NEU
dùng tạm được giá rẻ cho ba sao,NEU
Khi em đựng nước nóng thì khi dùng nghe mùi cao su và hơi nhức đầu sau khi dùng. Còn đựng nước lạnh thì không sao. Bên mình có thể trả lời em về vấn đề này được không ạ?,NEU
Đặt cùng 1 set 38 màu xanh nhưng quần nhỏ hơn,NEU
"thùng hơi mỏng, cây lao yếu, được cái quay rất nhẹ.",NEU
"hơi bị nhớt, rửa hao nước",NEU
Mới xài đi biển 1 lần đã đứt dây,NEU
Quan gen ma to qua chang gen bung dc,NEU
Hơi ngắn thân chút,NEU
Chất lượng vòng nhựa yếu khó tựa khi tập.,NEU
chất lượng sản phẩm phù hợp giá  ,NEU
Sắm cho nhà mới đủ đồ lun,NEU
Nho gon phu hop lau nha nho,NEU
Áo dễ nhăn ko mấy tự tin nếu phải ngồi ô tô,NEU
"Dùng tạm được ""””””””””””””",NEU
"Giao hàng đổ nửa chai! 
Nước xịt mùi thơm, côn trùng bay sạch ko con nào trong nhà nữa",NEU
mình chọn xanh coban  giao xanh da trời  nhưng không sao  cũng được ,NEU
Rất hài lòng với cách làm việc của shop,NEU
m mua 2 cái cùng size nhưng áo này hơi rộng xíu ,NEU
áo hơi mỏng nhưng giá như vậy là ổn rồi    ,NEU
"Cảm thấy giữ nhiệt ko đc lâu lắm ,đc cái nhẹ, cho trẻ mang đi học ổn",NEU
Tạm được so cới giá tiền,NEU
bình thường .................,NEU
"Ơ , áo trong hình có mút nhưng áo mình đặt lại kh có mút v",NEU
"Sp giống hình, thời gian giao khá lâu, nội thành HN mất 4-5 hôm",NEU
áo form lên đẹp nhưng hơi tiếc vì chất vải thô hơi ngứa ,NEU
gọi gọi cả ảnh luôn à ,NEU
mà ngại đổi trả hjc ,NEU
mau thi giong hinh nhug hog dep nhu hih.noi chug chi dc 50 phan tram trog hih thui,NEU
Thời gian giao hàng chậm,NEU
không đúng kích thước,NEU
tốt giao hàng nhanh nhưng đóng gói chưa kĩ và khi giao về tới nơi thì giày bị móp méo vài chỗ nhưng vì là giày vãi nên nắn lại đươc ,NEU
sản phẩm bình thường .k có gì,NEU
chiều cao mình đo chỉ được 71cm ,NEU
vải dày giống như hình ,NEU
Giá cả chấp nhận được,NEU
"Hình ảnh sản phẩm tặng một kiểu và thực tế một kiểu, còn sản phẩm mua thì ok",NEU
Chưa bắt được nhiều mũi lắm.,NEU
Áo đẹp lắm a,NEU
mỗi tội nhà giao hàng bị lâu quá ,NEU
Bình thường của rẻ là của hôi,NEU
đệm mỏng  cũng tạm đc mặc bó chặt  ,NEU
đúng theo tầm giá ,NEU
Sản phẩm bị lỗi. Mình mở túi ra và thấy thảm bị thủng 1 vết tnay,NEU
"nhìn chung là đc, giao nhanh",NEU
quần co dãn tốt ,NEU
cũng khá hài lòng hàng đóng gói ok,NEU
cung tam dc ,NEU
size áo ko chính xác ,NEU
Chất lượng sản phẩm tốt nhưng dán vào không khớp,NEU
check mã vạch k truy xuất được nguồn gốc của sp.,NEU
"chat lượng tạm, không kín lắm",NEU
Hàng bình thường,NEU
tạm ok  với  giá  tiền  đó,NEU
Giày dáng đẹp nhưng chất dễ chóc Đóng gói sản phẩm rất đẹp và chắc chắn phù hợp với giá tiền,NEU
Xin cảm ơn anh Dũng,NEU
"Shop phục vụ rất tốt, áo đẹp nhưng màu k như hình",NEU
sp dùng tốt  k biết có bền không ,NEU
hỏi nhiều nhưng trả lời ít  cảm giác k nhiệt tình ,NEU
Sp tạm được,NEU
hàng đóng gói kỷ nhưng dung tích k như giới thiệu,NEU
Chat lượng Ok,NEU
Giày ngầu vl mua đi ae hihi,NEU
Sản phẩm gần giống với hình ảnh Đóng gói sản phẩm tạm được,NEU
giao chậm quá        chắc do bên vận chuyển ,NEU
đơn hàng thứ 4 của mình ở leoshop ,NEU
Dghbbhjjnbđrbv về bb cả s fb hn b,NEU
Màu đỏ bên ngoài ko giống hinh,NEU
Đóng gói sản phẩm chắc chắn và đẹp nhưng chất liệu hàng mỏng so với giá thành,NEU
"Hàng bình thường, khá mát",NEU
quần khá ok chứ chưa đẹp lm ạ phải sửa đi mặc ms đẹp giao hàng nhanh ,NEU
Giường không chắc chắn lắm. khi đổi sang loại tốt hơn phải bù hơn 700k mới xài ổn.,NEU
"Bị hoài, hết tin nổi.Mắc công chọn mẫu hoa cúc, giao lông vũ.",NEU
Đeo tức mắt,NEU
Khá dài,NEU
"Sản phẩm bình thường hơi nhẹ phần đầu,không dùng một tay được",NEU
Thời gian giao hàng tuy hơi lâu nhưng không quan trọng,NEU
"điểm trừ duy nhất là phần chỉ may  nhất là ở phần tay  bị lộ ra ngoài nên nhìn hơi giống hàng ""chợ"" ",NEU
Rất đáng tiền,NEU
"Đèn bắt muỗi kém, sau vài tuần bóng ko sáng",NEU
Ng gầy thấp ko nên mua,NEU
vải mỏng đúng với giá tiền   kiểu thì y như hình ,NEU
còn một cái mặt vừa mà cái nách nó chật khép lại k được ,NEU
không thích chất vải lắm nhưng kiểu dáng ok đẹp ,NEU
Tiki gói hàng cẩn thận. Giao 5 ngày tới mà sản phẩm giao dễ tróc sơn. Vừa khui ra đã thấy tróc rồi,NEU
mỏng nhẹ nhưng dị ứng ngứa,NEU
có điều là áo hơi ngắn hơn ảnh ,NEU
giao hàng vui vẻ thân thiện ,NEU
Lâu lâu cũng nghe tách tách. Muỗi vẫn bay xung quanh phòng,NEU
Sp chưa sử dụng chưa biết chất lượng thế nào 😀,NEU
nhưng size tư vấn k chính xác mình mặc thử một chiếc hnay chật và bó đùi  lằn rất khó chịu nên không thể mặc lâu ,NEU
"Chất lượng sản phẩm tuyệt vời Đóng gói sản phẩm rất đẹp và chắc chắn Shop phục vụ rất tốt Rất đáng tiền Thời gian giao hàng rất nhanh, hộp hơi bị móp nên hơi buồn 1 xíu",NEU
em là con gái đi làm ngày 8 tiếng ko có thời gian ngồi rảnh để đi bịa chuyện ,NEU
"Mua cho bme mà bme nhận ko thích nói mỏng, ko chắc",NEU
Thời gian giao hàng nhanh Chất lượng sản phẩm tạm được Giá cả chấp nhận được màn như vậy là tạm ổn .tuy không được như kỳ vọng,NEU
chất lượng sản phẩm tạm được túi mỏng đựng rác phải 2 túi ,NEU
"form áo vừa vặn, tay áo hơi chật với mình",NEU
Hy vọng chế độ bảo hành tốt như shop nói,NEU
"Hàng như hình, đẹp, hài lòng",NEU
đã nhận hàng không giồng hình lắm nhưng nói chung là được so với giá cả ,NEU
shop giải thích cho mình đc ko ,NEU
đi học vẫn phải đẹp nhé ,NEU
mau giong hinh nhung mong ,NEU
Đóng gói sản phẩm rất đẹp và chắc chắn.Nhưng hơi chật so với minhg,NEU
làm theo hướng dẫn ok ,NEU
nếu đuôi tôm dài hơn xíu thì đẹp ,NEU
Chất oki,NEU
"bình thường
bình thường
bình thường
bình thường",NEU
"Tuy đường may rất đẹp nhưng mẫu lại hơi khác so với hình, đặc biệt là sơ mi nam",NEU
Tiền nào của nấy :))))),NEU
thời gian giao hàng vẫn chưa được nhanh chóng ,NEU
Vải Áo chưa thật sự tốt lắm,NEU
cơ mà tôi mua hôm nay  ngày mai shop làm flash sale là sao  ,NEU
"Nước ẩm quá shop ạ , ghi vào là rách giấy",NEU
Thời gian giao hàng nhanh phục vụ rất tốt 👍,NEU
Mong nhân viên bên shop soạn hàng kĩ hơn :),NEU
Thời gian giao hàng tạm được Shop phục vụ tạm được Giá cả chấp nhận được,NEU
sao mình dán mà nó rất dễ bị rớt ra,NEU
"Nhanh hỏng , giờ chỉ lau như 1 cán lau bình thường",NEU
hay ,NEU
Nhưng đề nghị bổ sung 4 túi bị xếp thiếu để đủ phục vụ gia đình,NEU
"Chổi này không khác gì những cây chổi không có thương hiệu Made in China khác được bán đầy trên thị trường với giá chỉ bằng 1/2 giá chổi Lock&Lock đã giảm. Cùng cây chổi y chang vậy mà thêm cái dòng Lock & Lock, giá liền được đẩy lên gấp 3-4 lần.
Vì nghĩ Lock & Lock uy tín nên đắn đo 1 hồi cuối cùng chọn loại có thương hiệu, ai ngờ tính già hóa non. Như bộ dao 6 món L&L được bán đầy trên thị trường với giá luôn sale tầm 150k mà mình được tặng, quá là tệ luôn. Xài  chưa được 1 tháng thì lớp tráng màu trắng bị trầy xước hết cả, cán dao thì thường xuyên rớt ra, 5 cây mà rớt cán hết 2 cây. 
Lock&Lock made in Korea thấy khá ok mà loại made in China rất là hên xui. Mình không biết rốt cuộc có phải chính hãng không hay lấy hàng China rồi yêu cầu dập mác L&L lên nữa.
Cũng may kỳ này mua chổi được tặng cái găng tay cao su L&L Korea siêu đẹp nên đỡ tuột mood.",NEU
chất lượng đc ,NEU
Ok trong tầm giâ,NEU
Nhưng mua mặc đỡ trong tháng ở cữ nên cũng ok,NEU
"Giá đắt hơn, chất lượng lại kém, keo xi măng bị chảy nước và dính tay, khó sử dụng",NEU
"tạm được... mới dùng hơi bó đùi,",NEU
áo hơi rộng ,NEU
hàng đẹp giá rẻ ,NEU
Quần kia cũng cỡ L mà dài rộng hơn,NEU
Dùng làm má hồng cũng được,NEU
nắp hộp vặn bị vênh không kín,NEU
Mình thì thích hơi rộng. 😁,NEU
Chất đẹp nhưng hơi mỏng,NEU
Kể ra ngực mà to lên 1 size nữa thì mặc hơi bị đẹp luôn,NEU
"Hàng giao nhanh, chuột nhận tín hiệu tốt, nút ấn êm không có tiếng clicky.
Chỉ có điều hàng ghi là silent plus nhưng lại gửi cho mình bản silent. @@",NEU
"Dây để đan hơi ngắn, đan đến cuối k thắt nơ đc 😣 hơi buồn",NEU
vải cũng dày nhưng đường may chưa đẹp nhe shop ,NEU
và shop ok ngay  1 tiếng sau đã giao cho nhà vận chuyển  hơi buồn một xíu là áo hơi xù lông một chút  chỉ thừa cũng nhiều nhưng vẫn ưng cái bụng ghê lắm à nghen ,NEU
"pin yếu, ngày nào cũng phải sạc mới dùng được,",NEU
Rẻ,NEU
Phù hợp giá tiền,NEU
shop phục vụ tạm được chất lượng sản phẩm tạm được ,NEU
"thảm hơi hẹp , còn lại ok",NEU
đóng gói chưa được ok lắm,NEU
"Khi cho nước nóng vào, nhiệt bị thoát ra ngoài ở phần miệng bình nhanh, nên khả năng giữ nhiệt không được tốt như kỳ vọng. Hình thức tạm được",NEU
bộ lọc k chất lượng cho lắm,NEU
băng keo dán không chắc. đèn không đủ sáng,NEU
"Giấy ko thơm như mong đợi, chưa sử dụng nhưng cảm thấy ko thơm bằng loại mình đã từng mua chỗ khác",NEU
"Lúc xoay nắp để mở và đóng có tiếng kêu không dễ chịu lắm, k biết có phải do bình mới hay không. Và nếu quai xách lỏng hơn 1 chút thì OK",NEU
giao hàng siêu nhanh  chất lượng ok  tư vấn nhiệt tình  nhưng áo giao có một sai xót  hi vọng lần sau shop kiểm tra trc khj giao kỹ hơn ,NEU
Sp rất ok .thanks shop,NEU
Ko ngửi thử còn sợ nó là tóc thật nửa á,NEU
"Chất lượng kem Che Khuyết Điểm tốt, thơm, độ che phủ vừa phải",POS
Giá nào thì chất ấy,POS
"SP đẹp, phù hợp với giá",POS
"Áo đẹp chất dày dặn, chị chủ tâm lý nhiệt tình",POS
Đẹp,POS
Chất lại còn dày dặn,POS
Đóng gói sản phẩm chắc chắn,POS
Đóng gói sản phẩm rất đẹp và chắc chắn,POS
Thanks,POS
Mua hàng của shop 1 lần hơn 1 triệu mà rất yên tâm và hài lòng từng sản phẩm,POS
Chất lượng sản phẩm tuyệt vời,POS
Ủng hộ shop dài dài ak 😆😆😆,POS
Chất lượng sản phẩm tuyệt vời Đóng gói sản phẩm rất đẹp và chắc chắn cj shop ns chuyện rất dw,POS
Giao hàng nhanh k thể tin luôn a,POS
"Túi dày dặn, chắc chắn nhưng trừ 1* vì đã note trong lưu ý là cho màu xanh nhưng shop gửi màu đỏ mà ko confirm lại trước cho khách",POS
Tuy màu hơi đậm hơn trên hình,POS
Tot,POS
Thấm hút tốt,POS
"Quần đẹp, chất đẹp Chất lượng sản phẩm tuyệt vời",POS
"Quần đẹp, đường may chắc chắn, vải mịn, quần đc đóng gói trong hộp nhìn rất sang",POS
sản phẩm rất hài lòng ạ,POS
"Giao hàng nhanh, chủ shop nhiệt tình, áo giống hình",POS
Tốt mua shop nhiều lần r,POS
Thơm ngon ý,POS
"Sản phẩm rất đẹp ạ,mua 5 sản phẩm đều đầy đủ và e rất thích,lần tới e sẽ ủng hộ shop,mong shop cứ như vậy phat huy nhé 😍",POS
Áo đẹp lắm na,POS
Áo đẹp hơn momg đợi 😍😍 giá thì rẻ nữa chứ sẽ ủng hộ shop dài dài,POS
Chất lượng sản phẩm tạm được Đóng gói sản phẩm tạm được Shop phục vụ tạm được Shop phục vụ tạm được Giá cả chấp nhận được,POS
Thời gian giao hàng nhanh Thời gian giao hàng nhanh Đáng đồng tiền,POS
"Áo siêu đẹp, chất cũng đẹp ,chị bán hàng cute nữa ❤ Chúc c buôn may bán đắt ạ ^^",POS
Chất lượng sản phẩm tuyệt vời,POS
Đóng gói sản phẩm rất đẹp và chắc chắn Thời gian giao hàng rất nhanh,POS
Túi đen mình mua trước thấy đẹp nên mua thêm túi màu kem,POS
"Chất lượng sp đúng so với kỳ vọng của mình, áo giống như hình, quá rẻ nữa Rất đáng tiền",POS
Chất lượng sản phẩm tuyệt vời,POS
"Chữ in đẹp, dễ nhìn",POS
"Sách nhìn đẹp ơi đẹp ,yêu chết đi được,rất rất thích,đấy là mk mới nhìn bên ngoài thôi 😍😍😍",POS
Áo đẹp xuất sắc luôn,POS
Màu siêu xinh,POS
Chất như nước cất nhé,POS
Quần đẹp chất mềm,POS
Hàng đẹp chất lượng khỏi phải bàn luôn,POS
săn đc deal 9k ok qua,POS
Hi vọng ở lần mua sau chất lượng sẽ khá hơn,POS
Cám ơm trước,POS
Chất lượng sản phẩm tuyệt vời Chất lượng sản phẩm tuyệt vời Đóng gói sản phẩm rất đẹp và chắc chắn Rất đáng tiền Rất đáng tiền Rất đáng tiền Thời gian giao hàng rất nhanh,POS
Mua đồ shop lần 2 rồi đấy,POS
Đóng gói sản phẩm rất đẹp và quần đẹp,POS
Đóng gói sản phẩm rất đẹp và chắc chắn Shop phục vụ rất tốt Thời gian giao hàng rất nhanh keo sữa hơi lỏng,POS
Chất lượng sản phẩm tuyệt vời. áo rất dày và không bị lỗi,POS
"Đóng gói sản phẩm rất đẹp và chắc chắn, chất liệu đẹp nhưng mặc trog áo bẩn và bị thâm nhiều chổ, from áo rất đẹp",POS
"Áo rất đẹp, mình rất thích cám ơn shop <3",POS
Áo hết hàng mà shop k báo,POS
Chất lượng sản phẩm tuyệt vời Đóng gói sản phẩm rất đẹp và chắc chắn Đóng gói sản phẩm rất đẹp và chắc chắn Chất lượng sản phẩm tuyệt vời Shop phục vụ rất tốt Rất đáng tiền Thời gian giao hàng rất nhanh,POS
Chất lượng khá tốt,POS
"Hàng i hình, chất đẹp",POS
Đóng gói cẩn thận và còn được tặng kèm một đôi tất nưaz,POS
Áo form đẹp đến kinh ngạc,POS
👍,POS
49kg lay size L ma mac k vua ao nho qua,POS
Áo sơ vin lên xinh lắm shop ạ,POS
đơn hàg này của e bị thiếu chị nè hôm sau chị bỏ vào e nha . e gọi chị rồi đó . hàg đẹp và ưng lắm ạ,POS
Đợi khi nào chị về hàng mới nữa thì sẽ lấy tiền tiết kiệm mua mấy cái áo màu đen như ý thích .... quá ưngggggg,POS
"Chất lượng sản phẩm tuyệt vời Đóng gói sản phẩm rất đẹp và chắc chắn..mền lông mềm, dài",POS
"giày fom đẹp, siêu sang. giá tiền bth, camon sh",POS
Chúc shop luôn đông khách nhé,POS
Chất lượng sản phẩm tuyệt vời,POS
"10 sao, tốc độ, tuyệt vời",POS
Đã mua 2 lần rất ưng Shop phục vụ rất tốt Thời gian giao hàng rất nhanh,POS
Sẽ mua thêm!!,POS
Chất lượng sản phẩm tuyệt vời....đầm đẹp rất ưng ý sẽ tiếp tục ủng hộ shop,POS
Chúc shop làm ăn phát tài nhaa ❤,POS
"dùng 1 times đánh giá tiếp), đóng gói sản phẩm rất đẹp và chắc chắn, rất đáng tiền, thời gian giao hàng rất nhanh, gấm dẹp hơn ren, giao đúng size + màu, Shop phục vụ rất tốt, mọi người ủng hộ Shop này nhé",POS
"Thời gian giao hàng rất nhanh , sp ok",POS
Vừa có đồ đẹp vừa tốn ít tiền,POS
Đóng gói sản phẩm rất đẹp và chắc chắn Thời gian giao hàng rất nhanh,POS
Chủ shop rất nhiệt tình và có trách nhiệm với khách,POS
Chất lượng sản phẩm tuyệt vời Rất đáng tiền Thời gian giao hàng rất nhanh Thời gian giao hàng rất nhanh,POS
Vải mềm mịn thích lắm,POS
Chất lượng phù hợp với giá tiền,POS
Áo mặc xinh,POS
"Vây vàng chất đẹp, khoá kéo hơn khó kéo lúc đầu kéo muốn tụt hơi luôn 🤣🤣",POS
"Vải dày hơn mình tưởng, màu đỏ cũng đẹp nữa",POS
Giá quá rẻ cho 1 bộ ngủ 👍👍,POS
Cảm thấy mặc rất mát và thoải mái hơn so với những loại quần lót ren mình hiện đang mặc,POS
Mặc dù tiếng tàu không nhưng sử dụng cũng đơn giản,POS
Nón đẹp lắmmm,POS
Rất đáng tiền,POS
Chất lượng sản phẩm tốt Đóng gói sản phẩm chắc chắn,POS
Chất vải kaki siêu đẹp luônnn,POS
Hàng rất ưng ý,POS
"Tuyệt vời ạ, tiếc là ko có size nhỏ hơn",POS
Chim ưng quá đi mất,POS
Cháu tôi rất thích,POS
Nhưng vẫn cho 5 *,POS
Mình mua sp còn được shop tặng thêm món quà nhỏ rất dễ thương,POS
Sách đẹp lắm,POS
Thời gian giao hàng rất nhanh,POS
Chúc shop sang năm mới buôn bán thuận lợi,POS
Chất lượng sản phẩm rất vừa ý,POS
Giao hàng rất nhanh,POS
Giao hàng rất nhanh,POS
"Vải đẹp, đường may cẩn thận",POS
Chất đẹp nhưng màu gửi cho mình toàn màu xấu,POS
Lần sau mình mua hàng của shop thì không nhầm nữa nhé,POS
Vải rất đẹp,POS
Bạn nào muốn mua thì k cần phải phân vân đâu nhé,POS
chất ok.may dep.sẽ ủng hộ shop nh,POS
"Chất lượng sản phẩm tuyệt vời Đóng gói sản phẩm rất đẹp và chắc chắn Shop phục vụ rất tốt Thời gian giao hàng rất nhanh,vải dày dặn,rất đẹp",POS
Quần đợt 1 đặt thì vải đẹp dáng quần đẹp cũng vừa chân,POS
Chất lượng sản phẩm tốt,POS
"áo ưng lắm nha, shop cũng rất quan tâm đến khách hàng, sẽ ủng hộ dài dài",POS
Chất lượng sản phẩm tuyệt vời,POS
Phải nói là sp của shop wuas ưng ý luôn ạ,POS
Chất lượng sản phẩm tuyệt vời,POS
Giao hàng nhanh,POS
Shop phục vụ rất tốt,POS
"shop nhiệt tình tư vấn , giao hàng nhanh , vải đep nha",POS
Hàng đẹp.y hình,POS
Hàng đẹp lắm ạ,POS
Tôi thích,POS
^^ cảm ơn món quà của shop,POS
Chất lượng sản phẩm tuyệt vời Đóng gói sản phẩm rất đẹp và chắc chắn Chất lượng sản phẩm tuyệt vời Đóng gói sản phẩm rất đẹp và chắc chắn Rất đáng tiền Rất đáng tiền,POS
"Hàng đẹp,nhân viên nhiệt tình",POS
"Đã mặc thử,vải đẹp,nói chung là ok",POS
"Quần đẹp dã man, mặc lên dáng rất đẹp",POS
Quần rất đẹp dày dặn mỗi tội cái day quần hoi làm mất cái chất của cái quần Đóng gói sản phẩm rất đẹp và chắc chắn,POS
"Áo rất dày dặn, đường may cẩn thận, quần cũng khá oke",POS
"Cũng i hình.mỗi tội mình bé , haizaa rộng",POS
Hài lòng về sp,POS
"Phần tay áo loe rộng, màu đẹp, chất áo được",POS
Sim tốt mà phục vụ cũng tốt :)),POS
Hàng đẹp như hình 💋❤️,POS
Chất lượng sản phẩm tuyệt vời,POS
Shop ơi bao giờ có màu đỏ về tiếp,POS
Sản phẩm khá ổn,POS
Chất lượng sản phẩm tuyệt vời,POS
"Hàng đẹp xinh,mình m63 nặng 50kg mặc hơi chật,đc tặng thêm gói bột hoa hồng k biết để đắp mặt hay bột gì",POS
Hehe,POS
E rất vui,POS
Chất đẹp ok,POS
Sp tốt lắm nheg shop ^^,POS
"Rất ưng, mặc thoải mái mà chất vải rất thích",POS
Tuy nhiên cách trả lời tin nhắn của shop rất thân thiện với khách hàng,POS
Đáng tiền,POS
Sản phẩm kém chất lượng .ko đáng tiền,POS
Thời gian giao hàng rất nhanh Đáng đồng tiền,POS
Đẹp xuất sắc !!!,POS
Hơi chật tí xíu,POS
"Sp qua OK so voi gia tien, se tiep tuc ung ho shop!!",POS
Rất vừa ý đẹp,POS
"Áon mịn đẹp, y hình, bận lên rất thích",POS
"Hàng Đẹp, Giao hàng hơi lâu ạ",POS
"Cước vận chuyển cao,muốn bán kiếm lãi mà thấy k ổn Chất lượng sản phẩm tuyệt vời Chất lượng sản phẩm tuyệt vời Đóng gói sản phẩm rất đẹp và chắc chắn",POS
Hàng đẹp,POS
"Chất lượng sản phẩm tuyệt vời, chủ shop tư vấn size chính xác wá, e mặc vừa y!!!",POS
Shop phuc vu rat tot nhanh le,POS
Áo lót mặc thích vãi chưởng,POS
Áo xinh thật sự,POS
Màu đẹp nhưng vải hơi mỏng,POS
Mua 5 cái nào cũng ưng hết,POS
Cực kỳ đẹp ❤️ tuy nhiên khi mua nên inb shop hỏi size trc vì có thể chênh lệch giữa các mẫu,POS
"Chất lượng sản phẩm tuyệt vời Đóng gói sản phẩm rất đẹp và chắc chắn Shop phục vụ rất tốt. ông xã mình vừa mặc thử bộ thể thao này, vừa vặn và đẹp lắm shop ah",POS
"Giày xinh cực , chủ shop vừa nhiệt tình vừa dễ thương",POS
Thời gian giao hàng rất nhanh Đóng gói sản phẩm rất đẹp và chắc chắn Chất lượng sản phẩm tuyệt vời,POS
Thời gian giao hàng rất nhanh Thời gian giao hàng rất nhanh Rất đáng tiền Đóng gói sản phẩm rất đẹp và chắc chắn Chất lượng sản phẩm tuyệt vời quà tặng thích quá 😂,POS
Đóng gói sản phẩm rất đẹp và chắc chắn,POS
Đóng gói sản phẩm rất đẹp và chắc chắn,POS
Màu son đẹp,POS
Chất lượng sản phẩm tuyệt vời màu nhạt hơn hình,POS
Chất lượng sp ok,POS
"Đã từng mua ở shop khác 75k nhưng chất vải và form ko bằng shop này dù chỉ hơn 10k, vải mát, chất lượng tốt, ko mỏng lộ màu quần trong, ko xổ bông",POS
Đóng gói sản phẩm rất đẹp và chắc chắn,POS
Sẽ ủng hộ dài dài luôn ạ,POS
"thời gian giao hàng nhanh, hàng chất lượng ok",POS
"Quần chất đẹp, form đẹp",POS
Đẹp từng xentimet,POS
Hàng chất đẹp,POS
Hàng thì ok,POS
Giày đẹp...,POS
"Áo xinh không chê vào đâu được, vải mỏng, mát",POS
Thích,POS
Form đẹp!!!,POS
Chất liệu giống hình,POS
"Sản phẩm tuyệt vời, vừa vặn, đứng for",POS
Mua rất nhiều lần và rất thích cách làm việc của shop ạ,POS
"Nói chung so với giá tiền ổn, sẽ tiếp tục ủng hộ shop",POS
Hàng của chị thì đẹp khỏi bàn ạ,POS
Hàng tốt nhé mọi người đảm bảo chất lượng luôn Chất lượng sản phẩm tuyệt vời,POS
"Lomo rất đẹp, đóng gói rất cẩn thận, shop giao hàng rất nhanh, sẽ ủng hộ shop dài dài <3",POS
Hơi rộng Chất lượng sản phẩm tuyệt vời,POS
Vãi giày và đẹp,POS
Cái nơ ngắn hơn so với hình nhưng cũng rất đẹp,POS
"Áo màu đậm hơn trong ảnh nhưng cũng đẹp, đường may chắc chắn",POS
"Đóng gói sản phẩm rất đẹp và chắc chắn, sẽ ủng hộ shop lâu dài",POS
Sẽ mua tiếp của shop lần nữa <3,POS
Chất lượng sản phẩm tuyệt vời,POS
Chất lượng sản phẩm tuyệt vời; Shop phục vụ rất tốt; Rất đáng tiền,POS
Chất lượng sản phẩm tuyệt vời màu đẹp vải mềm,POS
"Áo đẹp xuất sắc ạ, chất dày dặn sờ thích lắm mà áo bên ngoài cũng y như trong ảnh luôn",POS
Cảm ơn shop còn gửi quà nhé,POS
"Giày xinh xỉu y như hình luôn, anh chủ shop nói chuyện thân thiện, tư vấn nhiệt tình",POS
"Chất lượng sản phẩm tuyệt vời, từ chất vải đến form đến màu đều như hình, rất ok luôn, lần đầu mua nhưng rất hài lòng",POS
đổi qa cục này qá êm..,POS
Mình mua áo xám,POS
"hang e nhan sang nay roi nha shop,ung ho shop",POS
"Đã nhận được sản phẩm, chất lượng hợp với giá cả nên cũng ko mong muốn được nhiều",POS
"Thời gian giao hàng rất nhanh Đặt ngày 10/10 mà 11/10 đã nhận đc hàng r, quần dày dặn nói chung là ok",POS
Con mình rất thik,POS
"Đây là món khoái khẩu của mình, nên sẽ ủng hộ shop dài dài",POS
Rate 5 sao luôn,POS
Sản phẩm rất ưng ý và đẹp 😍😍😍,POS
C chủ shop tư vấn nhiệt tình ❤️❤️😌,POS
Mua 4 cái rồi quá ưng 😘,POS
"Shop phục vụ rất tốt Rất đáng tiền Thời gian giao hàng rất nhanh,se ung ho tiep",POS
Đóng gói sản phẩm rất đẹp và chắc chắn,POS
Shop phục vụ rất tốt!,POS
Quá ok luôn sẽ ủng hộ shop,POS
Mặc vừa vặn,POS
"Rất đáng tiền, Shop phục vụ rất tốt, quần chất cực thích luôn shop ạ",POS
Chất lượng sản phẩm tuyệt vời,POS
Chất lượng sản phẩm tuyệt vời..mỗi tội đợi hàng mất 1 tuần... chủ shop ko dk nhiệt tình cho lắm.. chắc tại đơn hàng ít tiền nên ko quan tâm,POS
Đáng giá tiền,POS
"Mình rất ưng chất vải, nhưng bo áo chật quá mình cài nút lại ko đc",POS
Hôm nào sẽ qua Shop ủng hộ tiếp,POS
Rất đáng tiền,POS
"Chất lượng sản phẩm tuyệt vời Đóng gói sản phẩm rất đẹp và chắc chắn Shop phục vụ rất tốt Rất đáng tiền Thời gian giao hàng rất nhanh, đây đủ quà tặng, sữa Hsd xa.ok",POS
"Cảm ơn shop , vì sự dễ thương nên có nhu cầu lần sau sẽ ủng hộ shop",POS
Chấm 4 sao để shop cố gắng tốt hơn nữa sao cho xứng đáng 5 sao nhé,POS
Đẹp tuy đường may hơi xấu 😅,POS
"Áo ok, giống hình",POS
Mình chưa dùng nhưng nhìn hộp bé tẹo à,POS
Váy đẹp chất được đáng tiền mua,POS
Chất lương tạm ổn,POS
Chất lượng quá đi thui,POS
"Giao hàng rất nhanh Chủ Nhật đặt hàng T2 có luôn, chất lượng rất tốt, đẹp hơn mong đợi",POS
Shop phục vụ rất tốt,POS
Màu xinh cực,POS
Rất đáng tiền,POS
vải dày dặn. mẫu giống hình. rất đáng tiền,POS
Đóng gói sản phẩm rất đẹp và chắc chắn Hạt dẻ cười nhỏ,POS
Giá tốt,POS
Cảm thấy hài lòg về sản phẩm,POS
Tuyệt hàng rất đẹp ik hình nhé yêu shop,POS
"Đóng gói sản phẩm rất đẹp và chắc chắn, lại còn được kèm theo postcard của Namjoon nữa hihi, hi vọng món sau được tặng kèm postcard của Yoongi <3",POS
Rất đáng tiền,POS
E rất hài lòng với sản phẩm của a zaka petshop,POS
Giá rẻ,POS
Giáo hàng rất nhanh,POS
Mua cho bạn cả mua cho mình mặc mà nó ưng quá,POS
"Chất lượng sản phẩm tốt nhưng đóng gói không đc toits lắm, chai bị đổ rồi",POS
Trời ơi hàng xinh quá mức luôn ♡,POS
Thời gian giao hàng nhanh,POS
"Áo đẹp, Chất lượng sản phẩm tuyệt vời, Thời gian giao hàng rất nhanh",POS
Áo đẹp lắm ❤,POS
xai ok giao con hoi cham,POS
Áo đúng như hình,POS
Sẽ ủng hộ shop dài dài,POS
"Shop phục vụ rất tốt, Rất đáng tiền, Thời gian giao hàng rất nhanh",POS
Chất lượng sản phẩm tuyệt vời,POS
"Quá đẹp, quá xuất sắc 😍😍😍",POS
"Tuy nhiên hộp giày k chắc chắn nên bị móp, nhưng k sao",POS
Dùng bỏ rác văn phòng rất hợp lí,POS
"Hàng rẻ đẹp rất đáng tiền, sẽ ủng hộ trong tương lai",POS
Chất lượng sản phẩm tuyệt vời Shop phục vụ rất tốt🙂,POS
SP ok,POS
Shop đóng gói cực kì cẩn thận,POS
bé e thich lam hi,POS
Thời gian giao hàng rất nhanh,POS
Sẽ còn ủng hộ shop dài dài 😍😍😍,POS
"Áo rất đẹp , mình rất hàng lòng , sẽ mua thêm mấy cái nữa hihi, cảm ơn shop",POS
Chất lượng sản phẩm tuyệt vời Đóng gói sản phẩm rất đẹp và chắc chắn Tặng kèm tất rất dễ thương,POS
Chất lượng sản phẩm tuyệt vời ưng ý sẽ ủng hộ Sop tiếp,POS
Chưa nào mua hàng và vừa rẻ vừa đẹp như vậy,POS
Màu đỏ đô mỏng còn 3 màu kia thì tuyệt vời,POS
"Con hết bỉm, đặt tiwf 6g sáng, đến 2h chiều nhận đc bỉm lunnnnn",POS
"Mùi dễ chịu, chỉ tiếc là mỗi lần rút ra lại dính vào nhau, khó lấy từng tờ nên hơi bất tiện mỗi khi dùng 1 tay",POS
"Đẹp, y hình, shop tvan tốt",POS
Hài lòng về chất lượng và phục vụ,POS
Áo forrm to đẹp chất đẹp,POS
Áo khá tốt,POS
"Màu đẹp, chất lượng tốt và giá quá rẻ",POS
"Giá tốt, mình mua khi có deal nên chỉ 64k/chai, date rất mới (sx tháng 6-2018) Hài lòng",POS
Cảm ơn shop,POS
Huhuuu quần đẹp quá trời ạ❤️,POS
Đóng gói chắc chắn Chất lượng sản phẩm tốt,POS
5 sao cho mẹ Ben 😊,POS
đẹp 👍👍 rất hài lòng,POS
Chất lượng sản phẩm tuyệt vời vải đẹp ok,POS
Chất lượng sản phẩm tuyệt vời Rất đáng tiền Rất đáng tiền,POS
Đóng gói SP cân thân,POS
"Chất vải kate mền mịn, đường may đẹp, form đẹp",POS
cho 5 sao vì tốc độ giao hàng nhanh và anh shipper giao hàng tết kiệm đẹp trai,POS
Chất lượng sản phẩm tốt Chất lượng sản phẩm tuyệt vời,POS
Mình nhận được hàng rất nhanh,POS
Shop lam an uy tín thi nên khăc phục điểm nay nhé.đừng để khách hàng co s.nghi khi ib hoỉ mua hag thi t.lời liền Còn khi khách cần đổi hag ib thi im re..như zay lam sao zam mua lần,POS
Chất lượng sản phẩm tuyệt vời Chất lượng sản phẩm tuyệt vời Đóng gói sản phẩm rất đẹp và chắc chắn Shop phục vụ rất tốt Nhất định ủng hộ shop tiếp <3,POS
"Khá giống hình, mang vào cũng khá xinh. 😄",POS
Chất lượng sản phẩm tuyệt vời. chất liệu rất ưng. đáng tiền,POS
Chủ shop rất đáng eo sẽ ủng hộ sh dài dài,POS
Đóng gói sản phẩm rất đẹp và chắc chắn,POS
"Rất thơm , chất lg sp tốt",POS
"Áo đẹp, nhưng hơi nhỏ 1 chút",POS
Chất lượng được giống y ảnh,POS
"Vải đẹp mát, giao hàng nhanh",POS
Từ vải tới kiểu :3 quá đẹp 👍👍👍👍👍,POS
Đang mặc và siêu ưng ><,POS
"Áo vải mỏng, in kém, nhưng với giá này là trên cả tuyệt vời rồi",POS
Tai thỏ của shop cute ghê giao hàng nhanh và cẩn thận nữa,POS
Hàng bao đẹp,POS
Chất lượng sản phẩm tuyệt vời,POS
Mặc vừa vặn,POS
vải đẹp quần đẹp =),POS
Máy mới dùng cơ bản thấy ổn về lâu dài thì chưa biết thế nào,POS
Đóng gói sản phẩm rất đẹp và chắc chắn Thời gian giao hàng rất nhanh Shop phục vụ rất tốt Shop phục vụ rất tốt,POS
"Vải cũng bình thường, nhưng màu sắc dễ “cưng” lắm",POS
Excellent Product Quality,POS
Chất lượng sản phẩm tuyệt vời Đóng gói sản phẩm rất đẹp và chắc chắn Shop phục vụ rất tốt Rất đáng tiền Thời gian giao hàng rất nhanh Thời gian giao hàng rất nhanh.Nhưng mà có chỗ còn dính trắng trắng nhưng mà ko sao hết túi đẹp.........cho shop 5 sao,POS
"Hàng y hình, rất đẹp ạ❤ Chất lượng sản phẩm tuyệt vời",POS
Chất lượng đúng với giá thành,POS
"Áo kiểu len mỏng, mềm và xinh, nhưng màu trắng sẽ lộ áo trog",POS
Vải mềm,POS
Giày về nguyên hộp,POS
Chất lượng sản phẩm tuyệt vời Đóng gói sản phẩm rất đẹp và chắc chắn,POS
"Còn lại đều ổn, chất xô mặc mát",POS
Shop nhiet tình,POS
"shop tư vấn nhiệt tình, dễ thương, đầm đẹp ^^",POS
Chất vải đẹp .mát .hợp túi tiền,POS
"Chất lượng sản phẩm tuyệt vời, mình lười chụp hình quá, nhưng rất cả những mẫu mình đặt về rất ưng nhé",POS
Lần thứ 2 mình mua và rất ưng ý,POS
Chỉ hơi buồn vì thiếu cổng usb,POS
"Bọc kĩ lắm luôn, giá rẻ",POS
Áo shop gửi này biết rẻ nhưng mới chứ đây như mặc lướt rồi ý,POS
Chất lượng sản phẩm tuyệt vời Đóng gói sản phẩm rất đẹp và chắc chắn,POS
"Đường kim mũi chỉ chắc chắn, vải suông ko nhàu nhưng ko phải lụa, dáng cũng ổn, màu hồng nude xinh lắm",POS
Chất lượng tốt,POS
vải rất đẹp Rất đáng tiền,POS
"Shop phục vụ rất tốt, bạn chủ nhiệt tình cute lắm",POS
chuẩn hàng như trên,POS
"Chất lượng sản phẩm tuyệt vời, tư vấn nhiệt tình, love U!",POS
"Đóng gói sản phẩm rất đẹp và chắc chắn Shop phục vụ rất tốt Thời gian giao hàng rất nhanh, vải đẹp nhưng màu vải hơi tối",POS
"Shop phục vụ rất tốt nhiệt tình ,sản phẩm chất lượng được",POS
Đẹp xuất sắc,POS
Quan dep ao dep ma buon wa quan mat k vua,POS
vai dep,POS
Thời gian giao hàng rất nhanh,POS
giày đẹp giao hàng nhanh thấy mn bảo size rộng hơn bt nên đặt 37 đi lại hơi chặt hi vọng đi lâu nó dãn ra,POS
Chất lượng sản phẩm tạm được Đóng gói sản phẩm tạm được Thời gian giao hàng tạm được Shop phục vụ rất tốt Không đáng tiền,POS
Chat dc với giá thành,POS
Chất lượng sản phẩm tuyệt vời Đóng gói sản phẩm rất đẹp và chắc chắn Rất đáng tiền,POS
Chất lượng sản phẩm tuyệt vời vải dày dặn hình in chắc chắn,POS
Hàng chuẩn f1,POS
"Mua 5 cái thì cái này mình ưng nhất, sẽ ủng hộ shop lần sau",POS
Chất lượng sản phẩm tuyệt vời Đóng gói sản phẩm rất đẹp và chắc chắn Rất đáng tiền Thời gian giao hàng rất nhanh Thời gian giao hàng rấờấ,POS
Dép mang siêu đẹp,POS
"Áo đẹp, chất thích nên phải mua thêm chiếc nữa👌",POS
Vs giá này thì hợp....giao hàng cũng nhanh nữa,POS
"This bra looks great with its floral pattern, the form fits well, true to size",POS
Công nhận là rất đẹp ạ. 260k e mua đc.2 cái áo cho ông ck e,POS
Chất lượng sản phẩm tuyệt vời,POS
"Thời gian giao hàng nhanh sp rất đẹp, giống hình,",POS
Áo vải đẹp thấy ớn 😍😍😍😍,POS
Nhận đc 90 cái,POS
Chất lượng sản phẩm tuyệt vời .Thời gian giao hàng rất nhanh.chủ shop nói chuyện dễ thương,POS
"Quần mặc thoải mái, vừa vặn",POS
Chất lượng tạm ổn,POS
Chất dầy dặn,POS
Chất len dày dặn,POS
"Cảm ơn shop nha bán hàng cực có tâm luôn, shop còn hoàn lại tiền cho mình do đơn hàng có 1 sp shop hết hàng",POS
"Áo dày mịn đẹp, kg có điểm nào để chê",POS
Đóng gói sản phẩm chắc chắn,POS
Hàng đẹp chất lượng . giao hàng nhanh 5 sao cho shop 👍👍,POS
Chất lượng sản phẩm tuyệt vời Thời gian giao hàng rất nhanh,POS
Chất lượng sản phẩm tuyệt vời,POS
Chất lượng sản phẩm tuyệt vời .thời gian giao hàng rất nhanh,POS
Đóng gói sản phẩm rất đẹp và chắc chắn,POS
Chất lượng sản phẩm tuyệt vời Shop phục vụ rất tốt,POS
Chất lượng sản phẩm tuyệt vời Shop phục vụ rất tốt Thời gian giao hàng rất nhanh 😘😘,POS
Thời gian giao hàng rất nhanh,POS
Vừa như in luôn,POS
Quần chất đẹp,POS
Thời gian giao hàng rất nhanh,POS
Má xài êm lắm,POS
Rất ưng ý,POS
Vận chuyển siêu nhanh,POS
Chất lượng sản phẩm tuyệt vời y hình,POS
"Chất lượng sản phẩm tuyệt vời, vải mịn",POS
Rất hài lòng về quần lót bầu,POS
"Đúng hình, vừa người <3 ủng hộ shop lần tới",POS
Vải mát chất cũng đẹp tuy nhiên áo mỏng dễ bị thấy áo trong,POS
Chất lượng sản phẩm tuyệt vời Chất lượng sản phẩm tuyệt vời Rất đáng tiênf,POS
Chất lượng sản phẩm tốt Đóng gói sản phẩm chắc chắn Shop phục vụ khá tốt Đáng đồng tiền,POS
Hàng rất đẹp so với giá mọi người ạ,POS
Chuẩn,POS
"Hàng đẹp, giao hàng nhanh",POS
"Âm nghe ổn, to nhưng 4 sao thui, để dùng 1 tháng xem có chất lượng ko rồi mới sửa 5 sao",POS
Tay hơi ngắn.from chuẩn.đẹp Chất lượng sản phẩm tuyệt vời Shop phục vụ rất tốt,POS
"Sản phẩm rất tốt, son cực kỳ lỳ",POS
"Chất lượng sản phẩm tuyệt vời,nhưg gói hàg còn sơ sài quá k kỹ gì hết,lm mìh lấy kéo cắt bao cắt trúg luôn cái áo..haizz",POS
Chất lượng sản phẩm tuyệt vời,POS
Rất đáng tiền Rất đáng tiền,POS
Cảm ơn shop,POS
Rất đáng tiền,POS
Cám ơn shop nhe,POS
Cảm ơn shop,POS
Thời gian giao hàng rất nhanh Rất đáng tiền Shop phục vụ rất tốt Đóng gói sản phẩm rất đẹp và chắc chắn Chất lượng sản phẩm tuyệt vời Chất lượng sản phẩm tuyệt vời,POS
Giá rẻ dùng được,POS
Rất đáng tiền Shop phục vụ rất tốt Thời gian giao hàng rất nhanh,POS
"Chất vải rất đẹp, giao hàng cực kỳ nhanh, sẽ tiếp tục ủng hộ shop ^^",POS
Quần không giống ảnh nhưng mặc êm thời gian giao hàng rất nhanh,POS
Với số tiền sale vậy là phù hợp,POS
Sản phẩm đẹp shop tư vấn nhiệt tình,POS
"Chất lượng băng đô rất tốt, vải mềm mịn, màu sắc y hình",POS
B shop chu đáo nhiệt tình,POS
Đóng gói chưa kĩ,POS
Khá là cute ☺️☺️☺️,POS
Chất lượng sản phẩm tuyệt vời Chất lượng sản phẩm tuyệt vời Chất lượng sản phẩm tốt,POS
Tốt,POS
Rất ưng ý luôn ạ,POS
Túi cá xinh lắm luôn lại rất dày,POS
Rất đáng tiền,POS
Sản phẩm đáng tiền,POS
Vải mềm,POS
Chất lượng sản phẩm tuyệt vời,POS
hang ok,POS
Đóng gói sản phẩm rất đẹp và chắc chắn,POS
Rất ok nha,POS
Chất lượng sản phẩm tạm được Thời gian giao hàng nhanh😀😀,POS
Hang đẹp tiệt voi,POS
Trên cả tuyệt vời luôn ạ 😍😍😍😍,POS
Shop phục vụ tạm được,POS
Dùng ổn,POS
mh sẽ ủng hộ shop nhìu hihi,POS
Mặc đẹp lắm nạ 💕 vải mặc thoáng mát không bị ngứa nhất là rất đáng tiền luôn nha 💕,POS
"Áo đẹp, hihi",POS
Cảm ơn shop,POS
"Váy xinh xinh, nhưng vải của lớp lót trong hơi bí chút",POS
Mỗi tội một cùng 1 set mà cái to cái nhỏ,POS
Chất lượng sản phẩm tuyệt vời Chất lượng sản phẩm tuyệt vời Đóng gói sản phẩm rất đẹp và chắc chắn Đóng gói sản phẩm rất đẹp và chắc chắn Shop phục vụ rất tốt Shop phục vụ rất tốt Rất đáng tiền Rất đáng tiền Thời gian giao hàng rất nhanh Thời gian giao hàng rất nhanh,POS
Đàn rất đẹp ạ dù có lỗi nhỏ nhưng có thể bỏ qua 😫😘,POS
Đóng gói sản phẩm rất đẹp và chắc chắn,POS
Giống hình Chất lượng sản phẩm tuyệt vời Đóng gói sản phẩm rất đẹp và chắc chắn,POS
Mãi mới rình bắt được nó 😂,POS
Giao sai k đúng ý,POS
Sẽ ủng hộ thêm,POS
Đóng gói cẩn thận,POS
Có mẫu báo là hàng su nhưng k phải,POS
Chất lượng sản phẩm tuyệt vời Đóng gói sản phẩm rất đẹp và chắc chắn Shop phục vụ rất tốt Rất đáng tiền Thời gian giao hàng rất nhanh,POS
"giày đẹp quá ạ, phù hợp với giá tiền cực kì",POS
Hang ok,POS
Rất hài lòng!,POS
Phục vụ tốt,POS
Shop phục vụ rất tốt Thời gian giao hàng rất nhanh Rất đáng tiền Thời gian giao hàng rất nhanh Chất lượng sản phẩm tuyệt vời,POS
sản phâm tốt k lỗi lầm ạ ^^ hộp không bị móp méo như lần trước đẹp k tì vết <3,POS
Chất vải tạm được Đóng gói sản phẩm rất đẹp và chắc chắn Shop phục vụ rất tốt,POS
"Đặt size M shop giao size lớn hơn, mặc hơi rộng",POS
Chất lượng ổn,POS
Đồ đẹp laqms luôn ạ,POS
"Đồ đẹp lắm, có điều mua nhiều mà không được tặng tất :(((",POS
"Đầm rất đẹp, form đẹp,vải cũng đẹp",POS
Chất lượng ok.quay lại mua thêm 1 cái nữa,POS
Quần đẹp .ưng lắm ❣️,POS
"áo y hình, mặc xinh",POS
Shop phục vụ rất tốt - Chất lượng sản phẩm tuyệt vời,POS
"Chất lượng sản phẩm tuyệt vời Đóng gói sản phẩm rất đẹp và chắc chắn Thời gian giao hàng rất nhanh, hình thú trên túi áo là hình thêu đẹp lắm ạ",POS
Ổn .nhưng có mỗi chữ black thôi ko in ko ra gì,POS
Ủng hộ shop nữa,POS
Sản phẩm rất ưng ý.shop phục vụ rất nhiệt tình,POS
Mua lần 2 được shop tặng quà,POS
Quần xinh 😚,POS
Sẽ tiếp tục ủng hộ shop những sản phẩm khác,POS
Túi dày dặn và chắc chắn,POS
Sách hay,POS
Đóng gói sản phẩm rất đẹp và chắc chắn Rất đáng tiền Rất đáng tiền Thời gian giao hàng rất nhanh,POS
Tàm tạm Chất lượng sản phẩm tuyệt vời,POS
Áo rất đẹp Đáng để mua,POS
Sẽ quay lại mua tiếp khi dùng hết 👏,POS
"Mí dán đẹp, tốt, giữ được khoảng hơn 5 tiếng nếu ko sửa mặt",POS
Ưng lắm mn 5sao :),POS
"Tuyệt vời, đáng đồng tiền, chủ shop rất tử tế, dịch vụ tốt, sẽ ủng hộ tiếp",POS
Shop làm ăn mata uy tín,POS
Chất lượng sản phẩm tuyệt vời Đóng gói sản phẩm rất đẹp và chắc chắn,POS
Đóng gói kỹ,POS
"Chất lượng sản phẩm tuyệt vời, anh chủ tiệm hướng dẫn tận tình, Đóng gói sản phẩm rất đẹp và chắc chắn Thời gian giao hàng rất nhanh, đug như đã ns giao trước 1 ngày",POS
Tuy nhiên tủ nhỏ hơn so với ảnh,POS
Phù hợp với giá tiền,POS
"Hộp đóng gói cẩn thận, may nhất là phụ đề tiếng Anh chứ ko phải tiếng TQ",POS
Chất lượng sản phẩm tuyệt vời.mua nhiều lần rất ok.rất tin tưởng shop.đẹp giá cả hợp lý,POS
Nhưng k chật lắm,POS
"Chị chủ cute, tư vấn nhiệt tình",POS
Gút,POS
Chất liệu ok,POS
Chúc shop luôn đắt hàng nhé,POS
Ưng lắm luôn sẽ ủng hộ shop dài dài,POS
"Tất đi dễ chịu lắm nha, ko bị tuột gót như mấy loại kia",POS
"Đóng gói sản phẩm rất đẹp và chắc chắn,uy tín và nhanh nhẹn,chưa sử dụng nhưng cảm.thấy tin tưởng ,hi vọng tốt",POS
"Mặc vừa vặn, đường may cũg rất đẹp",POS
Chất lượng sản phẩm tuyệt vời,POS
Mềm mịn co dãn đã lắm cơ,POS
"Rất ưng về chất vải ,tuy nhiên thừa chỉ may hơi nhiều.k sao mình tự cắt. 5 sao",POS
"Chất lượng sản phẩm tuyệt vời, vải tốt tiếp tục chuyển sang shop",POS
Cảm ơn món quà nhỏ của shop. 😙,POS
Shops phục vụ rất nhiệt tình,POS
Son đep thơm rất ưng,POS
Nhanh gọn uy tín,POS
"Áo đẹp vô đối, đóng gói thì khỏi chê :> nói chung rất đáng đồng tiền khi mua ở shop này =))))",POS
"Quần đẹp, chất lượng ok, mặc rất mát và thoải mái",POS
Mún mua nữa,POS
Siêu thanh lịch,POS
Áo dễ thương ơi là dễ thương,POS
Y hình,POS
Rất đáng tiền,POS
"Tuyệt vời, ưng cái màu quá đi",POS
Ko ngờ giá rẻ mà lại chuẩn hàng như vậy,POS
Lần đầu mua hàg ưng lắm ạ,POS
"có tặng túi xách nữa,rất dễ thương",POS
Chị chủ shop tư vấn nhiệt tình,POS
"Áo khá ok, cũng lên form",POS
Chất lượng vừa giá tiền,POS
Màu ngoài ko giống trong ảnh nhưng chất lượng khá ok với giá,POS
"Shop tư vấn nhiệt tình, có tâm, hàng chất lượng y hình, sẽ ủng hộ shop",POS
"Màu đậm hơn so vs ảnh nhưng chất vải rất mát, mềm, nhẹ Đóng gói sản phẩm rất đẹp và chắc chắn Thời gian giao hàng rất rất nhanh",POS
😚,POS
Chất lượng sản phẩm tuyệt vời,POS
Rất đáng tiền,POS
"Dep kg chô chê co giãn mäc rât thoại mái tôn dáng rât dęp , chį em nào muôn mua ma con Ngoai cu yên tâm nhé nêu có 10 sao la cho luon",POS
Chất lượng sản phẩm tuyệt vời,POS
Chất lượng sản phẩm tuyệt vời .Đóng gói sản phẩm rất đẹp và chắc chắn .Shop phục vụ rất tốt,POS
Cảm ơn shop rất nhiều,POS
Chất lượng khá tốt,POS
Chất lượng sản phẩm tuyệt vời tuyệt vời mình rất hài lòng,POS
Có hộp to bán k ấy shop nhỉ,POS
Quá ưng cho cái thái độ và chất lượng 👍,POS
"Giao hàng siêu nhanh, kẹo ngon lắm nè ^^",POS
Nhỏ xinh và vừa vặn nên mình thấy ổn và đánh 5 sao,POS
Tks,POS
Shop đáng yêu vch còn tặng mình kẹo mút nữa :))),POS
Chất lượng sản phẩm tuyệt vời Đóng gói sản phẩm rất đẹp và chắc chắn Shop phục vụ rất tốt Rất đáng tiền Thời gian giao hàng rất nhanh,POS
Ui hàng lần này e thích lắm á...,POS
Chất lượng sản phẩm tuyệt vời đặt 3 bộ . 1 bộ thiếi vit voi ốc .,POS
Áo cực kì đẹp ..,POS
Với giá tiền như vậy thì chất lượng vậy là chấp nhận được,POS
"Đóng gói sản phẩm rất đẹp và chắc chắn, áo nỉ thật, mềm mịn, mặc rất sướng",POS
Oke từ A đến Z,POS
Shop phục vụ rất tốt,POS
Nói chung rất là ok.sẽ ủng hộ nữa nha shop,POS
Đặt 1 cái trước xem vãi vũng ra làm sao... mà ai ngờ đẹp quá,POS
Gửi mã thẻ nhanh .rất tiện,POS
"Shop ơi vải êm lắm nha, ủng hộ dài dài",POS
Chất lượng sản phẩm tuyệt vời,POS
Chị chủ shop bán hàng rất thân thiện và uy tín các bạn nhé chất l Chất lượng sản phẩm tuyệt vời,POS
Áo như hình😍😘😘😘,POS
Thời gian giao hàng rất nhanh,POS
Đúng + đủ,POS
Rất đáng tiền,POS
Chất lượng sản phẩm tuyệt vời Đóng gói sản phẩm rất đẹp và chắc chắn,POS
Áo rất đẹp,POS
Vải Ok lắm ạ...nhất định ủng hộ shop lần sau,POS
"Chất vải đẹp, hàng đóng gói tốt",POS
Chất rất ưng,POS
Sẽ ủng hộ shop,POS
"Cay, ngon 💁",POS
Nói chung là không thất vọng đâu,POS
Lại đặt tiếp thêm cái nữa em nhé,POS
"Chất lượng sản phẩm khá tốt so với giá tiền, shop đóng gói giao hàng khá nhanh, sản phẩm y ảnh, vải ổn, với giá thành như vậy không giảm đòi hỏi j hơn 😉",POS
Với những sản phẩm basic như này rất khó tìm chất vải với giá tiền như thế này,POS
Cảm ơn shop,POS
"Giao hàng nhanh,sản phẩm đạt chất lượng",POS
Chất liệu ok,POS
Trắt chơi người dơi quá nê....vải mặc mát sướng lắm luôn....😙😙😙,POS
"Lightstick keyring đẹp lắm ạ, mà shop đóng hai hộp liền rất cẩn thận ạ",POS
Rất hài lòng về sp,POS
Shop phục vụ rất tốt Rất đáng tiền Thời gian giao hàng rất nhanh,POS
Mà ưng đến thế,POS
Tôi rất hài lòng vz sản phẩm này,POS
Vote 5 sao,POS
Hàng đẹp xuất sắc nhé.Chị chủ vui vẻ nhiệt tình .Giao hàng rất nhanh,POS
Shop phục vụ rất tốt,POS
váy đẹp. shop tư vấn tốt mặc vừa in,POS
Thái độ phục vụ ok,POS
OK👍,POS
Đóng gói và chất vải đều ok,POS
"Tiếp tục mua đồ của shop, chất lượng sản phẩm rất tuyệt",POS
Áo rất đẹp Thời gian giao hàng rất nhanh,POS
Shop phục vụ rất tốt,POS
Chất áo cực hịn luôn và dáng chất lừ luôn,POS
Chất lượng sản phẩm tuyệt vời Đóng gói sản phẩm rất đẹp và chắc chắn Shop phục vụ rất tốt Thời gian giao hàng rất nhanh Thời gian giao hàng rất nhanh Rất đáng tiền,POS
Mih sẽ ủng hộ shop dài dài ❤️,POS
Hàng giao nhanh và rất xinh,POS
Sản phẩm phù hợp với giá tiền,POS
"Người bán hàng nhiệt tình, thật thà",POS
"Shop phục vụ rất tốt Rất đáng tiền Thời gian giao hàng rất nhanh Áo mặc form đẹp, cotton nhẹ và mát",POS
Chất lượng sản phẩm tuyệt vời Đóng gói sản phẩm rất đẹp và chắc chắn Shop phục vụ rất tốt Rất đáng tiền Thời gian giao hàng rất nhanh,POS
"Đóng gói kĩ lưỡng, hàng chất lượng!",POS
Ưng lắm,POS
Rất đáng tiền,POS
"quần hơi ngắn, chất lượng tốt, giao hàng nhanh, rất thk❤❤ Shop phục vụ rất tốt",POS
"Chất lượng áo tốt, giá rẻ, tuy nhiên giao sai màu đã đặt",POS
Cho 4 sao,POS
"Chất lượng sản phẩm tuyệt vời,so dep,mau rat thic,se ung ho shop lan toi....😊",POS
Áo đẹp ❤ đóng gói chắc chắn ❤,POS
Đóng gói sản phẩm rất đẹp và chắc chắn,POS
Tiếc là ko có size nhỏ,POS
Giao hàng cực nhanh,POS
Mọi ng yên tâm đặt hàng nhé,POS
"Chất lượng sản phẩm tuyệt vời,sản phẩm tốt,chất lượng, Shop phục vụ rất tốt, Rất đáng tiền",POS
Ao xinh lai duoc tang them qua,POS
😍😍😍 mua về cái bịt mắt đi ngủ luôn. 1 giấc ngon lành,POS
"Chất áo đẹp, mỗi tội áo to quá",POS
Khá là ưng,POS
Thời gian giao hàng rất nhanh.Chị bán hàng nói chuyện dễ thương lắm 😍😍😍😍,POS
Thời gian giao hàng nhanh,POS
Shop rất rất dễ thương ❤️❤️❤️,POS
"Áo đẹp, form chuẩn xinh",POS
"Đầm xinh, hàng y hình, đúng với giá tiền",POS
Đc cái là vải rất ok nặng tay một số thì hơi có chỉ thừa,POS
Chất lượng sản phẩm khá tốt,POS
Không phí công mình theo shop từ lâu. :)),POS
Chất lượng sản phẩm được,POS
Replica :))),POS
Đóng gói sản phẩm rất đẹp và chắc chắn.Tốt,POS
"San phẩm y nhu Hinh, noi chung tốt",POS
Chất lượng áo quá tốt so với giá tiền,POS
"giày đẹp, y hình, giao hành nhanh",POS
"Áo đẹp, shop nhiệt tình tư vấn :-)",POS
Chất son mềm,POS
Chất lượng sản phẩm tuyệt vời Shop phục vụ rất tốt Đóng gói sản phẩm rất đẹp và chắc chắn,POS
Kính đẹp,POS
Nói chung là tuyệt vời,POS
Áo y hình mặc lên đẹp luôn,POS
"Áo do xếp lâu nên hơi nhăn nhưng chất vải mát, mịn, chắc k bị nhăn",POS
"Áo đẹp , sp tốt",POS
Chất lượng sản phẩm tuyệt vời,POS
Áo đẹp,POS
Áo này dày hơn và chất đẹp hơn cái màu trắng mk mua,POS
Đúng mẫu,POS
Shop gói hàng rất cẩn thận và chu đáo,POS
hàng đống gói hơi bị móp méo nhưng vẫn ok... 5sao cho shop hàng đẹp,POS
Xưa h mua áo ưng chỗ nayd nhất á coa tâm mà đẹp dễ sợ,POS
Shop phục vụ rất tốt,POS
Sản phẩm đúng mô tả,POS
Shop phục vụ kh rất nhiệt tình nhé,POS
Ngon nên mua nhé cb,POS
Mua lan 2 roi tc 10 cai Luon form ao va chat vai đẹp .Mn nen sắm cho minh mỗi màu 1 cái nhe,POS
Chúc shop càng ngày càng đắt hàng <3,POS
Hàng rất đẹp,POS
Chất len siêu đẹppppp,POS
Áo dày và rất đẹp,POS
Hộp rất đẹp,POS
"Chất vải rất ổn và mịn,giao hàng nhanh,shop tương tác tốt với khách hàng,có cơ hội sẽ tiếp tục ủng hộ shop",POS
Chất lượng sản phẩm đẹp Đóng gói sản phẩm rất đẹp và chắc chắn,POS
Sẽ ủng hộ shop tiếp ạ,POS
"Chất lượng sản phẩm tuyệt vời Đóng gói sản phẩm rất đẹp và chắc chắn Shop phục vụ rất tốt Rất đáng tiền Thời gian giao hàng rất nhanh, mềm mại, mua của shop này đi mọi người ko thất vọng đâu...111",POS
Rất thơm,POS
Thời gian giao hàng rất nhanh mới đặt chiều qua mà sáng nay đã có,POS
Mình đã nhận được hàng,POS
Giao hàng nhanh,POS
"Áo đẹp màu đẹp, giao hang nhanh",POS
Shop phục vụ rất tốt Rất đáng tiền bản quốc tế có đầy đủ tiếng Việt mình chụp cho mọi người xem nè chụp đêm nên hk rõ lắm thông cảm,POS
Với mức giá 85k thì chấp nhận được,POS
"Áo đẹp, y hình mẫu",POS
Vợ khen là được :,POS
"Chất lượng tốt, giao hàng nhanh, mặc vừa nhưng size hơi bé hơn so với tưởng tượng :(",POS
Rất ưng ý,POS
Quá xinh quá đẹp quá rẻ 😘,POS
Sản phẩm ok,POS
Khá đẹp và Shop phục vụ rất tốt,POS
Mua về thích quá lại đặt thêm 1 cái nữa,POS
Đóng gói sản phẩm rất đẹp và chắc chắn Thời gian giao hàng rất nhanh,POS
Cho shop 5* ạ,POS
Chất lượng sản phẩm tuyệt vời.Nhưng có 1 vết trầy nhỏ,POS
"Quần form ôm, đẹp, tôn dáng, đường may chắc chắn",POS
Váy rất xinh. ^^,POS
Cho shop 5 sao,POS
Áo đẹp <3,POS
"Chất lượng sản phẩm tuyệt vời , giày đẹp lên chân sang rất thích",POS
"Shop đóng gói cẩn thận, bọc xốp đầy đủ, hộp to đùng làm mình tưởng giao nhầm hàng :)))",POS
Ủng hộ shop,POS
Chất lượng sản phẩm tuyệt vời,POS
"Giao hàng nhanh, chất vải tốt",POS
Sẽ ủng hộ shop tiếp tục trong thời gian tới nữa 😆 wait for me,POS
giày cực thic lun í 😍💚 shop phục vụ rất tốt. . sẽ ủg hộ shop lần sau,POS
"Shop giao hàng khá nhanh (đặt hàng hôm 25/7/2018, đến 27/7/2018 đã nhận hàng)",POS
"Chất lượng sản phẩm tuyệt vời, thấm hút rất nhanh, lau người rất mềm",POS
"Mọi thứ đều đẹp, trừ cái vạt áo hơi ngắn",POS
Rất đáng tiền Shop phục vụ rất tốt Đóng gói sản phẩm rất đẹp và chắc chắn,POS
Lưng mình to nên hơi chật xíu,POS
Sản phẩm hơi lỗi nhưng chất lượng tốt,POS
1Không đc dày như ảnh,POS
Giá cả thì phải nói ok so vs chất lượng <3 Rất đáng tiền,POS
💐,POS
Chất lượng sản phẩm tạm được Đóng gói sản phẩm rất đẹp và chắc chắn Thời gian giao hàng rất nhanh,POS
"Quần mặc thích lắm ạ ^^ Chất quần mịn, mát, co dãn, form dáng cũng đẹp",POS
Uống cũng không khó chịu như thuốc khác,POS
Áo đẹp chuẩn hình form rộng mặc thoải mái,POS
Sp hợp vs giá thành Shop phục vụ tốt,POS
"Áo thun form đẹp, giá rẻ, chất lượng vải tốt",POS
Giao hàng siêu nhanh và shop tư vấn nhiệt tình dễ thương <3,POS
"Nhưng vẫn cho 5 sao, mong shop cải thiện yếu điểm",POS
Hàng giống như trog hình,POS
Nhưng ko sao tks shop,POS
Chúc shop buôn may bán đắt,POS
Chất đẹp lắm shop ạ Đóng gói sản phẩm rất đẹp và chắc chắn,POS
"shop làm ăn chuyên nghiệp, sẽ ủng hộ shop",POS
"freesize nhưng khá bé, mình m52 43kg mặc vừa in 😂😂 dày dặn. với giá ấy thì ok",POS
"Áo quần đẹp lắm shop ơi, đã mua nhìu lần và rất ư là ưng ý",POS
Cảm ơn shop rất nhiều♥️♥️,POS
Chị chủ shop nói chuyện dễ thương,POS
Chất vải đẹp 👍👍,POS
Đóng gói sản phẩm rất đẹp và chắc chắn,POS
Thời gian giao hàng nhanh,POS
Thời gian giao hàng rất nhanh sp ok,POS
Mặc vừa xinh,POS
Giao hàng nhanh hàng ik hình lun from rộng cực hơi bị thích nha sẽ ủng hộ shop dài dài,POS
"Chất lượng sản phẩm tuyệt vời, hơi rộng xíu",POS
Thời gian giao hàng rất nhanh,POS
Đóng gói sản phẩm rất đẹp và chắc chắn,POS
"Chất lượng sản phẩm tuyệt vời Thời gian giao hàng rất nhanh, đóng gói sp chưa đẹp",POS
"Thời gian giao hàng rất nhanh, chất lượng phù hợp với giá cả",POS
Váy đẹp lắm ạ đúng y hình mẫu❤❤ sẽ ủng hộ shop dài dài nha😍😍,POS
"Chất lượng sản phẩm tuyệt vời, shop phục vụ rất tốt, rất đáng tiền",POS
"Với giá thành như vại là quá hời nha mọi người , giao hàng siêu nhanh, chủ shop dễ thương, tư vấn nhiệt tình, ủng hộ shop dài dài nha, còn đắn do chi nữa , nên mua và nên mua nữa",POS
"Mình rất hài lòng vs sản phẩm của shop, giá rẻ mà ưng ý lắm luoin",POS
"Mẫu mã như hình, chất lượng tốt",POS
Rất hài lòg về sp,POS
"Chất lượng sản phẩm tuyệt vời, đóng gói sơ sài",POS
Cảm thấy rất ưng sp này,POS
"Áo đẹp , lên dáng chuẩn",POS
Thời gian giao hàng rất nhanh,POS
"Chất vải dày mỏng phụ thuộc vào màu áo nhưng tựu chung là chất và form quá ổn với số tiền bỏ ra, áo bên trong còn lót một lớp nỉ mỏng nhưng mềm mại lắm, những bạn chắc tầm từ 58kg đổ xuống đều có thể mặc được",POS
Chất lượng sản phẩm tuyệt vời,POS
Đóng gói cường lực tặng kèm rất sơ sài 4*,POS
Hàng gói rất đẹp cẩn thận,POS
Quá đẹp lưới 2 lớp & hạt tán dính ko phải khâu vào hay dán đâu nha,POS
Chất lượng sản phẩm tuyệt vời shop nhiệt tình.😊,POS
"Thời gian giao hàng rất nhanh, có hơi nhiều len thừa",POS
Phù hợp giá tiền,POS
Chất lượng đẹp cực kì luôn mọi người oiwiiii,POS
Mặc rất OK,POS
Thích nhất cách phục vụ của shop,POS
"Shop phục vụ rất tốt, sản phẩm hợp lý",POS
"Quần chất hơi mỏng, nhưng phù hợp giá tiền, thấm hút tốt ko bị bí da",POS
"Chất lượng sản phẩm tuyệt vời, áo đẹp lắm ạ 😍",POS
"chất vải dày dặn rất đẹp, good",POS
Áo xinh cực ạ,POS
Mình rất ưng ý,POS
Thời gian giao hàng nhanh,POS
Thời gian giao hàng hơi lâu chắc do bên vận chuyển.shop gói hàng rất cẩn thận có bọc chống sốc,POS
Chất vải đẹp,POS
Rất đáng tiền,POS
Chất lượng sản phẩm tuyệt vời Đóng gói sản phẩm rất đẹp và chắc chắn giao lộn size m .nhưng áo ok,POS
Lần sau sẽ ủng hộ,POS
Chất lượng sản phẩm đúng như trong hình hài lòng về mọi mặt,POS
Nhận được áo mà ưng ý gì đâu á,POS
Mặc thử thấy rất nhẹ và mát,POS
Chất lượng sản phẩm tuyệt vời,POS
- thích nhất sợi dây,POS
Love 😍,POS
"Thời gian giao hàng rất nhanh, chất vải mềm mịn, mình mặc có hơi dài một chút nhưng ko sao, nói chung đều 👌",POS
Chất vải rất thích,POS
Rất đep,POS
Và đẹp lắm ạ,POS
Shop phục vụ rất tốt,POS
"Thời gian giao hàng rất nhanh, size hơi rộng, màu ko được sắc nét",POS
"Ngon bổ rẻ, mà đẹp xịn luôn",POS
Bạn gái mình rất thích,POS
Sáp loại nào cũng thơm,POS
Shop phục vụ rất tốt Rất đáng tiền Chất lượng sản phẩm tuyệt vời Đóng gói sản phẩm rất đẹp và chắc chắn Thời gian giao hàng rất nhanh,POS
"Áo đẹp, vải đẹp như hình, Chất lượng sản phẩm tuyệt vời",POS
Nói chung là tuyệt vời. 10 sao cho shop,POS
Chất lượng sản phẩm tuyệt vời Shop phục vụ rất tốt,POS
5 sao cho chủ shop. 4 sao cho chất lượng,POS
Quá là ok :))),POS
"Hàng đẹp, đúng chủng loại chắc chắn",POS
Cảm ơn shop,POS
Shop đóng gói rất cẩn thận,POS
Chuẩn y hình,POS
Shop phục vụ rất tốt Thời gian giao hàng rất nhanh.chua đầy 1 phút la có the,POS
Đẹp lắm shop,POS
Rất đáng tiền,POS
Thời gian giao hàng rất nhanh,POS
Vải đẹp,POS
Lần nào mua hàng của shop cũng rất hài lòng,POS
"Áo đẹppp, xinh mềm mại",POS
"Chất lượng sản phẩm tạm được,ống quần ko bằng nhau,chênh lệch xấp xỉ gần 2cm,hàng chữ ko giống với hình",POS
Áo rất đẹp,POS
Lần này là lần t2 mình mua,POS
Chat luong sp tot nhung moi toi la 2c cung mot size nen hoi buon...,POS
"Lúc đầu đặt cứ tưởng mày xanh rêu, ai ngờ là màu đen sọc đỏ",POS
"Tuy áo còn chỉ thừa, in bị lem và hơi bẩn nhưng vẫn cho shop 5 🌟 vì hợp với giá tiền",POS
"Chất lượng sản phẩm tuyệt vời, cặp đẹp, shop nhiệt tình quá trời",POS
Sẽ mua lại,POS
Chủ shop thân thiện 😄😄😄😄,POS
"Chất lượng sản phẩm tuyệt vời Đóng gói sản phẩm rất đẹp và chắc chắn Shop phục vụ rất tốt Rất đáng tiền Thời gian giao hàng rất nhanh,ngàn 🌟 cho shop luôn. 😊😊😊",POS
Mỏng mà củng ok với giá tiền,POS
Thời gian giao hàng rất nhanh,POS
Đóng gói sản phẩm rất đẹp và chắc chắn,POS
Shop phục vụ rất tốt Đóng gói sản phẩm rất đẹp và chắc chắn Thời gian giao hàng rất nhanh Chất lượng sản phẩm tuyệt vời Shop phục vụ rất tốt,POS
Thời gian giao hàng rất nhanh.,POS
"Chất được, đúng phom dáng như ảnh, so với giá tiền thì chất lượng thế này quá ổn :))",POS
Chất lượng ổn 😙😙😙😙😙,POS
Màu hơi tối so với hình nk Thời gian giao hàng rất nhanh,POS
Chủ shop rất nhiệt tình 🤗 Giao hàng lại nhanh 👍,POS
Chất lượng sản phẩm tuyệt vời phọt hơi rộng nhưng vãi mềm Rất đáng tiền,POS
"Gói hàng cẩn thận, chắc chắn",POS
Tổng thể vẫn ổn ♡,POS
Mặc kèm áo giữ nhiệt sẽ rất ấm,POS
"Giống hình , đẹp",POS
Thời gian giao hàng rất nhanh,POS
Nhưng đổi lại chất lượng âm thanh tốt so với giá tiền,POS
Giao hàng nhanh chóng,POS
"Đây là lần đầu tiên mua đồ trên mạng cảm thấy vô cùng hài lòng, giao hàng nhanh, chất lượng aó tốt và chưa kể có cả 1 bức tâm thư do chị chủ shop tự viết",POS
Giao hàng nhanh.👍👍,POS
Shop phục vụ rất tốt,POS
"3: chất vải dày dặn, co dãn vừa phải",POS
"Thời gian giao hàng rất nhanh, hậu mãi tốt",POS
Nói chung là mk rất hài lòng nha,POS
Nhưng mặc hơi rộng xíu. 5 sao cho shop,POS
Chưa sài bị hư r nhưng vẫn cho shop 5 sao,POS
Chất lượng sản phẩm tuyệt vời,POS
"Áo chuẩn size và đẹp, giao hàng rất nhanh nữa",POS
Chỉ cần nhìn cách phục vụ khách là biết hàng chất lượng. ❤️,POS
"Thời gian giao hàng rất nhanh đủ số lượng và viên tặng kèm, còn chất lượng phải trồng mới đánh giá tiếp đc",POS
Chất lượng sản phẩm tuyệt vời Đóng gói sản phẩm rất đẹp và chắc chắn Rất đáng tiền 5 sao,POS
Chất tượng phù hợp với túi tiền,POS
Đóng gói sản phẩm rất đẹp và chắc chắn Chất lượng sản phẩm tuyệt vời,POS
Đóng gói sản phẩm ok,POS
"Chất lượng sp tốt, đóng gói kỹ càng Đóng gói sản phẩm rất đẹp và chắc chắn",POS
Đóng gói sản phẩm rất đẹp và chắc chắn,POS
hàng rất đẹp ạ .dao hàng đúng thời gian,POS
"Áo đẹp, form đẹp, vải mát, nhẹ nhàng tiểu thư, ưng lắm",POS
Áo nhỏ hơn so với tưởng tượng Đóng gói sản phẩm chắc chắn,POS
Mỗi quần đong trong 1 gói riêng nên cảm thấy rất sạch sẽ,POS
Chất lượng sản phẩm tuyệt vời,POS
Đóng gói sản phẩm rất đẹp và chắc chắn Thời gian giao hàng rất nhanh Shop phục vụ rất tốt Rất đáng tiền,POS
Chủ shop nói chuyện dễ thương!,POS
"Khá hài lòng mỗi tội dài dài ,may chân mình cũng dài nên Ok luôn :* Eo hơi rộng nên các bạn chọn dưới 1 size nha :*",POS
Chất lượng sản phẩm tuyệt vời,POS
Chất lượng sản phẩm tuyệt vời,POS
Chất lượng sản phẩm tuyệt vời Đóng gói sản phẩm rất đẹp và chắc chắn Shop phục vụ rất tốt Rất đáng tiền Thời gian giao hàng rất nhanh. like shop,POS
Chất mềm và mịn,POS
Nói chung là ưng 😘😘,POS
Mìh 50kg mặc khóa trog cùg vẫn lỏng,POS
Áo yeah ok,POS
Áo đẹp đóng gói rất cẩn thận chị chủ nói chuyện rất dễ thương sau nàu sẽ tiếp tục ủng hộ shop,POS
Giá cả phù hợp,POS
Chất lượng sản phẩm tuyệt vời Đóng gói sản phẩm rất đẹp và chắc chắn Rất đáng tiền Thời gian giao hàng rất nhanh,POS
"Mặc rất vừa, nhưng chắc sang mùa đông dùng ạ",POS
Chất lượng sản phẩm hợp với giá cả,POS
Áo đẹp,POS
"nên mua nha mấy má, mà ai mang 37 nên mua 38 sẽ vừa vặn hơn :3",POS
"Shop phục vụ rất tốt Rất đáng tiền Thời gian giao hàng rất nhanh, sản phẩm đẹp, chất đẹp",POS
Đóng gói sản phẩm rất đẹp và chắc chắn Shop phục vụ rất tốt Chất lượng sản phẩm tuyệt vời Rất đáng tiền Thời gian giao hàng rất nhanh,POS
Mình khuyên a e nên mua giao hàng rất nhanh shop này làm ăn uy tin lắm cho 5s 😇😇,POS
"Phom ok, chất mềm mát",POS
Chất lượng sản phẩm tuyệt vời Đóng gói sản phẩm rất đẹp và chắc chắn Shop phục vụ rất tốt Rất đáng tiền mới đặt sáng hôm trước thì trưa hôm nay đã nhận đc hàng ( ship tỉnh) sẽ quay lại !!!,POS
Rất có thiện cảm với shop,POS
Áo đẹp lắm nhưng thái độ của nhân viên giao hàng vnpost nhanh cực kỳ md nên đừng ai chọn nha,POS
Thời gian giao hàng rất nhanh,POS
Vải rất đẹp và mát,POS
"Giao hàng nhanh lắm, áo đẹp lắm nhưng nếu áo bự tí nữa sẽ đẹp hơn",POS
Chất lượng dịch vụ bán hàng tôt,POS
Sẽ còn quay lại ủng hộ shop,POS
"Vải hơi mỏng tí thôi nhưng chất rất mát, giá hạt dẻ",POS
"Hàng giao nhanh, đóng gói Sp chắc chắn, chất lượng so với giá tiền rất là okay",POS
Chất lượng sản phẩm tuyệt vời Đóng gói sản phẩm rất đẹp và chắc chắn Shop phục vụ rất tốt Thời gian giao hàng rất nhanh Rất đáng tiền Rất đáng tiền,POS
Đóng gói sản phẩm rất đẹp và chắc chắn,POS
"Mình lấy hàng mấy lần rồi mà lần nào cũng ưng hết, shop cũng rất nhiệt tình với khách, triệu like luôn 👍",POS
Sẽ comeback khi ví hết cháy 😂,POS
"Màu rất yêu, không bị bột, uống nước không rây ra cốc💋",POS
"Áo trẻ trung, mình sẽ mua mỗi màu 1 cái để dành luôn",POS
Chất lượng sản phẩm tốt Đóng gói sản phẩm rất đẹp và chắc chắn,POS
Điểm 10 cho sự phục vụ của shop,POS
Quần chưa thử nên không biết có che được không nhưng mình k thích cái viền ren lắm,POS
Vải đẹp áo đẹp,POS
Sẽ tiếp tục ủng hộ Thời gian giao hàng rất nhanh,POS
Đóng gói sản phẩm rất đẹp và chắc chắn .hương vị thơm ngon,POS
Mua 10 lần như 1,POS
Đẹp 👍,POS
Rất cảm ơn shop vì món quà tặng kèm .... tuyệt vời thật,POS
Rất thích sản phẩm,POS
Sẽ ủng hộ shop lần sau,POS
Chất lượng sản phẩm tuyệt vời,POS
Mát,POS
"Quần rất đẹp, chỉ dễ bị bức 1 chút. 48kg 1m64 vừa y",POS
"Giao hang rat nhanh, se ung ho shop lau dai",POS
Về chất vải thì ổn và mặc thoáng mát,POS
"Ai thik mua,chọn size lớn hơn 2size ok hơn",POS
Hàng có nhanh lắm ạ,POS
Nói chung ưng.vẫn đag đặt thêm trong đợt sale,POS
Tôi rat hai long,POS
Sản phẩm tốt so với giá tiền,POS
Shop tư vấn nhiệt tình và tạo điều kiện cho khách,POS
"Gói cẩn thận, nói chung là oke, bộ ngủ rộng mượt, áo len vải hơi mỏng chút",POS
Chất lượng sản phẩm tuyệt vời,POS
Chất lượng Chất lượng sản phẩm tuyệt vời,POS
Giày đẹp,POS
Áo nhỏ hơn mk tưởng nhung cx ok vs cái giá rồi shop cx rát nhiệt tình nữa,POS
Áo màu đậm hơn so với trên hình nhưng vẫn xinh lắm ạ 😙,POS
Chúc shop đắt hàng nhe!!,POS
<3,POS
Vải rất đẹp Rất đáng tiền Đóng gói sản phẩm rất đẹp và chắc chắn Thời gian giao hàng rất nhanh,POS
Áo đẹp rất hài lòng Thời gian giao hàng rất nhanh,POS
#mọi thứ đều rất ok,POS
Đẹp cực kỳ thích,POS
Chất lượng sản phẩm tuyệt vời Đóng gói sản phẩm rất đẹp và chắc chắn.sácg hay,POS
Sản phẩm đáng tiền,POS
Áo rẻ mà đường may chắc chắn,POS
"Em thích mặc áo thun là tại vì đóng thùng với quần jean dài á , nhìn cá tính",POS
Shop dễ thương quá,POS
"Quần mặc siêu đẹp, siêu ưng",POS
Sản phẩm y như hình,POS
Chất lượng sản phẩm tuyệt vời Đóng gói sản phẩm rất đẹp và chắc chắn,POS
"Túi xách đẹp, giống hình",POS
"Chất mát, mặc vừa",POS
Chất lượng sản phẩm tuyệt vời Đóng gói sản phẩm rất đẹp và chắc chắn form đẹp vải ok,POS
Đóng gói sản phẩm rất đẹp và chắc chắn Shop phục vụ rất tốt,POS
Giao hàng cực nhanh Chất lượng sản phẩm tuyệt vời,POS
Quá đẹp,POS
Giá rẻ,POS
Bìa cực đẹp,POS
Đóng gói sản phẩm rất đẹp và chắc chắn,POS
Chất áo thì k phải lăn tănnn luôn nhưng form hơi to,POS
"Mn ngực bé không nên chọn lọai này, mặc không đẹp đâu",POS
Vải hơi mỏng nhưng Giá cả chấp nhận được Phù hợp,POS
Ủng hộ dài dài,POS
Thank shop,POS
"Mình đặt 10 chiếc nhưng shop giao 9 chiếc có lẽ do hết hàng, tiền chiếc kia shop để chung vào gói hàng luôn",POS
Shop phục vụ rất tốt Thời gian giao hàng rất nhanh Chất lượng sản phẩm tuyệt vời Shop phục vụ rất tốt Đóng gói sản phẩm rất đẹp và chắc chắn Rất đáng tiền,POS
Gội xong cảm giác hơi rít tóc,POS
Đóng gói sản phẩm rất đẹp và chắc chắn Chuẩn bị hàng nhanh Chưa mặc thử nhưng mà sờ thấy vải mềm nên tặng 5 sao,POS
Chất lượng sản phẩm tốt. phù hợp với giá tiền,POS
"Lần đầu giao sai màu nhưng shop đã chủ động đổi lại,chưa gặp shop nào nhiệt tình thế,lần đầu chắc do nhân viên mới nên ko biết,vẫn cho shop 5*",POS
Đóng gói sản phẩm rất đẹp và chắc chắn Shop phục vụ rất tốt,POS
"Áo mặc đep, ôm sát vừa vặn",POS
Anh chủ shop giúp đỡ rất nhiều!!!,POS
Hàng giống y hình Chất lượng sản phẩm tuyệt vời Thời gian giao hàng rất nhanh,POS
"Shop thân thiện, nhiệt tình lắm luôn",POS
Giá và chất lượng rất ổn,POS
Hài lòng với sản phẩm,POS
"Quần đẹp, vải mềm, mua cho mẹ cứ tưởng chật mà cuối cùng vừa vặn mỗi tội vải ko co giãn nên mẹ e cũng ko ngồi được xuống cơ mà chả sao vì mẹ e ko bao giờ ngồi xổm, đóng gói siêu cẩn thận, mở cái bọc mà toát mồ hôi 😅, shop rep ib nhiệt tình, 5* 😊",POS
Chất lượng sản phẩm tuyệt vời Đóng gói sản phẩm rất đẹp và chắc chắn Chất lượng sản phẩm tuyệt vời Rất đáng tiền Rất đáng tiền,POS
Chất vải quá ok so với giá tiền,POS
Shop phục vụ rất tốt Chất lượng sản phẩm tuyệt vời,POS
Hàng chất mà rẻ nữa,POS
Tất đep sẽ ủng hộ tiếp,POS
"Quá đẹp , Shop phục vụ rất tốt Thời gian giao hàng rất nhanh, hàng đẹp như hình",POS
"Bọc đẹp, hàng chuẩn",POS
Áo rất đẹp và Thời gian giao hàng rất nhanh Rất đáng tiền Rất đáng tiền,POS
Hàng OK đóng gói kỹ,POS
Sản phẩm đẹp,POS
Lại đc shop tặng 2 vòng choker đáng yêu nữa. 😘😘😘,POS
Đóng gói sản phẩm chắc chắn,POS
Có điều hơi rộng,POS
Hy vọng shop luôn bán hàng có tâm và đắt hàng nhé,POS
Chất lượng sản phẩm tuyệt vời,POS
"Mình đặt xong mới đọc mô tả, cứ sợ không vừa phải pass lại",POS
Áo đẹp.vải mềm mại,POS
"Chưa sd,nên chưa biết chất lượng đánh giá sau,người giao hàng dễ thương",POS
"Chất lượng sản phẩm tạm được Đóng gói sản phẩm rất đẹp và chắc chắn Đóng gói sản phẩm rất đẹp và chắc chắn Đóng gói sản phẩm rất đẹp và chắc chắn Giá cả chấp nhận được Thời gian giao hàng nhanh.Vải hơi mỏng,mặc mát",POS
"Shop phục vụ rất tốt, chất liệu dày dặn, chuẩn màu",POS
Rất đáng tiền,POS
Áo hơi mỏng nhưng cũng ok,POS
Sản phẩm ok,POS
"Hàng nhìn đúng hình, chất liệu ổn với tầm giá, ủng hộ shop 5* mong shop tiếp tục bán ra những sản phẩm chất lượng 👍",POS
Chất ok Đóng gói sản phẩm rất đẹp và chắc chắn,POS
Đóng gói sản phẩm rất đẹp và chắc chắn và giao hàng nhanh 😍,POS
Giày rất êm chân và đúng màu.mình rất thích.giao hàng nhanh,POS
"Sản phẩm chắc chắn, chất lượng sản phẩm tuyệt vời, màu giống như hình",POS
Lưu ý nhỏ là shop gói hàng bọc kĩ hơn để chống vỡ là được,POS
Đóng gói đẹp giao hàng nhanh nữa,POS
Trắng tinh luôn,POS
Thời gian giao hàng rất nhanh,POS
Dép đi êm và mềm,POS
Tuyệt vờii 😍😍,POS
Quần rất đẹp,POS
"Vai đẹp ạ, hài lòng ve sp",POS
Chất lượng sản phẩm tuyệt vời,POS
Quan dep chat luong dang tien Chất lượng sản phẩm tuyệt vời Rất đáng tiền,POS
Kem ngon nhưng không bắt mắt như hình :)),POS
Chất lượng sản phẩm tuyệt vời Thời gian giao hàng rất nhanh Rất đáng tiền Đóng gói sản phẩm rất đẹp và chắc chắn Shop phục vụ rất tốt,POS
Thái độ tốt,POS
"Áo đẹp, nhưng màu không phải đỏ đô mà nghiêng về đỏ bã trầu hơn",POS
Nhưng với giá tiền này ko đòi hỏi hơn,POS
Chất lượng sản phẩm tuyệt vời Chất lượng sản phẩm tuyệt vời Chất lượng sản phẩm tuyệt vời Đóng gói sản phẩm rất đẹp và chắc chắn,POS
Chất ok nhé.rất dày,POS
"Chất áo được ạ, form dáng, màu in ok ạ",POS
Quần đẹp lắm giá lại rẻ ..cảm ơn shop,POS
Lịke shop ...,POS
Lần thứ 2 mua hàng của shop và rất ưng ý.rao hàng cũg rất nhanh nữa,POS
Mà giá oke nữa,POS
Giao hàng siêu tốc,POS
Váy đẹp như hình ạ!,POS
"Áo đẹp , bạn nào muốn mua cứ an tâm nha, mình mua 1 lượt 3 áo, áo nào cũng đẹp",POS
Shop phục vụ rất tốt /// banh và muối ngon riêng bánh tráng kg miếng hơi nát chẳng ăn được bao nhiêu .. vẫn tặng shop 5 sao,POS
"Màu đẹp.bẳng nhỏ nhỏ,xinh xinh.mẫu mã rất đẹp",POS
"Do có cái hình cũng màu đỏ, trùng nền ko nổi 😂😂😂",POS
Áo đẹp.đúng mẫu.gói hàng kỹ,POS
Sản phẩm tốt,POS
Chất lượng sản phẩm tuyệt vời Đóng gói sản phẩm rất đẹp và chắc chắn Shop phục vụ rất tốt Rất đáng tiền Thời gian giao hàng rất nhanh,POS
Thời gian giao hàng rất nhanh,POS
Chất lượng sản phẩm tuyệt vời Đóng gói sản phẩm rất đẹp và chắc chắn se ung hộ sop dai dai,POS
Sẽ ủng hộ shop dài dài,POS
Hàng rất ưng ý ạk 😽 màu rất bắt ảnh,POS
Hàng chất lượng ổn dây hơi dài phải cắt thôi,POS
Sẽ ủng hộ shop tiếp 😙😙😙,POS
"Thời gian giao hàng rất nhanh Chất lượng sản phẩm tuyệt vời Shop phục vụ rất tốt Rất đáng tiền, ok xài ngon cho 5 *",POS
Chất lượng sản phẩm tuyệt vời,POS
Vải không nhăn nên đỡ tốn thời gian ủi ạ,POS
Chúc shop buôn may bán đắt,POS
Khá là ok .. ổn thanks you ah.,POS
Hàng rất đẹp ạ mỗi tội phải đợi hơi lâu chút dù sao vẫn cho shop 5 sao 💋,POS
"Hàng đẹp như hình, shop phục vụ tốt!",POS
"Chất lượng sản phẩm tuyệt vời, Shop phục vụ rất tốt, Đóng gói sản phẩm rất đẹp và chắc chắn",POS
"Vải đẹp , shop đã phục vụ rất tốt",POS
Chất lắm lun nhen,POS
"Váy đẹp, cám ơn Shop",POS
Thanks shop,POS
San pham ko nhu quang cao,POS
"Chất lượng sản phẩm tuyệt vời, đẹp hơn cả sự mong đợi",POS
Giống hình nhưng vải hơi nhăn Chất lượng sản phẩm tốt Chất lượng sản phẩm tốt Đóng gói sản phẩm chắc chắn,POS
Nói tóm lại là lần sau sẽ ủng hộ shop,POS
Đẹp,POS
"Sản phẩm chất lượng, rất đáng tiền, shop phục vụ rất tốt",POS
moi đat hom qua ma hnay đa nhan đuoc roi Thời gian giao hàng rất nhanh Rất đáng tiền,POS
Chất lượng sản phẩm tuyệt vời Rất đáng tiền.Hàng order mà cũng nhanh ghê...vải bao đẹp...chưa bao giờ mua áo online ưng như cái này,POS
"Áo đẹp mà thời gian giao hàng lâu quá,nên trừ 1 sao",POS
Đẹp hơn mong đợi,POS
Giao hàng nhanh chất lượng,POS
Chất lượng sản phẩm tuyệt vời Chất lượng sản phẩm tuyệt vời vải mịn mát,POS
Chất lượng sản phẩm tuyệt vời,POS
Chất lượng sản phẩm tốt Đóng gói sản phẩm chắc chắn Thời gian giao hàng tạm được,POS
"Chất lượng sản phẩm tuyệt vời,sẽ đặt thêm",POS
Sp tầm giá này thì ok.,POS
Chưa sử dụng nhưng vẫn cho 5* vì giao hàng nhanh,POS
Sản phẩm trên cả tuyệt vời,POS
"áo mặc mát , vải đẹp Chất lượng sản phẩm tuyệt vời Shop phục vụ rất tốt Rất đáng tiền Đóng gói sản phẩm rất đẹp và chắc chắn Thời gian giao hàng rất nhanh",POS
Chất lượng sản phẩm tuyệt vời,POS
Áo đẹp nè.chị bán hàng nhiệt tình nữa,POS
Hàng đẹp giá đẹp,POS
Shop phục vụ rất tốt Rất đáng tiền Thời gian giao hàng rất nhanh nói chung là OK!!,POS
Vải ok so vs giá,POS
"Màu tối hơn trong hình, chất đẹp, Rất đáng tiền",POS
Thanks shop,POS
Ưng quá,POS
Shop phục vụ rất tốt Rất đáng tiền .có kèm quà tặng 💋,POS
hàng qá chuẩn. chủ shop tận tình dễ thương hết sức :)),POS
Hàng đẹp ko lỗi âm thanh cũng ok,POS
Nhân viên giao hàng dễ thương nhanh nhẹn,POS
Shop phục vụ rất tốt,POS
"_ màu áo lên hình cũng # ngoài đời, đến tui chụp cũng vậy:)) đánh giá màu đc 80%",POS
"Chất lượng OK, dùng khá tiện",POS
Sp đep giao hang nhanh,POS
Chất lượng sản phẩm tuyệt vời,POS
Hãy thử mag và cảm nhận,POS
Ngon,POS
Sản phẩm các khớp nối ở chân đứng thì tớ cảm thấy chút ọp ẹp nhưng vẫn hãi lòng,POS
Lần sau nhất định mua thêm vài cái màu khác nữa :*,POS
"Áo form đẹp, y hình nhưng vải rất mỏng và dễ nhăn. so với giá tiền thì hơi đắt",POS
Mỗi tội shop cbi hàng lâu quá thôi,POS
Chất lượng sản phẩm tuyệt vời Đóng gói sản phẩm rất đẹp và chắc chắn Shop phục vụ rất tốt Rất đáng tiền Thời gian giao hàng rất nhanh,POS
Shop phục vụ rất tốt Rất đáng tiền Rất đáng tiền Thời gian giao hàng rất nhanh Đóng gói sản phẩm rất đẹp và chắc chắn Chất lượng sản phẩm tuyệt vời,POS
Giao Hàng nhanh,POS
Thời gian giao hàng rất nhanh,POS
Thời gian giao hàng nhanh,POS
Thank shop,POS
"Chất lượng sản phẩm tuyệt vời, thời gian giao hàng rất nhanh đáng tiền, shop phục vụ rất tốt, sản phẩm rất đẹp và chắc chắn",POS
Zth lắm shop 👍🏻💓,POS
Giao hàng rất nhanh,POS
"Tay áo hơi ngắn, chất lượng tốt, phù hợp với giá tiền",POS
Ok lăm shop,POS
"Áo dày,đẹp",POS
"Chất lượng oki, giao hàng nhanh",POS
Mua shop dài dài 😍😍,POS
Sản phẩm như hình,POS
"dép hơi nhỏ so với size, các bạn mua size lớn hơn 1 nhé, mình mua 37 mang trật , shop phục vụ tốt",POS
"Thời gian giao hàng 20h thât ko thể tin nổi quá nhanh, hàng đep y hình, shop là 1 trong những shop mà mình tin tưởng nhất shopee, sẽ ủng hộ dài dài",POS
"đặt xanh rêu mà giao sọc xám, mặc rất ok chỉ hơi buồn vì k đúng màu. các mẫu còn lại đúng màu đúng dáng Đóng gói sản phẩm rất đẹp và chắc chắn",POS
"Đồ cực xinh yêu luôn, chị chủ dễ tính, nhiệt tình hài hước nữa",POS
Mỏng nhẹ,POS
Chất lượng sản phẩm đẹp hơn mong đợi.Hàng tốt giá rẻ.Đóng gói sản phẩm đẹp,POS
"Ngăn vên trong rộng, lên form túi rất chuẩn",POS
Chất lượng sản phẩm tuyệt vời Màu có hơi tối hơn trong hình của shop,POS
"Áo y hình , lên dáng đẹp khỏi bàn 😘😘😘",POS
Tuyệt vời,POS
Thời gian giao nhanh hơn t tưởng,POS
giày êm chất lắm mọi người,POS
Đóng gói okay,POS
Cảm ơn shop nhiều,POS
Shop phục vụ rất tốt,POS
"Chất lượng sản phẩm tuyệt vời Áo đẹp , chất đẹp mình rất ưng",POS
Đóng gói sản phẩm rất đẹp và chắc chắn,POS
Túi xách đẹp,POS
"ao may rat dep, vai mac rat miem mai, cam thay rat thich ao. chat luong lam .cam on shop",POS
Chất lượng sản phẩm tuyệt vời,POS
Chất lượng sản phẩm tuyệt vời Thời gian giao hàng rất nhanh sẽ ủng hộ shop tiếp,POS
Được vs giá tiền nha mn hàng ổn trừ cái cổ áo thì ổn hơi nhăn,POS
"Hàng chất đẹp lắm shop, sẽ ủng hộ shop nữa",POS
Chất lượng sản phẩm tuyệt vời Đóng gói sản phẩm rất đẹp và chắc chắn Shop phục vụ rất tốt Rất đáng tiền Thời gian giao hàng rất nhanh,POS
Áo siêu yêu luôn🙃🙃🙃🙃Tặng shop 5 sao,POS
CHỦ SHOP DỄ THƯƠNG CỰC💓💓,POS
"Áo y hình, dày dặn, chất thích",POS
Áo đẹp mỗi cái k nghe shop lấy số L nên mặc bị rộng,POS
Nhanh,POS
Đóng thùng đep,POS
Chất lượng sản phẩm tuyệt vời,POS
Sp ok,POS
"Áo mềm mịn, form hơi nhỏ",POS
"Áo nhìn cũng được nhưng cái nơ ở cổ không đẹp cho lắm, còn lại là đẹp",POS
Sơmi đẹp lắm ạ😍,POS
Nhưng hạt thông và hạt bồ đồ ko ngon mình ko thích 2 hạt này,POS
Áo đẹp cực nhé vải dày nhưng mình nghĩ XL thì nên các bạn dưới 65kg mặc là hợp nhé tại mình 65kg mà mặc vừa khít nên 70-80kg giống shop ghi chắc là k vừa đâu ạ,POS
"Đáng tiền,Thời gian giao hàng rất nhanh, đi khá ôm chân, phần thân giày vài hơi mỏng",POS
Giao hàng siêu nhanh,POS
Đóng gói sản phẩm chắc chắn Shop phục vụ rất tốt,POS
Chất lượng sản phẩm tuyệt vời Đóng gói sản phẩm rất đẹp và chắc chắn Shop phục vụ rất tốt Rất đáng tiền,POS
"Chất lượng sản phẩm tuyệt vời, vải đẹp",POS
Giao hàng nhanh và đóng gói hàng tốt,POS
"Vải OK, mình 1m53 nên mặc hơi dài nhưng vẫn rất thích, form đẹp",POS
Chất lượng sản phẩm tuyệt vời.Đóng gói sản phẩm rất đẹp và chắc chắn,POS
"Giao hàng nhanh, màu và chất vải khá ok, rất đáng tiền",POS
"Lần này giao hàng hơi chậm, nhưng vẫn cho 5 sao vì chất lượng sản phẩm cũng như sự nhiệt tình của shop 😊",POS
Hàng đẹp và ưng ý lắm ạ Chất lượng sản phẩm tuyệt vời,POS
Sản phẩm rẻ mà tốt nữa,POS
Tớ sẽ quay lại mua tiếp,POS
"Đóng gói sản phẩm quá chắc chắn, Thời gian giao hàng rất nhanh Shop phục vụ rất tốt",POS
Giao hàng nhanh,POS
"Shop tư vấn nhiệt tình, đai đẹp chắc chắn, hơn cả kỷ vọng, sẽ mua tiếp khi hạ size",POS
"Giao đúng mẫu, đúng màu sắc và mã số đặt hàng",POS
Chất lượng sản phẩm tuyệt vời,POS
Giá cũng tốt,POS
Chất lượng sản phẩm tuyệt vời Rất đáng tiền,POS
Rất đáng tiền,POS
Giao hàg thì thôi nhah khỏi nói,POS
Đẹp xuất sắc lun nha,POS
"Nhận được sản phẩm phải nói là tuyệt vời , cảm ơn shop rất nhiều",POS
Chất lượng tốt,POS
Vải đẹp,POS
Chất áo ok,POS
Quan đẹp lắm al,POS
Giao hàng nhanh nữa,POS
"Nhưng trà này mình thấy rất dễ uống, uống xong bình thường chỉ tim đập nhanh lúc đó và hơi mất ngủ tí thôi (((: nói chung là nên mua",POS
Tháng sau nhận lương lại thêm 1 em xanhh ngọc nữa ❤ shop nhớ giảm giá nhennnn 😆😆😆,POS
Đóng gói sản phẩm rất đẹp và chắc chắn. rat tủyet,POS
Giao hàng nhanh Đóng gói sản phẩm rất đẹp và chắc chắn,POS
Áo đẹp giá mềm,POS
Sản phâm cũng được,POS
Chất oki,POS
quá tuyệt vời. rất ưng ý,POS
Chất vải cực kì đẹp,POS
Đóng gói sản phẩm chắc chắn,POS
Hàng đẹp cho 5* tuy nhiên đồ bộ chất hơi mỏng,POS
Sẽ ủng hộ các sp khác của shop nếu chất lượng và giá cả tốt nv,POS
Đóng gói cận thận vad giao hg nhanh,POS
Giá cả phải chăng,POS
Mà vải dễ nhăn quá,POS
ao len ôm dáng mà mịn lắm. mặc nhẹ như không,POS
Chất lượng sản phẩm tuyệt vời .Đóng gói sản phẩm rất đẹp và chắc chắn,POS
"Giao nhanh, non rat dep, dong goi rat ky, minh rat hai long va se tiep tuc ung ho shop",POS
Có điều hơi chật kích,POS
"Tâc dụng khá tốt, chỉ chưa biết là giữ được bao lâu",POS
Đẹp lắm mà v3 93 nên ko vừa hic,POS
Cám ơn,POS
"Shop phục vụ rất tốt Thời gian giao hàng rất nhanh tuy nhiên vải sản phẩm hơi mỏng, hàng y hình",POS
Sản phẩm tương đối ổn so với giá,POS
Đẹp như hình ảnh shop đăng,POS
Khá hài lòng. 😊,POS
Shop phục vụ rất tốt Đóng gói sản phẩm rất đẹp và chắc chắn Đóng gói sản phẩm rất đẹp và chắc chắn Rất đáng tiền Thời gian giao hàng rất nhanh,POS
Bạn nào đang đắn đo thì mua ngay đi nhé 😍😍😍,POS
Áo khoác đẹp lắm ạ❤,POS
Đóng gói sản phẩm rất đẹp và chắc chắn,POS
"Đẹp, mỗi tội hơi xòe tí",POS
Chất lượng sản phẩm tuyệt vời Shop phục vụ rất tốt Shop phục vụ rất tốt Rất đáng tiền,POS
"Sản phẩm tốt, rất đáng tiền !!",POS
Cảm ơn món quà của Shop ^^,POS
Chất lượng sản phẩm tuyệt vời,POS
"sản phẩm rất ok, kể cả áo trong của nữ chất vải cũng mềm đẹp, mang lên sang chảnh, tui mình diện đi sinh nhật ai cũng khen đẹp đôi, nói chung là rất hài lòng",POS
Vải đúng giá,POS
Đóng gói sản phẩm tạm được Giá cả chấp nhận được Thời gian giao hàng quá lâu,POS
giày rất đẹp và thời gian giao hàng cực nhanh ❤️❤️,POS
"Chất lượng sản phẩm tuyệt vời, váy này mình thích nhất",POS
Cách phục vụ của shop yêu lắm,POS
"Chất lượng ổn với giá, ít bọt.",POS
"Áo sơ mi ok, có chức dài nhưng mặc vơí quần âu ok",POS
Tuy có hơi mỏng nhưng áo rất đẹp ❤️❤️,POS
Khi nào có j hot lại ủng hộ shop tiếp ☺️,POS
Size chuẩn chủ shop quá nhiệt tình luôn ạ,POS
🙈❤ xinh lắm ạ,POS
"Lần đầu mua ở shop, sản phẩm rất chất lượng",POS
Đã mua hàng lần thứ 2 của shop,POS
Nghe được chuẩn lossless,POS
Mình đặt 1 áo và sau đó thêm 2 áo nữa...áo quá đẹp,POS
Sp như hình,POS
Hợp lý với giá tiền,POS
Còn dc tặng quà,POS
Thích lắm luôn,POS
Hương thơm dễ chịu,POS
Áo đẹp,POS
Chị chủ rất de thương,POS
"Gà ngon lắm, rất giòn và cay",POS
"Chất lượng sản phẩm tuyệt vời, vải đẹp mát",POS
Tôi rất thích sản phẩm này,POS
Màn hình to và khá là hd,POS
Đóng gói sản phẩm rất đẹp và chắc chắn Rất đáng tiền,POS
"Chất lượng sản phẩm tuyệt vời Đóng gói sản phẩm rất đẹp và chắc chắn, shop tặng thêm gương nhỏ tiện bỏ túi xách rất dễ thương, sẽ ủng hộ nhiều hơn",POS
Chất lượng sản phẩm tuyệt vời Đóng gói sản phẩm rất đẹp và chắc chắn Shop phục vụ rất tốt Rất đáng tiền Thời gian giao hàng rất nhanh chưa sử dụng nhi7ng nhìn chug ổn,POS
Chất lượng sản phẩm tuyệt vời,POS
"Áo này xinh lắm luôn nè, chúc shop buôn may bán đắt, nhớ để ý rep tin nhắn khách là đc nhé,mình chụp review cho bạn nào còn lăn tăn nhé",POS
Nói chung là thích,POS
Đầm xinh nè Rất đáng tiền Thời gian giao hàng rất nhanh Đóng gói sản phẩm rất đẹp và chắc chắn,POS
chất đẹp mỗi tội chiều dài hơi ngắn,POS
"Sản phẩm ko như hình, tay ngăn hon hinh, form mĂc tạm ổn",POS
Mỗi tội đợi giao hàng hơi lâu,POS
Đóng gói sản phẩm rất đẹp và chắc chắn Rất đáng tiền Chất lượng sản phẩm tuyệt vời nhưng có điều vành nón mềm quá khi đôi bị rủ xuống noi chung cung hài lòng,POS
Vãi đẹp,POS
Thời gian giao hàng rất nhanh Thời gian giao hàng rất nhanh Shop phục vụ rất tốt Đóng gói sản phẩm rất đẹp và chắc chắn,POS
"Mình thấy sử dụng bình hơi khó nên đã chat với nhân viên, nhân viên của kidsplaza hỗ trợ rất nhiệt tình, thân thiện",POS
Chất lượng tốt có nhiều quà tặng kèm,POS
Chất lượng sản phẩm tuyệt vời Đóng gói sản phẩm rất đẹp và chắc chắn Shop phục vụ rất tốt.sẽ tiếp tục mua hàng của shop,POS
cưng hết sức... ^^ hết nơm nớp si nghĩ rồi..,POS
Đóng gói sản phẩm rất đẹp và chắc chắn,POS
"Chất áo mịn, đẹp",POS
Shop bán hàng tốt,POS
shop nch so cute!,POS
Tinh dầu thơm lắm có tem chống hàng giả nữa,POS
Chất lượng sản phẩm tuyệt vời Chất lượng sản phẩm tuyệt vời Đóng gói sản phẩm rất đẹp và chắc chắn Shop phục vụ rất tốt Rất đáng tiền Rất đáng tiền Thời gian giao hàng rất nhanh.Áo mặc đẹp lắm,POS
Dùng thử thấy cũng ổn,POS
Vải trước đẹp hơn,POS
"NGON, NGỌT, KO NHỎ QUÁ ĐÂU NHA, MÌNH THẤY GIÁ NHƯ VẬY LÀ QUÁ RẺ ,5 SAO",POS
Thời gian giao hàng rất nhanh,POS
C bán hàng rất Tử tế,POS
Sản phẩm nhận được từ mẫu mã đến chất lượng đều rất tốt,POS
Tuy nhiên giao sai màu mình đặt nên giảm sao,POS
Mọi người nên mua ủng hộ nhá vải đẹp fom chuẩn,POS
"Nhưng không sao, son vẫn rất nên mua để dùng ạ. 10000 điểm cho son đẹp và cả chủ shop đáng iu ^^",POS
Chuột chạy hết r nhé,POS
"Vải êm, 50kg mặc sz S vẫn hơi rộng nhưng váy đẹp",POS
"Mới làm 1 , 2 lần mà sạch kiến gián rồi",POS
Mình mua size 38 nhưng mang vào cứ như 37 may là vẫn vừa,POS
Chủ shop rất ok ☺️ bán hàng uy tín,POS
Cảm ơn shop,POS
Hơi bị đẹp nha!,POS
Chuẩn y hình.chưa bgio mua online chuẩn như nay,POS
Thankiu shop nhiều ạ,POS
Thời gian giao hàng rất nhanh,POS
"Áo đẹp, hơi ngắn xíu, màu nhạt đúng ý luôn 😍",POS
Thời gian giao hàng rất nhanh,POS
Chất lượng sản phẩm tuyệt vời,POS
Gói kỹ thôi rồi mặc dù mua có 2 món ❤️,POS
Chất lượng sản phẩm trên cả tuyệt vời😍 rất mê luôn...,POS
Áo bị phai màu nhưng so với giá tiền thì ok,POS
Chất lượng áo khá oke,POS
Vô cùng hài lòng khi nhận được hàng ạ 💖💖💖!,POS
"Xinhh.Hàng giống hình, vải cũng đẹp mát không mỏng lắm",POS
Chất lượng sản phẩm tuyệt vời Chất lượng sản phẩm tuyệt vơii đẹp,POS
"Chất lượng sản phẩm tuyệt vời Đóng gói sản phẩm rất đẹp và chắc chắn, Rất đáng tiền",POS
Thời gian giao hàng cực nhanh chị chủ shop tư vấn rất nhiệt tình còn được tặng thêm quà nữa,POS
Rộng và dày dặn hết ý 😂 e thấy ít ng đánh giá nên cũng hơi lo kb áo nó có ổn k mà hàng về nhìn là ưng ngay 😍😍,POS
"Bạn chủ tư vấn khá nhiệt tình. điểm cộng cho bạn ở khoản này và rep tin nhắn rất nhanh, lịch sự",POS
Sản phẩm rất ưng ý.shop phục vụ nhiệt tình,POS
Có tăng đưa,POS
áo đẹp. chị chủ tư vấn nhiệt tình. tạo điều kiện trong việc đổi trả hàng. nói chung là ưng cách phục vụ 5*,POS
"Giao hàng siêu nhanhhh, áo siêu đẹpppp form rộng thích lắm luôn",POS
Hàng vừa rẻ mà shop rep rất nhanh nha,POS
"Mình 48kg nghe đánh giá nên đặt size M mà vẫn thấy hơi kích xíu vì mình thích mặc rộng rãi, vải đẹp, màu đẹp chỉ là viền cổ màu vàng ko thích xíu thôi nhưng mua dc giá fs còn áp mã gg nữa nên cũng hài lòng rồi, bộ này chỉ dưới 50kg thôi mập hơn là mặc chật đó nha mọi người",POS
Tư vấn tốt,POS
Sẽ theo shop dài dài,POS
"Chất lượng sản phẩm tuyệt vời, nhung giao trung mau",POS
Rất đáng tiền,POS
áo quá đẹp và vừa ý. sẽ ủg hộ shop nữa,POS
Đồ đẹp lắm,POS
"Sản phẩm đc đóng gói cẩn thận , chất vải rất tốt , rất ưng ý",POS
Bút dùng rất ok,POS
Viền bị sổ chỉ Chất lượng sản phẩm tuyệt vời,POS
Rất rất hài lòng.cảm ơn shop nhé,POS
Đường may chắc chắn,POS
Mùi rất thơm,POS
Đóng gói sản phẩm rất đẹp và chắc chắn,POS
"Vải đẹp, màu sắc chất liệu y hình",POS
"Quần rất xinh, sẽ ủng hộ shop dài dài",POS
"Áo xinh lắm chất cũng đẹp, màu không giống như hình, áo đỏ nâu chứ không phải đỏ burgundy nhưng vẫn xinh <3",POS
Shop cb hàng và giao hàng rất nhanh,POS
"Bánh ngon, thơm, giao hàng date mới căng",POS
Shop giao hàng rất nhanh.bộ rất đẹp nhé,POS
Thời gian giao hàng rất nhanh,POS
Chất lượng sản phẩm tuyệt vời,POS
"Giao hàng nhanh cực, áo rất đẹp ạ~",POS
"Chất lượng tốt,phí ship hơi cao với mua hai chiếc",POS
Đóng gói sản phẩm rất đẹp và chắc chắn Thời gian giao hàng rất nhanh Rất đáng tiền,POS
"Lần đầu mua online, chắc phải ủng hộ shop dài dài :D",POS
Nhưng sản phẩm ok. ^^,POS
Đẹp lắm luôn,POS
"Shop phục vụ rất tốt, Rất đáng tiền",POS
Cảm ơn shop,POS
"Hàng tốt, rất vừa ý",POS
Nhưng vậy là ok rồi,POS
"Áo rất đẹp,lần đầu đặt shop nhưng rất ưng ý",POS
Quần chất lượng tốt. mình mặc vừa in rất rất là ưng,POS
"Vải đẹp, dày dặn",POS
Hàng chất lượng,POS
Đóng gói sản phẩm rất đẹp và chắc chắn Shop phục vụ rất tốt Rất đáng tiền Thời gian giao hàng rất nhanh cảm ơn nhá,POS
Hàng đẹp.so voi giá tiền vậy là ok Đóng gói sản phẩm rất đẹp và chắc chắn Chất lượng sản phẩm tuyệt vời,POS
"Sh gửi tông xoẹt tông xanh xanh như.màu nhà mới của m luôn, thik cực kì, cám ơn shop nhìu",POS
"giống ảnh, chất đẹp, giao hàng nhanh",POS
Chất len đẹp form mặc rất đẹp,POS
"Giao hàng nhanh, ch dùng nên ch biết chất lượng như nào nhg nói chung là quá rẻ",POS
"Chất lượng sản phẩm tuyệt vời rất ok pin ổn ,nên mua nha mọi người 5sao",POS
"Hàng đẹp, giá ưng",POS
Rất đáng tiền Rất đáng tiền Thời gian giao hàng rất nhanh Shop phục vụ rất tốt,POS
Nhìn hình thức giống trên hình,POS
Shop phục vụ rất tốt,POS
Kiểm tra hàng kỹ trc khi gởi,POS
Rất ưng ...,POS
Giao hành nhanh sản phẩm tốt đúng màu,POS
bóng nhìn rất đẹp đá tốt rất đáng tiền,POS
Thời gian giao hàng rất nhanh,POS
Đóng gói sản phẩm rất đẹp và chắc chắn Đóng gói sản phẩm rất đẹp và chắc chắn Rất đáng tiền Rất đáng tiền,POS
"Đẹp, chất mềm mại mặc rất thích, chủ shop nhiệt tình Chất lượng sản phẩm tuyệt vời Shop phục vụ rất tốt Rất đáng tiền Thời gian giao hàng rất nhanh",POS
Cảm ơn sho,POS
áo đẹp giá ok,POS
Chất lượng sản phẩm tuyệt vời,POS
Giao hàng siêu nhanh,POS
"Tư vấn kĩ, mình mua áo về thử k hợp shop vui vê đổi áo khác nhiệt tình",POS
Sẽ ủng hộ shop.,POS
Sop phục vụ rất nhiệt tình..,POS
Quần rất đẹp,POS
"Chất lượng sản phẩm tuyệt vời, tặng thêm cái túi siêu cute luôn",POS
Áo mặc xinh,POS
"Đặt màu trắng giao màu xanh, còn lại ok",POS
Màu sắc đáng yêu lắm :),POS
Thời gian giao hàng rất nhanh,POS
Chất áo cx dày Chất lượng sản phẩm tuyệt vời Rất đáng tiền Thời gian giao hàng rất nhanh,POS
Áo đẹp,POS
Đóng gói sản phẩm rất đẹp và chắc chắn Thời gian giao hàng rất nhanh,POS
Áo quá đẹp 😂😂,POS
3 chiếc 1 chiếc bị rách :(,POS
Áo sờ chất rất thích,POS
Cảm ơn shop nhé.tai nghe phê lắm.nhìn chắc chắn,POS
Đóng gói sp đẹp mắt,POS
Giá lại rẻ nữa hichic,POS
"Đồ chất đẹp, mát, giá rẻ so với chất lượng",POS
Chất lượng sản phẩm tuyệt vời san pham dep và tốt,POS
"đẹp, nhưng hơi bị rộng tý",POS
Chủ shop tư vấn nhiệt tình và thân thiện,POS
Cổ rộng hơn một chút thì mình thích hơn :) chất liệu dày dặn,POS
Mk cao m50. 40 kg mặc hơi rộng xíu đẹp..,POS
Shop chăm sóc KH tốt,POS
Sẽ ủng hộ shop lần sau😘😘😘,POS
Rất đáng tiền,POS
Chất lượng sản phẩm tuyệt vời,POS
"Chất vải đẹp, chị shop tư vấn nhiệt tình",POS
"Chất vải đẹp, shop nhiệt tình",POS
"Vải thun bông phù hợp mặc mùa thu, chứ mùa hè sẽ hơi nóng^^ Với giá này thì chất lượng áo thật tuyệt Đóng gói sản phẩm rất đẹp và chắc chắn",POS
"Nên mua, đi rất êm chân",POS
From rộng,POS
Hàng đẹp ak,POS
"Mặc mát, vải ok",POS
Shop phục vụ rất tốt Shop phục vụ rất tốt Thời gian giao hàng rất nhanh,POS
"Giao hàng nhanh, gói cẩn thận",POS
Chất lượng sản phẩm tuyệt vời,POS
Giao hàng nhanh hàng đẹp chất lượng vải tốt,POS
Chất lượng vẫn đẹp lắm,POS
Chất lượng sản phẩm tuyệt vời,POS
"Đóng gói sản phẩm rất đẹp và chắc chắn,quần ok lắm",POS
Áo đẹp,POS
Ưng cả áo và quần đều đẹp Chất lượng sản phẩm tuyệt vời,POS
Rất đáng tiền Thời gian giao hàng rất nhanh Shop phục vụ rất tốt Chất lượng sản phẩm tuyệt vời sẽ vẫn ủng hộ shop,POS
Thời gian giao hàng rất nhanh,POS
I like it,POS
Đẹp,POS
Form đẹp Shop phục vụ rất tốt Rất đáng tiền,POS
"Chất vải ok, hợp giá tiền 😊 cảm ơn shop ^^",POS
Giao hàng nhanh,POS
Thanks shop,POS
Đep -re.mac rat om.cho shop 10* luon.lan đau mua cua shop nhung rat thich.ung ho shop dai dai,POS
Áo dễ thương Shop phục vụ rất tốt,POS
"Áo như hình, Đóng gói sản phẩm rất đẹp và chắc chắn",POS
Đẹp mê li,POS
Shop phục vụ rất tốt,POS
Đánh lên môi rất mượt,POS
Đóng gói sản phẩm rất đẹp và chắc chắn,POS
Chất lượng sản phẩm tuyệt vời Đóng gói sản phẩm rất đẹp và chắc chắn Đóng gói sản phẩm rất đẹp và chắc chắn Shop phục vụ rất tốt Rất đáng tiền Thời gian giao hàng rất nhanh,POS
Thời gian giao hàng nhanh Đóng gói sản phẩm chắc chắn Shop phục vụ khá tốt,POS
Chất lượng tốt,POS
Chất lượng sản phẩm tuyệt vời Đóng gói sản phẩm rất đẹp và chắc chắn Thời gian giao hàng nhanh,POS
Chất lượng sản phẩm tuyệt Shop phục vụ rất tốt,POS
Chất lượng sản phẩm tuyệt vời,POS
Về Nội dung và màu sắc sách k bắt mắt lắm. 4* thôi,POS
Lúc nào đặt hàng shop cũng rất ưng 😍😍,POS
Form không được như hình nhưng sản phẩm chất lượng ok,POS
Chất lượng sản phẩm tốt Đóng gói sản phẩm chắc chắn Shop phục vụ khá tốt vải ok..,POS
Vải voan hơi mỏng nhưng không sao,POS
Đề nghị bạn nào còn đang phân vân thì hãy mua ngayyyy ❤️❤️❤️,POS
"Đế dán keo nhìn ko chắc lắm, Thời gian giao hàng nhanh",POS
Ko mua hơi phí,POS
Chất dep,POS
Để đây cho ai mún mua,POS
Siêu thích ý,POS
Shop giao nhanh Chất lượng sản phẩm tuyệt vời Đóng gói sản phẩm rất đẹp và chắc chắn,POS
"phải nói là trước giờ lần đâu tiên mình được mặc cái áo vừa vặn như vậy, không gọng nhưng form vẫn rất đẹp, ngực mình 89 mặc size 38, áo mềm mại, mút mỏng, nhẹ nhàng",POS
"Chất lượng đến kiểu dáng đều rất đẹp ko uổng công mình đợi mòn mỏi đếm từng ngày từng ngày,,mình chụp bị dìm hàng thôi chớ ở ngoài đẹp lắm các bạn cứ yên tâm mua nhé,,còn được shop tặg kèm quà xinh xinh nữa cảm ơn nhìu ạ",POS
Áo đẹp vải tốt.Hài lòng.hy vọng mua tiếp sẽ vẫn chất lượng như vậy.cho 5 sao,POS
Chất lượng sản phẩm tuyệt vời .Đóng gói sản phẩm rất đẹp và chắc chắn,POS
Chất lượng sản phẩm tuyệt vời Thời gian giao hàng rất nhanh Rất đáng tiền Đóng gói sản phẩm rất đẹp và chắc chắn,POS
Giá mà ko có cái đường 2 bên hông thì đẹp hơn nữa,POS
Đóng gói sản phẩm rất đẹp và chắc chắn Shop phục vụ rất tốt Thời gian giao hàng nhanh Chất lượng sản phẩm tốt,POS
"Vải rất đẹp, so với giá tiền thì shop bán rẻ quá chừng luôn",POS
Chất lượng sản phẩm tuyệt vời Đóng gói sản phẩm rất đẹp và chắc chắn Thời gian giao hàng rất nhanh Thời gian giao hàng rất nhanh Rất đáng tiền,POS
Áo đẹp,POS
Sẽ ủng hộ shop dài dài,POS
"chất lượng sản phẩm tốt...shop rất nhiệt tình,giao hàng nhanh ///c.ơn shop",POS
"Màu đậm hơn so với ảnh, Chất lượng sản phẩm tuyệt vời Shop phục vụ rất tốt Thời gian giao hàng nhanh",POS
Dai hơi ngắn xíu,POS
Chất lượng sản phẩm tuyệt vời Chất đẹp lắm ạ,POS
Chất lượng sản phẩm tuyệt vời Shop phục vụ rất tốt Rất đáng tiền Thời gian giao hàng rất nhanh,POS
Chất lượng sản phẩm khá đẹp,POS
Chất cotton dày dặn,POS
Túi xinh cực kì,POS
Đẹp lắm nhé😍😍,POS
Sẽ ủng hộ shop lâu dài,POS
"Hàng đẹp lắm luôn, rẻ, các bạn nên mua..👍🏻",POS
Mình rất hài lòng với chất lượng sản phẩm,POS
Tư vấn nhiệt tình 👌👌👌,POS
Thanks Shop,POS
Tay sờ chất rất thích,POS
"Áo chất mịn, dày dặn, đẹp",POS
Ok,POS
Chất lượng sản phẩm tuyệt vời,POS
"Yếm giao đúng y như mẫu, chất vải cực tốt",POS
Cho dù hộp hơi móp nhưng quan trọng là chất lượng giày:)) ok ace,POS
Chất lượng sản phẩm tuyệt vời,POS
"Hàng rất đẹp, chất lượng có vẻ tốt, sạc nhanh ( vì cũng mới cắm sạc thử chứ chưa dùng lâu )",POS
"Chất lượng sản phẩm tuyệt vời Đóng gói sản phẩm rất đẹp và chắc chắn Shop phục vụ rất tốt Thời gian giao hàng rất nhanh, mình 45 kg sezi l hoi to",POS
Chất lượng sản phẩm tuyệt vời Đóng gói sản phẩm rất đẹp và chắc chắn.Giao hàng nhanh,POS
Chất lượng sản phẩm tuyệt vời nhưng box nát quá huhh,POS
Sau khi đặt đã không nhìn thấy lũ gián lượn lờ quanh nhà,POS
Chất lượng sản phẩm đáng với giá tiền,POS
"Đóng gói sản phẩm rất đẹp và chắc chắn,giao hàng nhanh",POS
Mặc dù áo len màu đỏ nó k giống ảnh nhưng nó vẫn đẹp 2 sp mình rất ưng,POS
Tuy k đúng màu mình chọn Shop đã cho hoàn trả hàng,POS
"Do có cái hình cũng màu đỏ, trùng nền ko nổi 😂😂😂",POS
"Nhận hàng chỉ lo thiếu vì món nhỏ mà lắt nhắt, ai ngờ k thiếu 1 món nào, m đang xài mùi trầm thơm lắm ạ Chất lượng sản phẩm tuyệt vời Đóng gói sản phẩm rất đẹp và chắc chắn Shop phục vụ rất tốt Rất đáng tiền",POS
"Gối êm, đẹp, Chất lượng sản phẩm tuyệt vời Shop phục vụ rất tốt Thời gian giao hàng rất nhanh",POS
Rat ưng,POS
"Thiết kế chưa thông minh, lúc bóc ra khó khăn",POS
Tuy màu sắc k như mong đợi nhưng hàng đẹp,POS
"Shop nhiệt tình lắm,mọi người ủng hộ shop nha",POS
"Shop phục vụ rất tốt, rất đáng tiền, thời gian giao hàng rất nhanh, chất lượng sản phẩm tuyệt vời, đóng gói sản phẩm rất đẹp và chắc chắn",POS
"Áo đẹp, chất ok",POS
"Quần dày dặn, đường may đẹp, dáng quần đẹp, màu sắc mượt mà",POS
"Khá là tốt , nên mua",POS
"Sản phẩm tuyệt vời, must-have của các chị em luôn nha 💯💯💯",POS
Vải hơi mỏng nhưng sản phẩm mặc cũng rất tốt,POS
Balo rất đẹp,POS
Em mang đến lớp đứa nào cũng hỏi mua ở đâu đấy mua hộ tao với :)) Hàng đẹp lắm,POS
Sản phẩm rất ổn,POS
"Chất lượng sản phẩm tuyệt vời , giao hàng siêu nhanh",POS
"Chất lượng sản phẩm tuyệt vời, rất đáng tiền",POS
"Giày đẹp, shop tư vấn tận tình",POS
Chất liệu tốt hàng rất đẹp,POS
"Dịu nhẹ cho da, da mình nhạy cảm và có mụn",POS
Xài bền lắm. 😘😘😘,POS
Thời gian giao hàng rất nhanh,POS
Váy đẹp và rẻ,POS
Áo đẹp màu cũng xinh,POS
Shop gói hàng rất cẩn thận😘 Rất hài lòng ạ😊😊 Shop phục vụ rất tốt,POS
thanks shop,POS
"Áo đẹp, đúng như hình, vải khá dày",POS
Mang đẹp lắm ạ,POS
Quần đẹp.vải dày.đáng tiền,POS
Sp trên cả mong đợi luôn ạ,POS
"Áo giống y như hình, vải dày ấm",POS
"Len dày dặn,hàng y hình 👍",POS
Đóng gói sản phẩm rất đẹp và chắc chắn Đóng gói sản phẩm rất đẹp và chắc chắn Đóng gói sản phẩm rất đẹp và chắc chắn Đóng gói sản phẩm rất đẹp và chắc chắn Đóng gói sản phẩm rất đẹp và chắc chắn Chất lượng sản phẩm tuyệt vời Chất lượng sản phẩm tuyệt vời Chất lượng sản phẩm tuyệt vời,POS
Tuyệt vời cho sản phẩm .Mọi ng ai thích kiểu quần này thì cứ mua của shop là chuẩn,POS
Chất lượng sản phẩm tuyệt vời Đóng gói sản phẩm rất đẹp và chắc chắn Đóng gói sản phẩm rất đẹp và chắc chắn Rất đáng tiền Thời gian giao hàng rất nhanh,POS
Shop phục vụ rất tốt,POS
Hàng rất đẹp y như trong ảnh tôi rất hài lòng,POS
Vải và form váy rất đẹp tuy nhiên size M mình eo 65 vẫn hơi rộng lưng 1 chút,POS
"Chất lượng sản phẩm tuyệt vời, quần rất đẹp ạ",POS
"Thời gian giao hàng cực kì nhanh, chất lượng sản phẩm rất tốt, hài lòng",POS
Mang êm chân lắm nè,POS
Chất lượng sản phẩm tuyệt vời Đóng gói sản phẩm rất đẹp và chắc chắn Chất lượng sản phẩm tuyệt vời Chất lượng sản phẩm tuyệt vời Chất lượng sản phẩm tuyệt vời Đóng gói sản phẩm rất đẹp và chắc chắn,POS
"Sáo đẹp ❤ nhưng shop nhớ lau cái ống nhựa trước khi cho sáo vào nhé, sáo và dây treo hơi dính bụi bẩn 😔 Thời gian giao hàng rất nhanh 👌 Rất đáng tiền 🖒",POS
"Đóng gói sản phẩm rất đẹp và chắc chắn, mua có tuyp srm vs tuýp kcn mà đóng thùng, lót xốp lun á",POS
Tuyệt,POS
Chất lượng sản phẩm tuyệt vời rất ok,POS
"Form đẹp, shop còn tặng 1 gương mini dễ thương",POS
Tuy nhiên màu bên ngoài đậm và tối hơn so với ảnh,POS
Rất ưng ạ <3,POS
Chất lượng sản phẩm tuyệt vời Đep y hình chất dầy dặn Rất đáng tiền Thời gian giao hàng rất nhanh,POS
"Chất lượng sản phẩm tuyệt vời .Đóng gói sản phẩm rất đẹp và chắc chắn, Rất đáng tiền .Thời gian giao hàng rất nhanh",POS
Giao hàng nhanh,POS
Sản phẩm ngon,POS
Chất lượng sản phẩm tuyệt vời Đóng gói sản phẩm rất đẹp và chắc chắn Rất đáng tiền Rất đáng tiền Thời gian giao hàng rất nhanh,POS
Aó đẹp lắm .cám ơn shop nhiều,POS
Chất lượng sản phẩm rất tốt :^ Đóng gói cũng kĩ càng ạ uwu,POS
Anh ship rất nhiệt tình ạ,POS
"Chất liệu và kiểu dáng ổn, phù hợp với giá tiền",POS
Rất đáng tiền,POS
Mặc vẫn xinhhhhhhhhhh,POS
"Quần thì đẹp mà hơi ngắn, mình 1m63 mặc trên mắt cá gần gang tay, shop cực iu và giao hàng cực nhanh, mình thjk ❤️❤️❤️",POS
"Hàng tốt, sr shop về cái địa chỉ 😀",POS
Chất lượng sản phẩm tuyệt vời Đúng hàng cưa Mỹ thơm ngon Đóng gói sản phẩm rất đẹp và chắc chắn Rất đáng tiền,POS
Sản phẩm tốt,POS
Nói chung là m ưng,POS
"Thời gian giao hàng rất nhanh Shop phục vụ rất tốt Đóng gói sản phẩm rất đẹp và chắc chắn, phù hợp vs giá tiền...",POS
Mình mặc mẫu ý cũng đc,POS
"Chất lượng sản phẩm tuyệt vời, Đóng gói sản phẩm rất đẹp và chắc chắn",POS
Chất lượng sản phẩm tuyệt vời Đóng gói sản phẩm rất đẹp Shop phục vụ rất tốt Thời gian giao hàng rất nhanh,POS
Giày đẹp lắm ạ .quá đẹp trong tầm giá,POS
"Sp sale đẹp, chất lượng",POS
"Hàng giống y như hình nhé...vải mặc mát lắm ạ,giao hàng nhanh 👍",POS
Còn chất vải thì khỏi bàn ạ,POS
Sản phẩm tốt,POS
Cha Chất lượng sản phẩm tuyệt vời,POS
Bông tai đẹp lắm,POS
"Thời gian giao hàng rất nhanh, hạt thơm",POS
Sản phẩm vừa ý với số tiền !!,POS
Áo đẹp lắm í,POS
Cảm ơn shop nhiều 😍😘😘😙,POS
Good product quality,POS
Vải mỏng mịn,POS
giao hang nhanh . sp ok,POS
Yêu quá!,POS
Sp tốt lắm ạ,POS
Cực kì ưng ý ❤,POS
Tks shop,POS
"Giày đẹp, mang êm",POS
Ưng lắmm luông á.,POS
Thời gian giao hàng rất nhanh Rất đáng tiền Chất lượng sản phẩm tuyệt vời Đóng gói sản phẩm rất đẹp và chắc chắn Shop phục vụ rất tốt,POS
Quá đẹp khỏi bàn cãi,POS
"Chuyển hàng nhanh, chất lượng tốt",POS
"Sp khi nhận rất là ưng ý, màu rất đẹp, chắc chắn, k nghĩ nó xinh đến vậy 😁😁 ship hàng nhanh, đóng cẩn thận",POS
vải đẹp,POS
Giao hàng hơi lâu,POS
"Set tất mở ra iu vô cùng, shop đóng gói lại đẹp mắt nữa",POS
Rộng dài thoải mái 😍 có điều mình ng bé nên nhìn hơi dài :>> but vẫn thích 😍 shop và áo 💞💞,POS
Shop phục vụ rất tốt Rất đáng tiền Đóng gói sản phẩm rất đẹp và chắc chắn Chất lượng sản phẩm tuyệt vời Thời gian giao hàng rất nhanh,POS
"Áo nhẹ, mặc mát, thoải mái lắm ạ 😘",POS
áo rất đẹp ^^ và giao hàng nhanh nữa ạ :)),POS
"Shop nhiệt tình, dễ thương",POS
"Áo đẹp lắm ạ ,chất vải ok , logo và chữ in rất net và đẹp!",POS
chất lượng sp tuyệt vời,POS
Chất lượng sản phẩm tuyệt vời chỉ có giao hàng hơi lâu thôi à,POS
"Giao hàng nhanh,mặc dù anh shiper làm móp cái hộp đựng.giày đúng như hình,mặc dù hơi lộ vân keo.nói chung trong tầm giá này thì mình cảm thấy ổn.sẽ ủng hộ shop nhìu sản phẩm nữa 😉",POS
Mặc đẹp lắm nha Đóng gói sản phẩm rất đẹp và chắc chắn,POS
màu đẹp. nhưng mặc rất giãn,POS
"Chất lượng sản phẩm tuyệt vời, rất đáng tiền, vải và form siêu đẹp",POS
Chất lượng sản phẩm tuyệt vời,POS
Thời gian giao hàng rất nhanh,POS
Vải mỏng 1 chút nhưng áo y hình. khá đẹp,POS
Màu không giống trên ảnh Shop phục vụ khá tốt,POS
10 sao =)))) ( ảnh dìm áo ),POS
Rất đẹp,POS
Sản phẩm tốt y như hình tuyệt vời,POS
"Vải đẹp, hơi dày nhưng ko nặng tay lắm",POS
Nhưng chất rất đẹp và rất hài lòng vì chất dày dặn,POS
Xinh lắm ý ạ..,POS
Váy đẹp nhưng hơi ngắn với ng cao 1m7,POS
Vải dày ít co dãn,POS
Mua lần 2 vì quá đẹp TT Chất lượng sản phẩm tuyệt vời Đóng gói sản phẩm rất đẹp và chắc chắn Shop phục vụ rất tốt Thời gian giao hàng rất nhanh,POS
Rất hài lòng cả 2 lần mua hàng,POS
Chất lượng sản phẩm tuyệt vời,POS
Sản phẩm giá quá rẻ & chất lượng tốt so với giá thành,POS
Áo đẹp lắm lắm 😍,POS
"Form áo đẹp, vải không quá mỏng không quá dày",POS
Đẹp ai muốn mua cung k hoi hận,POS
Thời gian giao hàng rất nhanh Rất đáng tiền,POS
Đóng gói sản phẩm rất đẹp và chắc chắn,POS
"Chất lượng sản phẩm tốt, giống hình",POS
"Giao hàng rất nhanh, phản hồi nhanh, cho shop 5 sao",POS
"Thời gian giao hàng rất nhanh, Rất đáng tiền",POS
"váy rất xinh, chất vải mịn mát,đặc biệt là may không bị ngắn so với chân mình, mặc đi chơi luôn mà ai cũng khen cả nhưng mình không thích chụp ảnh nên không feedback được cho shop",POS
chị chủ dễ thương lắm ạ. lại còn đc tặng quà nữa chứ. e dùng shoppee lâu lắm rồi mà hôm nay mới muốn bấm theo dõi shop đầu tiên. 5sao ạ❤️❤️ Chất lượng sản phẩm tuyệt vời Đóng gói sản phẩm rất đẹp và chắc chắn,POS
Màu lên 😍 đẹp,POS
"Màu trắng đẹp, hồng hơi quê :)",POS
"Tưởng hàng order đợi lâu nhưng giao nhanh hơn mình nghĩ, áo mặc đẹp vô cùng ưng ý. 5* ☺️",POS
Áo chất đẹp mặc ôm dáng,POS
"Mật để trong tủ đa´ không bị đóng đa´ , chất lượng thật",POS
"Hạt ăn giòn, ngon",POS
Chất lượng sản phẩm tuyệt vời Đóng gói sản phẩm rất đẹp và chắc chắn Rất đáng tiền Thời gian giao hàng rất nhanh,POS
Thảm đẹp ô kê,POS
"Chất lượng sản phẩm tuyệt vời Đóng gói sản phẩm rất đẹp và chắc chắn, màu hơi đậm hơn mình nghĩ",POS
Tay áo xấu vãi,POS
Giao hàng nhanh,POS
Hàng rất đẹp mình rất vừa ý,POS
Chất lượng sản phẩm như hình,POS
Chất lượng sản phẩm okie,POS
"Chị chủ shop nhiệt tình đáng yêu lắm ạ, giao hàng rất nhanh váy mềm mịn chuẩn form y hình",POS
Nhìn tổng thể thì được,POS
Áo giống hình đẹp lắm,POS
"Túi rác rất dai, dùng thích",POS
Chất lượng sản phẩm tuyệt vời.chủ shop vô cùng dễ thương và nhiệt tình,POS
Đóng gói đc,POS
Chất lượng sản phẩm tạm được so vs giá tiền thì v là ok,POS
Áo đẹp quá,POS
Có cái cùng 1.size mà có cái lớn hơn 1 chút,POS
"Áo đẹp, form đẹp, đóng gói cẩn thận nữa :D Mình ưng cực kì ấy",POS
Shop phục vụ rất tốt,POS
thấy da mặt khô hon.bớt dầu.da minh thuộc da nhạy cảm.nhung dùng rat ok.k bị mẩn ngứa,POS
Tôn dáng ngực,POS
"giao hàng hơi chậm, nhưng chất lượng rất tốt luôn ạ",POS
"Shop rất dễ thương nha, vải mịn mà mát cực!!",POS
Shop phục vụ rất tốt,POS
Thun co giản tốt,POS
Chất lượng sản phẩm tuyệt vời.ghế đẹp và chắc chắn,POS
Đóng gói cẩn thận ok,POS
Chất lượng sản phẩm tuyệt vời Qua Ngon Nhưng Hơi Méo,POS
Áo rất đẹp,POS
Nói chung là rất hài lòng về shop,POS
Chất lượng sản phẩm tuyệt vời,POS
Túi đẹp... cưng lắm 🤗🤗🤗😘😘😘,POS
"Áo rất đẹp, mình rất ưng ý",POS
Chưa khi nào mua đầm online mà ưng như lần này,POS
"Vải đẹp, mỏng nhưng k lộ",POS
"Rất đáng tiền, hợp lí",POS
"Chất lượng sản phẩm tuyệt vời ,,thời gian giao hàng tuy hơi nâu nhưng ko quan trọng, quan trọng là chất lượng của sp .Cảm thấy rất hài lòng 👍👍👍",POS
Free size nhưng lại giao áo nữ l áo nam cỡ xl . 2 cái áo to như cái thùng phi sao mà mình giao cho khách đặt,POS
Rất ưng ý,POS
Chất lượng sản phẩm tuyệt vời mình ốm hơi rộng tí thôi,POS
"Sản phẩm tốt, y hình",POS
"Vừa in ạ, áo đẹp",POS
Chất đẹp phom dáng đẹp,POS
"Quần vải mát, ôm cơ thể, ưng ý",POS
Mình 55kg mà mặc sz M còn hơi rộng nên các bạn mập hơn k lo nha :))),POS
Sẽ ủng hộ shop dài dài Chất lượng sản phẩm tuyệt vời,POS
Rất đáng tiền,POS
Mình 52kg nhưng mặc hơi kích ngực nhé,POS
San phẩm đóng gói kỹ,POS
Like,POS
Áo vải đẹp,POS
Nghĩ mặc ko vừa ai ngờ đẹp lắm luôn,POS
"Áo rộng so với mình, giá rẻ nên vậy là ok",POS
Shop rất nhiệt tình.,POS
Thank shop Chất lượng sản phẩm tuyệt vời,POS
Mặc vào rất thoải mái,POS
Giao hàng nhanh,POS
Tiện ích,POS
Shop nhiệt tình,POS
Hàg ok,POS
Áo rất đẹp lun!!,POS
Đàn đẹp,POS
Giầy đi rất đẹp,POS
Nhưng mà thôi cũng được. 😅 Chất lượng sản phẩm tuyệt vời Rất đáng tiền,POS
Chất lượng sản phẩm tuyệt vời Rất đáng tiền,POS
"Chất lượng hàng rất tốt, giao hàng nhanh, tặng shop *****",POS
Chất lượng sản phẩm tuyệt vời Thời gian giao hàng rất nhanh Shop phục vụ rất tốt,POS
Trịu like,POS
"Loa nhỏ gọn, ms test trong phòng kín thì rất ok",POS
Giao hàng nhanh,POS
Sp như hình,POS
Chất lượng sản phẩm tuyệt vời,POS
"Hàng y hình, mặc cực ưng luôn là đằng khác ><",POS
Áo len mềm và đẹp,POS
"Hàng đẹp, lại dc shop tặng thêm quà, phục vụ rất nhiệt tình, cảm ơn shop",POS
"Chất lượng sản phẩm tuyệt vời, shop phuc vu rất ok",POS
Rất đáng tiền😍😍,POS
Tuy nhiên với giá tiền này thì chất lượng lý,POS
Khá đẹp,POS
Giao hàng nhanh dã man,POS
Chất lượng sản phẩm tuyệt vời. 😆 chưa bao giờ thất vọng về chất lượng Đóng gói sản phẩm rất đẹp và chắc chắn,POS
Chất lượng sản phẩm tuyệt vời Đóng gói sản phẩm rất đẹp và chắc chắn Shop phục vụ rất tốt Rất đáng tiền Thời gian giao hàng rất nhanh,POS
"Mới lắp vào chạy tốt, còn chất lượng phải có thời gian mới biết được, Đóng gói sản phẩm rất đẹp và chắc chắn",POS
Đẹp lắm vừa y luôn,POS
Đồ cũng đẹp phết,POS
"Chất len mềm,đẹp",POS
Rất người và y như hình ảnh của sản phẩm,POS
Shop phục vụ rất tốt,POS
Cả quần và áo rất là ok ❤️ Rất đáng tiền Chất lượng sản phẩm tuyệt vời,POS
"Mua online nhưng nhận được hàng y hình, mình và Ny mang đều đẹp và vừa y như là đi thử vậy đó, đầm nữ mang lên rất sang, vải đẹp mềm mịn mang lên chuẩn form nữa , cám ơn shop nhiều và sẽ ủng hộ shop dài lâu",POS
Sản phr rất ưng ý,POS
Nhận sai hang xin trả hàng và thanh toán tiền lại Chất lượng sản phẩm tuyệt vời Chất lượng sản phẩm tuyệt vời Đóng gói sản phẩm rất đẹp và chắc chắn,POS
"Chất lượng sản phẩm tuyệt vời, giao nhanh",POS
Chất lượng sản phẩm tuyệt vời,POS
Sẽ đặt tiếp mấy bộ nữa,POS
Chất lượng sản phẩm tốt,POS
Chúc shop buôn may bán đắt nha,POS
Chất lượng sản phẩm tốt nhưng thời gian chốt hàng rất chậm phải chờ rất lâu 😊,POS
Áo đẹp nhưng mỏng,POS
Nhìn đơn giản mà đẹp,POS
"Khá oke,,,quần hơi chật",POS
Sẽ ủng hộ shop nhiều,POS
Fom đẹpi,POS
Áo vải rất đẹp,POS
Shop phục vụ khá tốt Đóng gói sản phẩm chắc chắn,POS
"bộ đồ này rẻ và đẹp quá,",POS
Chất lượng sản phẩm tuyệt vời cảm ơn shop chúc shop bán hàng ngày càng gặt hái nhiều thành công,POS
Váy mềm mượt và lên dáng rất đẹp,POS
"Giày thì khỏi ns luôn, đẹp ko tì vết 😍😍😍",POS
Rất đáng tiền,POS
Áo đẹp lắm a Mn nên mua,POS
Vòng siêu siêu xinh luôn a~ Rất đáng tiền,POS
Chất lượng sản phẩm tuyệt vờ nha; mặc lên người chất thích dã man😊 .chị chủ còn tư vấn nhiệt tình nữa chứ .hihi,POS
Giao hàng nhanh,POS
Mặc tiện cho con bú,POS
Bán hàng rất có tâm 😊,POS
Co giãn 4 chiều,POS
Chất lượng hàng ok hơn mong đợi,POS
Chất lượng sản phẩm tuyệt vời,POS
Hang giog hinh Đóng gói sản phẩm rất đẹp và chắc chắn,POS
"chất liệu tốt , giá cả phù hợp , mặc đẹp",POS
*Áo thun mịn,POS
Cảm on c chủ rất chu đáo và tận tình với khách hàng,POS
Đóng gói sản phẩm rất đẹp và chắc chắn,POS
"Chất lượng sản phẩm tuyệt vời Chất lượng sản phẩm tuyệt vời wúa xênh Shop phục vụ rất tốt Rất đáng tiền,",POS
Cho shop 5 sao,POS
Đôi tất tặng kèm rất xinh,POS
Chất vải tạm ổn,POS
Chất lượng sản phẩm tốt,POS
Chủ shop nhiệt tình,POS
Em đánh giá 5 sao ủng hộ shop tiếp tục cố gắng ạ,POS
Chất lượng sản phẩm tuyệt vời Đóng gói sản phẩm rất đẹp và chắc chắn Shop phục vụ rất tốt Rất đáng tiền,POS
Rất biết cách làm hài lòng khách,POS
Chất phù hợp với giá tiền,POS
"Áo đẹp, chất vải mát, với mình thì thêm 1 áo lót trong nữa mặc sẽ tự tin hơn",POS
Áo đẹp Chất lượng sản phẩm tuyệt vời Thời gian giao hàng rất nhanh,POS
"Chất lượng sản phẩm tuyệt vời , shop phục vụ nhiệt tình, tư vấn khách sp chuẩn sz vừa zin, sẽ ủng hộ shop thêm",POS
Shop phục vụ rất tốt.Chất lượng so với giá thì ok,POS
Mình 55kg mua 2 size,POS
Giao hàng rất nhanh tuy nhiên bên vận chuyển làm lủng thùng hàng và lủng luôn thùng yến mạch bên trong,POS
Giày đẹp,POS
Có 10☆ cho luôn 10☆ ạ,POS
Chất lượng sản phẩm tuyệt vời Đóng gói sản phẩm rất đẹp và chắc chắn Shop phục vụ rất tốt.tuy hơi rộng nhưng rất ưng!,POS
"Quần chất đẹp,giá rẻ nhưng chất rất dày dặn.chỉ có điều nếu các bạn mua thì phải chọn nhỉnh lên 1 size mặc cho đẹp và dễ chịu chút a.chốt lại rất truất",POS
Đẹp xưât sắc Chất lượng sản phẩm tuyệt vời,POS
"Mặc rất thích, quần rất cute",POS
"Chất hơi không thấm nước 1 tí, đường may không bị lỗi, hàng đẹp ạ",POS
áo chất dày dặn mình rất thích,POS
"Giao hàng thì nhanh, đóng gói cẩn thận",POS
"Màu áo bên ngoài đẹp hơn trong ảnh nha, kiểu dáng đúng như shop đăng lun, rất rất ưng",POS
"Váy mặc lên rất đẹp, chất vải tuy hơi mỏng nhưng mình khá ưng",POS
Hàng đep hơn mong đợi,POS
Tránh trùng màu Shop phục vụ rất tốt Rất đáng tiền Thời gian giao hàng rất nhanh,POS
Shop phục vụ rất tốt,POS
Shop phục vụ rất tốt,POS
Lần đầu mua 2 đôi classic của shop bằng tài khoản kia khá hài lòng,POS
Từ form tới vải đều đẹp rất đáng tiền hihi 😍,POS
Chất lượng sản phẩm tuyệt vời,POS
Shop phục vụ rất tốt,POS
Chất lượng sản phẩm tốt.Thời gian giao hàng nhanh,POS
Sp tot trong tam gia,POS
"Tay áo không dài như hình nhưng cũng khá xinh, chất liệu vải mềm mịn",POS
Tạm chap nhận đc,POS
Đóng gói sản phẩm rất đẹp và chắc chắn Shop phục vụ rất tốt Shop phục vụ rất tốt Thời gian giao hàng rất nhanh,POS
Hàng đúng như hình rất ok,POS
Chất lượng sản phẩm tuyệt vời Đóng gói sản phẩm rất đẹp và chắc chắn Chất lượng sản phẩm tuyệt vời Đóng gói sản phẩm rất đẹp và chắc chắn,POS
"Shop cbi hàng nhanh, shop nch dễ thươhg, nhiệt tình",POS
hang nhu hinh,POS
"Chân váy rất xinh, y hình mẫu luôn. vải mỏng nhẹ, có độ xoè, đường may chỗ dây chun váy chưa đẹp lắm",POS
Chất lượng sản phẩm tuyệt vời Đóng gói sản phẩm rất đẹp và chắc chắn Thời gian giao hàng rất nhanh Rất đáng tiền,POS
Màn ok lắm như mới mua vậy đó giá 1tr6 là quá Rẻ Ae nên uh shop,POS
Còn đc tặng kèm quà,POS
Gói hàng đẹp chắc chắn đúng như mn nói,POS
Ưng ơi là ưng,POS
Đóng gói sản phẩm rất đẹp và chắc chắn Thời gian giao hàng rất nhanh Rất đáng tiền,POS
Cám ơn Shop nha,POS
Chất liệu đẹp,POS
Thời gian giao hàng khá ok,POS
Chất lượng son quá tuyệt,POS
"Giao hàng nhanh, áo mặc thoải mái, mẫu mã như hình",POS
màu nổi và tươi hơn trong hình ....màu k giống lắm.nhưng vải thì ok,POS
Đóng gói sản phẩm rất đẹp và chắc chắn Chất lượng sản phẩm tuyệt vời,POS
Đóng gói sản phẩm chắc chắn,POS
Cảm ơn shop nhiều,POS
Chất lượng sản phẩm tuyệt vời Thời gian giao hàng rất nhanh Shop phục vụ rất tốt Đóng gói sản phẩm rất đẹp và chắc chắn...Ủng hộ sh dài dài,POS
Bình cũng ok,POS
Sp nào cũng rất tốt nha,POS
Vải đẹp,POS
"Áo đẹp, chất lượng tốt, 5* cho shop 😍",POS
Chất lượng sản phẩm tuyệt vời Đóng gói sản phẩm rất đẹp và chắc chắn Đóng gói sản phẩm rất đẹp và chắc chắn Thời gian giao hàng rất nhanh Có điều vải hơi nóng thì phải còn lại vẫm tuyệt vời,POS
Áo rất ok so với thị trường thì rất đáng đồng tiền,POS
Áo đẹp!!,POS
"Giao hàng siêu nhanh luôn ạ, mình mới đặt trưa hôm qua mà trưa nay đã nhận được hàng, bộ ngủ hình cute",POS
Tuyệt vời hơn khi mua trên shopee thì được freeship,POS
Thời gian giao hàng rất nhanh,POS
Chat luong san pham tot,POS
Chất lượng sản phẩm tuyệt vời Đóng gói sản phẩm rất đẹp và chắc chắn Đóng gói sản phẩm rất đẹp và chắc chắn Rất đáng tiền Rất đáng tiền,POS
Mình rất ưng ý khi nhận hàng 😁😁,POS
Tks shop nhé,POS
Ko giống hình cho lắm,POS
Sản phẩm cực đẹp luôn.,POS
"hàng da mềm, hàng đẹp giá tốt",POS
Có cái mình ôm nên phải cắt thâu dây lưng lại nhưng mà thích lắm,POS
Chất cũng ổn nhưng Quần hơi bé,POS
Recommend!,POS
Chất lượng sản phẩm tốt Nhưng gửi nhầm mầu,POS
Giá rẻ so với chất lượng sp,POS
"Còn chân váy thì khỏi chê, mình mix thử vs áo sơ mi kiểu thấy..",POS
Thời gian giao hàng rất nhanh,POS
"váy lên form rất là đẹp, thướt tha lắm",POS
Chất lượng khá ok,POS
Chất lượng sản phẩm được 😁 Đóng gói sản phẩm rất đẹp và chắc chắn,POS
"Chất lượng sản phẩm tuyệt vời Đóng gói sản phẩm rất đẹp và chắc chắn Rất đáng tiền Giao hàng siêu nhanh, váy siêu đẹp💋💋💋",POS
Shop siêu siêu chiều khách,POS
"Vải rất tốtt, áo xinhh lắm nha",POS
Lần sau ủng hộ tiếp dài dài,POS
Mặc dù gặp sự cố nhưng cô chủ giải quyết vấn đề rất tốt,POS
Chất lượng giầy ok đeo rộng rãi thoải mái,POS
Màu đẹp quá lun nhưng ăn vào 1 phát là trôi về nơi đâu luôn =))) thôi kệ nhịn đói cho mỏ đẹp,POS
Chẳng còn nhớ là lần thứ bao nhiêu mua áo của chị,POS
Chúc shop buôn bán tốt!,POS
Hàng quá đẹp,POS
Rất đáng tiền Rất đáng tiền Shop phục vụ rất tốt,POS
"Đóng gói làm sản phẩm bị nếp gấp, mất dáng nhưng chắc mang ra di vào hôm là hết",POS
Rách nách,POS
Quá đẹp y hình luôn dáng baggy vải đúng ý mk,POS
Siêu xinh ạ ❤️,POS
Chất luong sp tôt,POS
So với giá tiền thì quá là ok luon ý,POS
Có điều chủ shop ít rep nên soạn nhầm màu nhưng vẫn chấp nhận đổi trả hàng nên miễn cưỡng cho 4*,POS
"Chất vải tuyệt đẹp ,lần sau sẽ ủng hộ tiếp",POS
Đẹp thiệt vải mịn dày,POS
Mua hàng lần hai mà vẫn rất thích,POS
Chất rất oke,POS
Giá ok,POS
Shop phục vụ rất tốt,POS
Rất đáng tiền Thời gian giao hàng rất nhanh,POS
Đẹp quá ủng hộ shop lâu dài,POS
Quần lót mặc 1 lần vậy cũng đc,POS
Vải đẹp giao hàng nhanh mjnh rất hài lòng,POS
Cảm ơn shop,POS
"Atermia rất ok, ấp nở gần hết luôn 👍👍👍",POS
Chất lượng sản phẩm tuyệt vời Đóng gói sản phẩm rất đẹp và chắc chắn Rất đáng tiền Rất đáng tiền Shop phục vụ rất tốt,POS
"Form chuẩn, đẹp 😘",POS
Mua giày của sugood nhiều rồi,POS
váy đẹp lắm mà giá như vậy là quá rẻ Chất lượng sản phẩm tuyệt vời,POS
Thời gian giao hàng rất nhanh,POS
"Tính em hễ vui lại hay dài dòng, viết bài view mà dài quá không đủ viết tiếp",POS
"Mình mua sz XL to nhất, chị bán bảo mông 90cm vừa nhưng mông mình hơn trăm vẫn bon chen tốt :) quần đẹp như ảnh, chất đẹp",POS
Cảm ơn Shop ❤️,POS
Hàng dep chat lượng tốt lan sau mua se quay lại shop,POS
Mua ở shop lần thứ 3 rồi hihi.áo đẹp lắm ạ.shop tư vấn nhiệt tình.giao hàng siêu nhanh.còn được tặng thêm quà nữa...❤️,POS
Đóng gói cẩn thận,POS
Áo rất dễ thương,POS
Vai hoi mong .nhung mặc lên ok đẹp,POS
"Hàng đẹp, giá rẻ, shop nhiệt tình",POS
Cảm ơn shop nhiều ạ,POS
"Trà dễ uống, shop tư vấn nhiệt tình, có kèm theo quà khổ hoa km nữa",POS
Quần đẹp lắm ạ..,POS
Sản phẩm đẹp hơn hình 😍,POS
"giao hang rat nhanh, rat dang tien",POS
Chất lượng sản phẩm tuyệt vời Đóng gói sản phẩm rất đẹp và chắc chắn áo bân đep vải đep,POS
Sẽ ủng hộ shop dài dài,POS
Đóng gói sản phẩm rất đẹp và chắc chắn Shop phục vụ rất tốt Rất đáng tiền,POS
Quá!!!,POS
Chất lượng sản phẩm tuyệt vời,POS
"Cảm ơn shop ạ, túi giống y hình, rất đẹp và ưng ý ạ",POS
Rất đáng tiền,POS
Chất lượng sản phẩm tuyệt vời Đóng gói sản phẩm rất đẹp và chắc chắn Chất lượng sản phẩm tuyệt vời Shop phục vụ rất tốt Shop phục vụ rất tốt Rất đáng tiền đẹp lắm ạ,POS
Mặc vừa lắm ạ,POS
"Chất lượng sản phẩm tuyệt vời, áo giống trong hình ..",POS
"Áo đẹp ngoài mong đợi, chất vải đẹp, co dãn tốt",POS
Giao hàng rất nhanh,POS
"Chất đẹp lắm, chủ shop tư vấn nhiệt tình",POS
Giá cả hạt zẻ :)),POS
Shop phục vụ rất tốt Chất lượng sản phẩm tuyệt vời Thời gian giao hàng rất nhanh,POS
"Chất lượng sản phẩm tuyệt vời Đóng gói sản phẩm rất đẹp và chắc chắn Shop phục vụ rất tốt Rất đáng tiền Thời gian giao hàng rất nhanh, chất lượng tốt giá lại rẻ, cảm ơn shop nhiều",POS
Hình rõ đẹp,POS
Giày đẹp y hình .Rất đáng tiền,POS
"Áo đẹp dã man luôn,shop tư vấn nhiệt tình",POS
"Giao hàng thần tốc, sản phẩm như hình, nói chung là ưng",POS
Chất lượng sản phẩm tuyệt vời Quần đep y hinh Đóng gói sản phẩm rất đẹp và chắc chắn Shop phục vụ rất tốt Rất đáng tiền Thời gian giao hàng rất nhanh,POS
"Đóng gói sản phẩm rất đẹp và chắc chắn Đóng gói sản phẩm rất đẹp và chắc chắn, Sip nhanh siêu tốc",POS
Chất vải rất đẹpp,POS
trời ơi bán hàng gì mà kì quá.sao mềm mát quá vậy.,POS
chất ok nhưng form bé,POS
Đẹp hơn trong hình nữa,POS
"Chất lượng sản phẩm tuyệt vời,được tặng thêm đôi tất nữa,yêu shop,mọi người mua đi,váy mạc lên xinh lắm",POS
Màu ở ngoài là màu cam chứ ko phải đỏ như trên hình,POS
Sẽ ủng hộ shop ở những sp tiếp theo,POS
"Áo vải đẹp, mịn",POS
"Chất vải ok, mịn",POS
Chất lượng sản phẩm tuyệt vời ngoài sức mog đợi luôn ý 😙😙,POS
Giày đi êm chân,POS
"Sản phẩm nhìn rất đẹp,nhưng khi text thì nút âm lượng (-)(+) không điều chỉnh được,ngại đi bảo hành nên cứ coi như tuỳ duyên",POS
May mắn shop vẫn đồng ý hoàn hàng,POS
Vải áo trắng mịn hơi mỏng xứng với giá tiền,POS
Vải cũng ổn,POS
"Chất phù hợp với giá tiền, sẽ xù nhưng vì mặc bầu mấy tháng thôi nên cũng hợp lý",POS
Đóng gói sản phẩm rất đẹp và chắc chắn,POS
Chất lượng sản phẩm tuyệt vời,POS
Thoáng mông bé,POS
"Rất đáng tiền, chủ shop cũng rất đáng yêu :3",POS
"Áo rất đẹp nha mng, mà còn chỉ :vvv",POS
Chất lượng sản phẩm phù hợp với giá,POS
Nicee ❤️,POS
"Mặc thoải mái, sản phẩm giống hình, rất ưng ý",POS
Thời gian giao hàng rất nhanh,POS
Quần đẹp dày dặn lắm ạ,POS
Áo xinh vải dày dặn,POS
Tưởng bóng bóng như hình nhưg nhận hàng chất ưng ý hơn Chất lượng sản phẩm tuyệt vời Shop phục vụ rất tốt Rất đáng tiền,POS
Đóng gói sản phẩm rất đẹp và chắc chắn.ao ok luon,POS
"Sản phẩm đẹp, giống hình, chủ shop dễ thương vãi",POS
Đẹp quá .yêu quá😍😍,POS
"Áo vải mịn mát, thêu tinh xảo, hàng đẹp hơn cả hình lun nhé, shop giao hàng nhanh",POS
Hàng đẹp giống mô tả,POS
From đẹp,POS
Giày chất đẹp nơ đẹp quá rẻ và đẹp,POS
Shop phục vụ rất tốt.Chất lượng sản phẩm tốt,POS
Giá cả chấp nhận được,POS
Ít bữa sẽ mua thêm vài cái. ❤️,POS
"Trời ơi nhận đc hàng mà nhảy cẫng lên luôn y, hàng đẹp kinh khủng luôn",POS
Đẹp lắm,POS
Vừa ý lắm,POS
Đóng gói sản phẩm rất đẹp và chắc chắn,POS
"Áo đẹp y hình... cám ơn shop, shop vô cùng dễ thương luôn",POS
Thoáng mát,POS
Nhìn ưng lắm,POS
Áo chất đẹp mặc thích nâng ngực tốt,POS
"Shop phục vụ rất tốt, tư vấn nhiệt tình",POS
Đóng gói sản phẩm rất đẹp và chắc chắn,POS
"Chất lượng sản phẩm tuyệt vời, sẽ tiếp tục ủng hộ shop trong tương lai. ;-)",POS
Chất lượng sản phẩm tuyệt vời,POS
C Chất lượng sản phẩm tuyệt vời Rất đáng tiền Thời gian giao hàng rất nhanh,POS
Sản phẩm rất ok Mong shop duy trì 🙃,POS
"Áo bao cưng nè, chủ shop cũng nhiệt tình lắm ấy, rất đáng tiền mua <3",POS
Rất đáng tiền Thời gian giao hàng rất nhanh Chất lượng sản phẩm tuyệt vời Đóng gói sản phẩm rất đẹp và chắc chắn,POS
Vải dày đẹp,POS
Sp rất ưng nhưng ai đi size 36 thì nên chọn đôi to hơn 1 size,POS
"Vì em gối mây mà mua combo này, dễ thương hết sức :D",POS
Thích hợp làm quà tặng,POS
Shop phục vụ rất tốt,POS
Môi mk hơi khô son lên vẫn căng mọng nh,POS
Tay áo k rộng như mình nghĩ chất hơi ngứa chút nhưng sản phẩm rất ok với giá tiền như này thì phù hợp:)) mặc lên form đẹp ncl ưng:)),POS
Đc cái shop gửi hàng nhanh ❤️ nhiệt tình nên vẫn cho shop 5 sao ❤️,POS
Chất đẹp hơn so với mình nghĩ,POS
Đẹp chủ shop nhiệt tình ghê luôn 😂😂,POS
Mac đã kinh khủng 👍🏼👍🏼👍🏼👍🏼 Đóng gói sản phẩm rất đẹp và chắc chắn Chất lượng sản phẩm tuyệt vời,POS
"Chất lượng sản phẩm tốt, shop lưu ý lần sau gửi đúng mẫu giúp m nhé",POS
Hay quá shop oi,POS
Mình mua size L phòng trừ đến lúc bụng to,POS
"hàng giao k có móc hình gấu, chất da ok ,đường may đẹp, khóa hơi dít chút. chất lượng tốt so vs giá thành",POS
đã nhận đc hàng nhưng chưa bik tốt hay k. full box. bao bọc kỹ. giao hàng nhanh. tặng kèm ốp silicon màu cam chói qá. cho shop 5sao vì gọi điện thoại quan tâm,POS
Chủ yếu là bột đậu xanh,POS
Chủ shop tư vấn nhiệt tình,POS
Chất vải đẹp,POS
"Chất lượng sản phẩm tuyệt vời,shop đóng hàng rất kĩ ,chị chủ rất nhiệt tình, cảm ơn shop nhiều",POS
Khá hài lòng về sp Đóng gói sản phẩm rất đẹp và chắc chắn,POS
Co giãn đẹp shop kỹ tư vấn nhiệt tình .. rất ưng ý luôn cảm ơn shop nhiều nhiều 😘😘😘,POS
Giao hàng tốt,POS
"Váy đẹp, dày mặc k bị lộ, tốt so với giá, sẽ tiếp tục ủng hộ sh",POS
Thời gian giao hàng hơi chậm nhưng Chất lượng sản phẩm tốt Đóng gói sản phẩm chắc chắn,POS
Sau bao nhiêu lần mua áo trên shopee lần này mình rất hài lòng,POS
"Chất lượng sản phẩm tuyệt vời,m mặc vừa, áo đẹp",POS
Đóng gói sản phẩm rất đẹp và chắc chắn hàng chính hãng,POS
Chất lượng là tuyệt vời,POS
Lỗi giải quyết nhanh gọn,POS
Chỉ tại phục vụ khách hơi nóng tính một chút,POS
K có j phàn nàn về sp,POS
Kết nối hệ thống âm thanh của xe qua sóng FM nhưng chất lượng ngang ngửa với bluetooth,POS
Chất lượng sản phẩm tuyệt vời Shop phục vụ rất tốt Thời gian giao hàng rất nhanh,POS
"Hàng giống hình, vải ok, thời gian giao hàng max nhanh, chủ shop nhiệt tình :D",POS
"hàng được, giao hàng nhanh, giá hợp lí",POS
Phù hợp với tiền,POS
Áo đẹp lắm ạ,POS
Sáng đặt chiều đã nhận đc rồi,POS
Thanks,POS
Mỗi tội vận chuyển quá lâu,POS
"chất len mịn, đẹp, đc đổi sang màu hồng rất ưng",POS
Áo thiếu một dây áo nhưng ko sao mình vẫn cho shop 5 sao vì chất lượng,POS
"Sản phẩm y hình, giao hàng nhah",POS
Sản phẩn giống hình,POS
Hàng đẹp lắm luôn á shop,POS
Hàng đep,POS
"Thời gian giao hàng rất nhanh,áo đẹp,ấm,phù hợp vs giá tiền",POS
ao đẹp,POS
"Chất lượng sản phẩm tốt, giao nhầm mẫu nhưng ko sao",POS
Chất lượng sản phẩm tuyệt vời,POS
Nhưng mà mặc đẹp lắm lắm á Chất lượng sản phẩm tuyệt vời,POS
Chất lượng sản phẩm tuyệt vời Đóng gói sản phẩm rất đẹp và chắc chắn Thời gian giao hàng rất nhanh Thời gian giao hàng rất nhanh Rất đáng tiền Shop phục vụ rất tốt,POS
Thời gian giao hàng rất nhanh,POS
Đây là lần thứ 2 mua bên shop,POS
Đóng gói chắc chắn sp ok,POS
"Áo đẹp màu đẹp, giao hàng nhanh",POS
"giày rất đẹp nhé, đi vào cao thêm mấy cm shop ơi Chất lượng sản phẩm tuyệt vời Rất đáng tiền Thời gian giao hàng rất nhanh",POS
"Hàng chất cotton đẹp, màu sắc y hệt hình ảnh nhé",POS
"Áo đẹp, chất đẹp, tiền cũng đẹp 😊😊",POS
💯 💯 💯 💯 💯₫,POS
"Hàng đóng gói cẩn thận, giá tốt và chủ shop dễ thương",POS
Giao hàng nhanh,POS
Đóng gói sản phẩm rất đẹp và chắc chắn Đáng đồng tiền Thời gian giao hàng nhanh,POS
Mất chưa đến 150k mua được 2 váy 1 áo mà cái nào cũng ưng,POS
Chất vải khá ổn,POS
From áo rất đẹp,POS
Hình này là mình đã giặt rồi nha,POS
Shop phục vụ rất tốt Rất đáng tiền,POS
Chất lượng tốt,POS
Chất vải hơn mong đợi,POS
Day dep chat luong tot,POS
Chất lượng sản phẩm tuyệt vời,POS
Hi,POS
"Áo rất đẹp,cực đáng yêu luôn",POS
Shopee gởi mã rất nhanh,POS
Sp được BH 24T và dịch vụ BH ở TQ hãng này khá ổn,POS
Nhưng màu nhạt so với ảnh,POS
Hâhha nhỏ nhỏ dễ thương,POS
Chất lượng sản phẩm rất kém Đóng gói sản phẩm rất kém Shop phục vụ rất kém,POS
Chất lượng sản phẩm tuyệt vời Đóng gói sản phẩm rất đẹp và chắc chắn toi Ray Hai long,POS
"RẤT ĐÁNG TIN CẬY, LÀM ĂN UY TÍN VÔ CÙNG",POS
Chất lượng sản phẩm tuyệt vời Shop phục vụ rất tốt Rất đáng tiền Thời gian giao hàng rất nhanh Rất đáng tiền,POS
Mầu xanh thì rất ok,POS
Giao hàng hơi lâu nhưng áo đẹp ạ 💙,POS
Số với giá là váy đẹp,POS
Rất đáng tiền,POS
Áo siu yêu nhé,POS
"Quần mềm, giãn tốt, mặc dễ chịu",POS
Mình mặc vừa luôn,POS
Hàng y hình,POS
Sản phẩm cũng ok với mức giá phù hợp,POS
"Chất lượng sản phẩm tuyệt vời Đóng gói sản phẩm rất đẹp và chắc chắn Shop phục vụ rất tốt Rất đáng tiền Thời gian giao hàng rất nhanh,hơn những gì mong đợi mấy bn cứ mua đi ko lo về chất lượng nhé,ủng hộ shop lâu dài:v",POS
Chất lượng sản phẩm tuyệt vời Đóng gói sản phẩm rất đẹp và chắc chắn Chất lượng sản phẩm tuyệt vời Đóng gói sản phẩm rất đẹp và chắc chắn Chất lượng sản phẩm tuyệt vời Đóng gói sản phẩm rất đẹp và chắc chắn Chất lượng sản phẩm tuyệt vời Đóng gói sản phẩm rất đẹp và chắc chắn,POS
Chất lượng sản phẩm tuyệt vời Đóng gói sản phẩm rất đẹp và chắc chắn,POS
Nếu có thêm $$$e sẽ ủng hộ nữa ạ😂😂😂,POS
Mk săn đc giá 10k,POS
Rất đáng tiền,POS
Mùa hè nóng mặc cái này ưng dã man,POS
Mặt vào zễ thương lắm ạ,POS
Sp đẹp và có độ co giãn tốt sẽ ủng hộ shop thêm,POS
Chất lượng sản phẩm tuyệt vời Chất lượng sản phẩm tuyệt vời Đóng gói sản phẩm rất đẹp và chắc chắn Đóng gói sản phẩm rất đẹp và chắc chắn Shop phục vụ rất tốt Shop phục vụ rất tốt Rất đáng tiền Rất đáng tiền,POS
Đóng gói sản phẩm chắc chắn Đáng đồng tiền Chất lượng sản phẩm tốt,POS
Sẽ ủng hộ shop tiếp,POS
Shop giao hàng nhanh và giao đúng hàng,POS
Bạn mình nhận hàng hộ rồi đặt lun 1 chiếc =)),POS
Rất đáng tiền,POS
Áo đẹp,POS
Chất lượng sản phẩm tốt.nhưng to quá,POS
Áo đẹp,POS
Với giá tiền này chất khá ok,POS
Chất lượng sản phẩm tuyệt vời,POS
Áo dầy dặn đẹp đáng công sức chờ đợi order c ạ,POS
Túi thì đẹp mà cái khóa bị gãy,POS
Phù hợp với giá tiền,POS
"Chất lượng áo mềm, sờ thích Đóng gói sản phẩm rất đẹp và chắc chắn Shop phục vụ rất tốt Rất đáng tiền",POS
"Ảnh in rất đẹp, nhưng đặt in tràn viền mà in kiểu polaroid không à :(",POS
- Yêu shop nhìu❤,POS
Yêu chị chủ 😗,POS
"Thiếu 1 khuy, tuy nhiên vẫn cho 5 sao vì áo đẹp y hình ^^",POS
Vải hơi nóng Đóng gói sản phẩm rất đẹp và chắc chắn Thời gian giao hàng rất nhanh,POS
Giày xinh lắm ạ,POS
Chất lượng sản phẩm tuyệt vời,POS
Áo đẹp lắm ạ,POS
"Áo đẹp, vải dày dặn còn có quà nhỏ từ shop ❤️ rất ưng",POS
Hợp túi tiền,POS
Bỏ công chờ đợi 2 tuần,POS
Dong goi chac ho tro nhiet tinh .da tes cam thay rat on,POS
"Shop nhiệt tình, giao hàng nhanh",POS
E cám ơn shop nhiều lắm ạ,POS
"Áo nâu sz S mặc vừa i, ok nhé",POS
Hàng giống hình nhưng chất thì tiền nào của nấy,POS
Shop tư vấn rất nhiệt tình ạ.son chuẩn auth .là shop để mk nên tin tưởng mua qua ol ạ,POS
Áo đẹp lắm luôn ak lần sau ủng hộ shof nữa 😘😘😁😁😂 Shop phục vụ rất tốt,POS
Đẹp lắm shop Chất lượng sản phẩm tuyệt vời,POS
"Quần đẹp, vải ok",POS
Vải rất mịn,POS
Áo ok..from áo đẹp mặc thoải mái...1 ngàn sao😍😍😂😂😂,POS
Chất lượng sản phẩm tuyệt vời,POS
Chất lượng sản phẩm tuyệt vời,POS
Chất lượng sản phẩm tuyệt vời,POS
Rất hài lòng,POS
"Sp giống hình, ok",POS
Chất lượng ổn so với giá tiền,POS
"Chất vải đẹp, sờ mịn tay, form quần đẹp",POS
Cảm ơn shop đã giao hàng đúng như e đã yêu cầu hàng rất đẹp giao hàng nhanh trên dự kién mk sẽ tiêp tục mua bé Bông 1m5 mk mong hàng sẽ đẹp và chất lượng như này.,POS
Sản phẩm y như mô tả,POS
Chất lượng sản phẩm tuyệt vời Lúc đặt mình đang cần gấp nên giục shop mấy lần liền nhg ad vẫn rất thân thiện,POS
Đóng gói sản phẩm chắc chắn,POS
Ưng cái bụng lắm luôn,POS
Đóng gói sản phẩm rất đẹp và chắc chắn,POS
Thanks shop nhiều,POS
Đóng gói sản phẩm rất đẹp và chắc chắn Áo khá mỏng nên mặc thêm áo thun bên trong,POS
Thời gian giao hàng nhanh,POS
Hàng đẹp,POS
Kiểu và chất đẹp nhưng áo hơi ngắn,POS
"Chất lượng sản phẩm tuyệt vời, mình rất hài lòng..",POS
Rất đáng tiền,POS
Rất đáng tiền,POS
Chất lượng sản phẩm tuyệt vời,POS
Thời gian giao hàng rất nhanh,POS
Áo đẹp vải đẹppppppp 🍑,POS
Váy đẹp y hình,POS
Chất lượng sản phẩm tuyệt vời Đóng gói sản phẩm rất đẹp và chắc chắn. shop đóng gói rất tốt,POS
"shop làm ăn có tâm, thích nhất sự nhiệt tình của shop💋💋💋💋",POS
Vải được,POS
Sẽ ủng hộ shop dài dài,POS
K nghĩ hàng rẻ mà lại đẹp vậy..,POS
"Vải đẹp, dày",POS
Quần chất đẹp cực :)) lần đầu mua quần legging mà chất vải lạ lạ nhưng mặc rất thích,POS
"Chất lượng sản phẩm tuyệt vời, tư vấn nhiệt tình dễ thương, vải đẹp, mát, kiểu dáng và from rất vừa đẹp, rất rất là thích, sẽ ủng hộ dài dài",POS
Áo đôi có size tại sao shop ko phân loại để khách chọn,POS
Nhưng thời gian giao hàng hơi lâu,POS
Giá tốt,POS
"Đáng 100k,chất oke có dây đai điều chỉnh",POS
Cảm ơn và sẽ ủng hộ,POS
"Vải mịn, nhưng hơi mỏng nếu dày chút form sẽ đứng hơn",POS
1 set luôn ạ :))),POS
Ủng hộ dài dài ạ,POS
Chất lượng sản phẩm tuyệt vời Shop phục vụ tốt,POS
Quần này mình không được mặc vẫn gửi tặng shop 5 sao vì tinh thần trách nhiệm,POS
Tặng shop 4 sao,POS
"Dài hơn mình nghĩ, 1m58 mặc đến trên đầu gối một chút",POS
Thank Shop ❤️❤️❤️,POS
Chất lượng sản phẩm tuyệt vời Đóng gói sản phẩm rất đẹp và chắc chắn form rộng và to 😆,POS
"Giày chất lượng tốt, hợp với giá tiền",POS
Thuốc dùng rất tốt,POS
Đóng gói sản phẩm rất đẹp và chắc chắn,POS
Đẹp không tì vết ❤️ ship max nhanh ạ 😘 chị chủ shop max đáng yêu 💕,POS
Áo đẹp y hình chất cũng rất ok nữa 😍😍😍,POS
Chất lượng sản phẩm tuyệt vời Rất đáng tiền Đóng gói sản phẩm rất đẹp và chắc chắn,POS
giày đẹp lắm😍😍😍,POS
Chất lượng sản phẩm tuyệt vời Đóng gói sản phẩm rất đẹp và chắc chắn Chất lượng sản phẩm tuyệt vời Đóng gói sản phẩm rất đẹp và chắc chắn..shop ơi áo đẹp lắm hàng ok.mới đạc thêm 4 cái nữa😊,POS
Chất lượng sản phẩm tuyệt vời Đóng gói sản phẩm rất đẹp và chắc chắn Shop phục vụ rất tốt Shop phục vụ rất tốt Shop phục vụ rất tốt Rất đáng tiền Thời gian giao hàng rất nhanh,POS
Thank shop,POS
Ưng lắm ah,POS
Chất lượng sản phẩm tuyệt vời Chất lượng sản phẩm tuyệt vời Rất đáng tiền Rất đáng tiền Rất đáng tiền Rất đáng tiền Rất đáng tiền Rất đáng tiền Rất đáng tiền Rất đáng tiền Rất đáng tiền Rất đáng tiền,POS
Áo cũng OK,POS
Sẽ gợi ý cho bạn bé mua,POS
"Sp tốt , sẽ ủng hộ shop dài",POS
"dáng váy mặc lên đẹp, chất vải bình thường, không được đẹp lắm. tuy nhiên với giá tiền như vậy thì chấp nhận được. người bán hàng nhiệt tình nên lỡ hỏi rồi, không mua không được với bạn ý",POS
Áo bò hơi rộng mà ks,POS
Còn nhiều chỉ thừa,POS
Cảm ơn shop nhìu,POS
Giao hàng siêu nhanh luôn,POS
Thời gian giao hàng rất nhanh,POS
Nói chung rất đáng tiền <3,POS
♥️♥️♥️,POS
Mình rất thích,POS
"Chất vải đẹp, hoàn toàn ưng ý",POS
"Hôm nay mình đã nhận được quần rồi shop na,không ngờ lại nhanh đến vậy.Mua lần đầu cứ lo lo, khi nhận hàng thì thấy rất thích nên tiếp tục mua thêm, lần này vẫn siêu ưng ý,hihi.Chất quần đẹp, co giãn tốt mặc thoải mái lắm luôn",POS
Sp ok,POS
Chất lượng sản phẩm tuyệt vời,POS
Chất lượng sản phẩm tuyệt vời Thời gian giao hàng rất nhanh Rất đáng tiền Thời gian giao hàng rất nhanh Chất lượng sản phẩm tuyệt vời,POS
Mk đặt hàng hôm qua trưa hôm sau đã nhận đc hàng luôn rồi nè,POS
"Một sản phẩm tuyệt vời cho chị em, giúp tiết giảm sức lao động và thời gian cho việc chăm sóc nhà cửa",POS
"4 quần size L nhưng lại bị cái to cái bé, còn với giá tiền nvay thì cũng k mong chất đẹp hơn",POS
Rất thích,POS
"Sp rất Ok chất dầy , hiện tại có 4 màu này rồi đặt thêm 4 cái nữa shop giao màu khác dùm nhé",POS
"Áo cực bự luôn mình cứ tưởng size M nhỏ huhu, còn được tặng ảnh Jin & Jungkook cơ yêu quá đi 💜💜",POS
V1 mình 85 mặc vào chỉ cần chỉnh dây lại là vừa khít nhưng vẫn còn hơi rộng,POS
"Chủ shop vui tính, zt..",POS
Shop phục vụ rất tốt Shop phục vụ rất tốt Shop phục vụ rất tốt Shop phục vụ rất tốt Shop phục vụ rất tốt,POS
Chất lượng sản phẩm tuyệt vời Đóng gói sản phẩm rất đẹp và chắc chắn,POS
Rất rất rất là hài lòng lần đầu tiên có shop làm mình hài lòng đến vậy sản phẩm rất chi là ok,POS
Chất lượng được,POS
"Son dưỡng môi tốt lắm , lại xinh lắm",POS
"Sản phẩm rất tốt, chất lượng mà giá lại rẻ",POS
oki ak,POS
Chất lượng sản phẩm tuyệt vờ.i Rất đáng tiền,POS
❤️ Đóng gói sản phẩm rất đẹp và chắc chắn Thời gian giao hàng rất nhanh Rất đáng tiền Shop phục vụ rất tốt,POS
"Đẹp,chuẩn,mình khó tính trong giày dép mà cảm thấy ưng ý với đôi này",POS
Cũng tạm được Đóng gói sản phẩm rất đẹp và chắc chắn,POS
tuyệt nhưng ít ảnh Tae quá,POS
Áo vải đẹp sẽ ủng hộ shop lâu dài 😊,POS
hàng đẹp lắm ạ,POS
Quá đẹp so với giá,POS
Rất ưng 😊,POS
Shop cực kỳ có tâm nha,POS
Cảm ơn shop đã cho mình trải nghệm vui vẻ,POS
Áo đẹp mà đợi lâu quá xá,POS
Mua lần 2 thêm 2 chiếc nữa,POS
Đóng gói sản phẩm rất đẹp và chắc chắn Chất lượng sản phẩm tuyệt vời Rất đáng tiền Thời gian giao hàng rất nhanh,POS
"Hàng đẹp, giao hàng nhanh, Chất lượng sản phẩm tuyệt vời",POS
2 lần đặt áo và cả 2 lần đều ưng ý,POS
Giao hàng nhanh không thể ngờ,POS
Mong các lần khác sẽ vẫn tốt như vậy,POS
May size m hết hàng nên mạnh dạn lấy size l cuối cùng vừa zin,POS
Vừa mới đi giày đã có mấy bạn hỏi chỗ mua rồi 😆😆😆 sẽ ủng hộ shop tiếp,POS
"Mặc dù sim đã kích hoạt trc hơn 10 day nhưng ko sao cả.Chất lượng sp tốt,5* ủng hộ shop",POS
Sản phẩm đẹp nhưng vải hơn mỏng,POS
chấu màu áo đỏ đẹp . mua 3 cái ở shop rồi,POS
quá tuyệt vời ủng hộ shop lâu dài do mất ních mua nhiều lân rồi quá ok,POS
Áo đẹp lắm shop..,POS
Chất lượng sản phẩm tuyệt vời Chất lượng sản phẩm tuyệt vời,POS
Áo rất đẹp,POS
Rất đáng tiền,POS
Giao hàng nhanh,POS
Mua lần t3 vẫn tuyệt vời,POS
Chất lượng ổn với giá tiền,POS
Chất lượng sản phẩm tuyệt vời Chất lượng sản phẩm tuyệt vời Chất lượng sản phẩm tuyệt vời Chất lượng sản phẩm tuyệt vời Chất lượng sản phẩm tuyệt vời Đóng gói sản phẩm rất đẹp và chắc chắn Đóng gói sản phẩm rất đẹp và chắc chắn Shop phục vụ rất tốt Shop phục vụ rất tốt Rất đáng tiền Rất đáng tiền,POS
Đóng gói cẩn thận.chúc shop ngày phát triển,POS
"Shop tư vấn rất nhiệt tình, mình đổi từ size M sang size S thì được shop ship đến tận nơi đổi cho",POS
Chất lượng sản phẩm tuyệt vời minh cao 1m67 quan bi ngắn,POS
Form áo ôm,POS
Hàng phù hợp với giá tiền,POS
"Shop tư vấn rất nhiệt tình, đưa ra lựa chọn tốt cho khách hàng",POS
Chất lượng cao khỏi bàn,POS
Chất lượng sản phẩm tuyệt vời Thời gian giao hàng rất nhanh Rất đáng tiền,POS
Nhưg cũg đẹp,POS
Chất lượng sản phẩm tuyệt vời eo ôi đẹp kinh khủng ưng kinh khủng luôn í ❤️❤️❤️,POS
"Do không make nên hẻm dám chụp ảnh toàn thân, nhưng nhìn lên đẹp lắm ~^O^~",POS
"Áo đẹp, phù hợp giá tiền",POS
Da mềm mại,POS
Rất dễ thương luôn,POS
"Hàng đẹp lắm nha , còn dc shop tặng thêm 1 quần chip siêu iêu",POS
Chất lượng sản phẩm tuyệt vời!,POS
Chất lượng sản phẩm tuyệt vời Shop phục vụ rất tốt Shop phục vụ rất tốt Rất đáng tiền Thời gian giao hàng rất nhanh,POS
Chất lượng sản phẩm tuyệt vời .nhung dat ao co hinh gui ao tron k ak,POS
Chất vải ổn,POS
"Hàng rất đẹp , giá cả phải chăng Shop phục vụ rất tốt",POS
Hên sao lần này mua đúng loại đúng chất dầy dặn của bạn,POS
Chất da thích Rất đáng tiền,POS
Ăn nói và thái độ phục vụ tốt,POS
rât tốt ..,POS
Đáng tiền,POS
Chất lượng sản phẩm tuyệt vời Đóng gói sản phẩm rất đẹp và chắc chắn Đóng gói sản phẩm rất đẹp và chắc chắn Rất đáng tiền Thời gian giao hàng rất nhanh,POS
"Luc đầu chưa tin lắm, Chủ shop tu vấn rat nhiệt tình,bĩm xài thích lắm, bé rat thoải mái..",POS
Nói chung rất hài lòng với giá 59k,POS
"Giao hàng nhanh, hàng giống hình, mặc rất ấm nhé 😉 😍😍😍😍",POS
Shop ok,POS
Chất lượng sản phẩm tuyệt vời Chất lượng sản phẩm tuyệt vời Đóng gói sản phẩm rất đẹp và chắc chắn Shop phục vụ rất tốt Rất đáng tiền Thời gian giao hàng rất nhanh Thời gian giao hàng rất nhanh Thời gian giao hàng rất nhanh,POS
"Đóng gói sản phẩm rất đẹp và chắc chắn, sản phẩm rất dễ thương, Shop phục vụ rất tốt",POS
Shop phục vụ rất tốt,POS
Đóng gói sản phẩm rất đẹp và chắc chắn,POS
"Lần thứ 2 mua hàng của shop, rất hài lòng, sẽ ủng hộ shop lâu dài",POS
Mình sẽ ủng hộ tiếp,POS
Áo rất đẹp,POS
Chất lượng sản phẩm tuyệt vời Thời gian giao hàng rất nhanh Shop phục vụ rất tốt Rất đáng tiền Đóng gói sản phẩm rất đẹp và chắc chắn,POS
Y hình,POS
Sẽ ủng hộ shop nhìu hơn,POS
Hàng đúng như đăng mẫu,POS
"Shop chuyển hàng rất nhanh, sản phẩm đa dạng, tuy giá rẻ nhưng chất lượng rất tốt",POS
Mọi người nên mua shop của chị nè. <3,POS
Chất cũng đuợc Đóng gói sản phẩm rất đẹp và chắc chắn,POS
Sẽ ủng hộ shop dài dài,POS
"Sản phẩm ok, vừa ý mình",POS
Lấy nhầm thành áo cổ tim nhưng chất lượng vẫn rất ok,POS
Đóng gói sản phẩm rất đẹp và chắc chắn,POS
Sản phẩm đẹp,POS
"Áo chất đẹp nhé, Shop phục vụ rất tốt Thời gian giao hàng rất nhanh",POS
Chưa dùng thử nên chưa biết chất lượng nhưng nhìn rất ưng,POS
giày đẹp hơn sự mong đợi,POS
Chất lượng sản phẩm tuyệt vời.cảm ơn món quà nhỏ nhé,POS
Áo đẹp,POS
"Vải đẹp, đường chỉ chắc chắn, mn nên mua mặc nhé, giá cả rẻ mà chị lượng rất tốt, mua 4 bộ sẽ đặt thêm, cám ơn shop ạ",POS
Quá bự lun...nhưng chất lượg thì tốt,POS
Hàng đẹp Đóng gói sản phẩm rất đẹp và chắc chắn Shop phục vụ rất tốt 😄😄😄,POS
Chất lượng sản phẩm tạm được,POS
Chất vải mỏg wa,POS
Cho shop 10 sao,POS
Áo đẹp nhưng 1 tay áo bị mất cúc,POS
Chất lượng sản phẩm tuyệt vời,POS
Thời gian giao hàng rất nhanh Rất đáng tiền,POS
"Mình vừa nhận sim hôm qua, lắp máy xong đã thấy báo gia hạn thành công, bạn còn 11 tháng sử dụng",POS
Hàng đẹp lắm,POS
Rất vừa tiền,POS
"Đóng gói hàng đep, áo nặng tay",POS
"rất ok, ngon bổ rẻ",POS
Đóng gói sản phẩm rất đẹp,POS
Rất hài lòng,POS
"Rất ưng ý, chảo giao cho mình không trầy trước hay móp méo gì cả",POS
Chất lượng sản phẩm tuyệt vời,POS
"Shop cũng linh hoạt, tư vấn nhiệt tình",POS
"Cảm ơn shop, giao hàng nhanh nữa",POS
Rất đáng tiền Hàng y hình,POS
Chất lượng sản phẩm tuyệt vời Shop phục vụ rất tốt Rất đáng tiền Thời gian giao hàng rất nhanh^^,POS
"Shop phục vụ rất tốt,đóng gói sản phẩm rất đẹp và chắc chắn, sản phẩm xem tạm ổn trong tầm giá",POS
Cảm ơn shop,POS
Chất lượng sản phẩm tuyệt vời Thời gian giao hàng rất nhanh Rất đáng tiền Rất đáng tiền Rất đáng tiền,POS
Rất đẹp,POS
Chất lượng sản phẩm tuyệt vời Chất lượng sản phẩm tuyệt vời Rất đáng tiền Shop phục vụ rất tốt Đóng gói sản phẩm rất đẹp và chắc chắn Đóng gói sản phẩm rất đẹp và chắc chắn Đóng gói sản phẩm rất đẹp và chắc chắn Đóng gói sản phẩm rất đẹp và chắc chắn Đóng gói sản phẩm rất đẹp và chắc chắn,POS
"Váy đẹp hơn mình nghĩ, chất vải tốt, tiếc là mua có 1 cái, chắc phải đặt thêm vài cái khác màu nữa, thks shop",POS
"Màu đẹp, chất lượng tốt và giá quá rẻ",POS
"Chất liệu ổn, mẫu mã ổn Shop phục vụ rất tốt",POS
"Quá tuyệt vời, quá xuất sắc , tôn dáng cực kì 😍😍😍😍😍",POS
Mua áo tại shop lần thứ 2 rồi và mình cực ưng luôn,POS
"Áo đẹp, tôn body lắm ạ nhưng mặc vào bị dính lông trên người, em cũng ko để ý lắm đâu Shop phục vụ rất tốt Rất đáng tiền Thời gian giao hàng rất nhanh",POS
Giá tốt.👍,POS
Thời gian giao hàng nhanh,POS
Chất siêu đẹp,POS
"Màu đậm hơn tròn hình, vải đẹp",POS
"Trời ơi, quần áo rất đẹp",POS
"Chân váy đẹp lắm chị ạ, mặc vừa khít, cảm ơn chị nhiều, rất nhiệt tình, chúc chị bán được nhiều hàng",POS
Chất đẹp ạ,POS
Cung ok,POS
Chất lượng sản phẩm tuyệt vời,POS
Áo đẹp nhé,POS
được shop an,POS
Đẹp lắm nha,POS
Mà giá lại rẻ bất ngờ,POS
"Chất quần cũng rất là ok mặc lên dáng đẹp đứng quần, vải co giãn rất thoải mái",POS
"Hàng sài rất tốt , shop tư vấn rất nhanh rất hài lòng",POS
Thời gian giao hàng rất nhanh,POS
Cảm ơn shop,POS
"Đẹp lắm luôn ạ, cám ơn shop nhiều nha 💋",POS
Chất lượng sản phẩm tuyệt vời...,POS
Chỉ có thể cho 5 sao không nói gì thêm,POS
Thank shop,POS
"Đóng gói sản phẩm rất đẹp và chắc chắn, chất lượng phải có tg dùng mới biết chư shop1",POS
"Chất lượng vải tạm được, nhưng Shop giao lộn mầu 1 cái",POS
Trên cả tuyệt vời.. yêu nhất sữa tắm hãng này.... còn giảm giá nữa.. phê chissst..,POS
Sản phẩm chuẩn y hình,POS
Thời gian giao hàng nhanh,POS
Nhưng thấy b đánh giá ngeats lòng ghê,POS
Áo rất xinh,POS
"Nhưng thấy shop có phản hồi rất tốt nên mình thử đặt hàng xem sao,ko ngờ là bị bất ngờ quá😂,chủ shop lại còn rất nhiệt tình❤️",POS
Được tặng gương nhỏ xinh ❤️,POS
Đóng gói sản phẩm rất đẹp và chắc chắn Chất lượng sản phẩm tuyệt vời Rất đáng tiền. quần giống y hình. đẹp,POS
Quá tốt so với giá tiền 10*,POS
Mình nặng 45 cân mặc dâng dài ok,POS
Đóng gói sản phẩm rất đẹp và chắc chắn Thời gian giao hàng rất nhanh,POS
Form chuẩn,POS
"Hàng y hình, mặc thích nhưng do ko đòi hỏi màu nên shop ship cho ba màu màu mè nhất",POS
"Chân váy đẹp, chất vải tốt chưa biết có ra màu không Mua hàng ở shop nhiều lần đều ưng ý hàng có hư hỏng gì shop cũng hỗ trợ hết mình Thời gian giao hàng rất nhanh mất tầm 2 ngày là có hàng",POS
Giao mã hàng nhanh,POS
"Giá cả hợp lí, có nhiều hạt lép khô đen",POS
Giao tùm lum size ko giao đúng sai nhu khách đat,POS
Đóng gói sản phẩm rất đẹp và chắc chắn.tai nghe gia giá nhưng ship cao quá.chất lượng tạm ổn,POS
Sản phẩm phù hợp với giá tiền,POS
Chất lượng sp rất tốt ❤️❤️❤️,POS
"Giao nhanh, chất lượng ok, nơi tin cậy để đặt hàng",POS
"Sản phẩm như hình, đẹp k tưởng hihu",POS
"Rất ưng ý...rẻ, chất lượng",POS
Giao hàng nhanh chóng Đóng gói sản phẩm rất đẹp và chắc chắn.Mới sử dụng nên cũng chưa biết kết quả,POS
Bạn shop n.c dễ thương,POS
Case đẹp,POS
Áo ổn so với giá tiền,POS
Đóng gói sản phẩm rất đẹp và chắc chắn,POS
Trả lời tin nhắn nhanh,POS
Áo chât dày dặn giá tuy hơi cao nhưng đôi lại vải lại đẹp lắm mn ạ.còn được tặng 1 mặt nạ .áo y hình 100%.có dịp mk sẽ ủng hộ shop thêm ạ..ns chung áo ok lắm luôn ạ,POS
Giao hàng nhanh chất len khá Ok nhưng có hơi ngứa,POS
Chua xem hàng cơ mà giao hàng nhanh quá,POS
Shop tư vấn khá tốt,POS
Chất lượng sản phẩm tuyệt vời Shop phục vụ rất tốt Rất đáng tiền,POS
"Chất lượng sản phẩm tuyệt vời, hộp do vận chuyển bị bóp méo nhưng giày thì ưng lắm",POS
Thời gian giao hàng nhanh,POS
Check hàng chuẩn,POS
Quá ưng luôn trời ạ,POS
"Áo rộng, thoải mái, đúng mô tả",POS
Pretty good,POS
Nhưng giặt bị phai màu,POS
"Áo đẹp, form rộng",POS
Sẽ ủng hộ shop dài dài,POS
Thời gian giao hàng rất nhanh,POS
Chất lượng tốt,POS
"Đóng gói sản phẩm rất đẹp và chắc chắn Thời gian giao hàng hơi chậm, chất lượng ok",POS
"Không phải hàng chính hãng DGW nhé, nhưng đì cũng tạm được.",POS
Chất vải đc,POS
"Hàng đẹp, làm ăn lâu dài",POS
Tư vấn nhiệt tình,POS
Giao k đúg màu nhưng Chất lượng sản phẩm tốt,POS
"quần chất rất đẹp, giá cả hợp lý ok",POS
Hàng cực đẹp .đẹp hơn trên ảnh nhiều 💋💋 chủ shop tận tâm nhất mà mình từng gặp,POS
Màu k giống hình cho lắm nhưng vẫn ổn <3 Đóng gói sản phẩm rất đẹp và chắc chắn Shop phục vụ rất tốt,POS
Chất lượng sản phẩm tuyệt vời Thời gian giao hàng rất nhanh Lần đầu tiên mua đc sản phẩm rất ưng ý,POS
Chất lượng sản phẩm tuyệt vời Đóng gói sản phẩm rất đẹp và chắc chắn Shop phục vụ rất tốt Rất đáng để mua,POS
Mong shop có nhiều khách hơn,POS
"Áo dày,ấm",POS
Chất lượng sản phẩm tuyệt vời Shop phục vụ rất tốt,POS
Vừa lòng với đôi dép mình mua,POS
"Shop giao hàng nhanh lắm luôn, em check cũng ổn lắm :3 5 sao ạ :333 mãi iuuu shop <3",POS
Muốn làm đại lý sỉ,POS
Mùi thơm mình rất thích Sẽ tiếp tục mua tiếp a,POS
Tặng shop 5 sao +,POS
Hàng chuẩn đóng gói cẩn thận,POS
Đèn sàng cốt phá chuẩn k biết tuổi thọ thế nào thôi,POS
"Sản phẩm đẹp ,ổn .chắc chắn mà lại rẻ hơn so vs mình mua ngoàí shop đắt mà mặc chưa đc 1 hôm đã đứt khuy",POS
"Hàng hơi to và nặng, mới xài thử vài ngày thấy ok, sạc vào pin lẫn vào máy đều khá nhanh",POS
Shop phục vụ rất tốt sop giao nhầm màu,POS
Hàng đẹp hơn trong hình nhé,POS
"Đã dùng thử, khá thích, không bị căng da",POS
Rất hài lòng!,POS
Mua cái thứ 3 của shop roài,POS
Áo đẹp lắm shop oi,POS
"áo đẹp, shop uy tin",POS
Áo đẹp,POS
"Sản phẩm ok, chị tư vấn nhiệt tình, còn hiệu quả chờ thời gian mới bik đc",POS
Tốt bạn ạ .Mình rất thích nó 😁😁😁😁 Chất lượng sản phẩm tuyệt vời,POS
"Chất lượng sản phẩm tuyệt vời Đóng gói sản phẩm rất đẹp và chắc chắn Shop phục vụ rất tốt Thời gian giao hàng rất nhanh Rất đáng tiền, áo dẹp quá shop",POS
Chất lượng sản phẩm tuyệt vời,POS
"Sản phẩm đẹp như shop giới thiệu, giao hàng rất nhanh và đúng màu yêu cầu",POS
Sản phẩm chuẩn,POS
Đóng gói sản phẩm rất đẹp và chắc chắn,POS
Đánh lòng môi lên màu hồng baby trầm trầm trông rất yêu,POS
Chất lượng sản phẩm tuyệt vời Đóng gói sản phẩm rất đẹp và chắc chắn Shop phục vụ rất tốt Thời gian giao hàng rất nhanh,POS
Nếu mặc 1 thời gian mà quả ngực không bị vênh ra không khớp với ngực thì mình sẽ trung thành với em này mãi thôi,POS
Áo với quần ok,POS
Tuyệt vời Chất lượng sản phẩm tuyệt vời Shop phục vụ rất tốt Đóng gói sản phẩm rất đẹp và chắc chắn Thời gian giao hàng rất nhanh Rất đáng tiền,POS
Áo đẹp hơn cả sự mong đợi.chất vải ok.giao hàng nhanh,POS
Thanks shop nhé,POS
Vải đẹp,POS
👌🏻,POS
"Hàng rất đẹp, chất nhẹ, rất mát",POS
Thời gian giao hàng rất nhanh,POS
Áo đệm mỏng nhé. 3 khuy chắc chắn,POS
"Chất len xịn, shop nhiệt tình",POS
Chất lượng sản phẩm tuyệt vời,POS
"Chất dạ nhẹ, mịn sờ siêu sướng",POS
"Áo đẹp, tương đối giống hình, vải mát nhg dễ nhăn, kiểu áo này cũng khó là ủi, đường chỉ hơi mỏng may, kém chắc chắc",POS
"Chất vãi mỗi bộ khác nhau,chất lượng bt Giá cả chấp nhận được, shop có giao thiếu và nhầm thì đã có đổi trả lại cho khách,mong shop để ý hơn trong viêc đơn đặt của khách( mẫu, màu,sz)",POS
K nhăn,POS
"Hàng ok, giá hợp lý",POS
Shop phục vụ khá tốt....,POS
Chất lượng sản phẩm tuyệt vời.,POS
"Vỏ chặt nên còn chưa lấy ra, bên ngoài thì hộp xinh",POS
"Áo đẹp, vải mịn, hơi mỏng xíu",POS
"Đẹp, nên mang true size hoặc thêm 1 size nếu gắn miếng quế lót giày",POS
"Chất lượng sản phẩm tuyệt vời, thích lắm",POS
Chúc shop bán đắt khách!!!,POS
"Mùi rất à thơm, rửa xog rất sạch",POS
Thời gian giao hàng rất nhanh,POS
Vừa đẹp vừa rẻ nhất shopee 😘😘😘 Ưng Ưng,POS
Cổ áo hơi rộng xíu.chất lượng ok hàng rẻ mà đẹp,POS
Mềm mại cho da bé,POS
"Áo size L nhưng hơi nhỏ,nhưng Chất lượng sản phẩm tuyệt vời Đóng gói sản phẩm rất đẹp và chắc chắn❤️",POS
😭😭😭áo thích dã mannn ~~~ lúc đặt em cũng nơm nớp lo nhưng áo về thì thoã mãn cực cực ~ chất dạ mịn chạm sướng tay 😭 áo form rộng đúng kiểu em thích~ áo không nặng tay nhưng giá tiền như vậy mà áo như thế là quá quá tuyệt 😭bằng hàng shop 500 600 chứ đùa,POS
Vải khá ấm :)) mặc mùa lạnh là oke luôn.,POS
Chất lượng sản phẩm tốt,POS
Giày xinh cực luôn 😘😘😘,POS
Giày đẹp . shop thân thiênh,POS
Ai đang băn khoăn thì cứ mua nhé,POS
"Chất áo đẹp, mềm mại",POS
Chân váy + áo của shop hết nhé,POS
Dùng ok các chế nhé Chất lượng sản phẩm tuyệt vời,POS
Chất lượng sản phẩm tuyệt vời,POS
Vải dày dặn,POS
Chất lượng sản phẩm tuyệt vời,POS
"Ngoài việc cái bao bọc móc khoá te tựa thì không có gì chê, móc dễ thương",POS
Chất lượng sản phẩm tuyệt vời,POS
"Mình đặt size S mà nhận được size M shop ơi,nhưng hàng vẫn good như lần đầu tiên đặt, Đóng gói sản phẩm rất đẹp và chắc chắn",POS
Chất lượng sản phẩm tuyệt vời:)),POS
Sau này sẽ tiếp tục ủng hộ shop :)),POS
Hang mac ok lam.nha vai co dan,POS
Hồng tươi nhưng mình thấy màu hơi đậm,POS
Áo đẹp khỏi chê vào đâu lun <3 Cj shop tư vấn nhiệt tình lm ak,POS
"Áo đẹp lắm, thích hơp vs các ban mặc sexy 1 tí vì phần nách hơi sâu 💙 vải dày, mát",POS
Chất lượng sản phẩm tuyệt vời Đóng gói sản phẩm rất đẹp và chắc chắn Shop phục vụ rất tốt Rất đáng tiền Thời gian giao hàng rất nhanh Thời gian giao hàng rất nhanh Thời gian giao hàng rất nhanh Thời gian giao hàng rất nhanh Thời gian giao hàng rất nhanh Thời gian giao hàng rất nhanh,POS
Đóng gói hàng kỹ nữa,POS
Giao hàng nhanh,POS
"Shop rất dễ thương , lần đầu mua nên lố size khách vẫn cho đổi rất ok , nhiệt tình và nhanh nhẹn",POS
"Y chang hình lun , bạn nào ốm thì chỉnh lại xíu làm ok lun",POS
"chất lượng sản phẩm ok, hợp giá tiền, vải mềm mặc thoải mái, sẽ ủng hộ shop tiếp",POS
Chất lượng sản phẩm tuyệt vời quá đẹp,POS
Chất lượng sản phẩm tuyệt vời,POS
2 áo đều rất đẹp,POS
Lần thứ 3 mua hàng và không một lần thất vọng !!,POS
Rất ưng nhé,POS
Nhận hàng ưng lắm ý :)) mua 2 lần roii mà hàng lúc nào cg đẹp❤️❤️,POS
Sp giống mô tả,POS
Mik mua về nha ai cug khen vua rẻ vừa đep,POS
"Vải mịn đẹp lắm,sờ lạnh lạnh mát tay",POS
Chất lượng sản phẩm tuyệt vời Đóng gói sản phẩm rất đẹp và chắc chắn Rất đáng tiền Thời gian giao hàng tạm được Đáng đồng tiền,POS
Shop giao hàng rất nhanh,POS
Sản phẩm dày đẹp,POS
"Sp tạp được, Đóng gói sản phẩm rất đẹp và chắc chắn",POS
Chất lượng sản phẩm tuyệt vời,POS
Nhìn hơi cũ nhưng hạn còn dài nên ok,POS
Chất lượng sản phẩm tuyệt vời,POS
Chất lượng sản phẩm tuyệt vời Đóng gói sản phẩm rất đẹp và chắc chắn,POS
Đóng gói sản phẩm chắc chắn áo hơi mỏng,POS
Áo đẹp lắm ạ,POS
Shop phục vụ rất tốt .Chất lượng sản phẩm tuyệt vời .minh mua 2lan roi đều rất ưng,POS
Nếu có 10⭐️ thì em dành cho shop Leo hết luôn hehe,POS
Rất đẹp Chất lượng sản phẩm tuyệt vời Đóng gói sản phẩm rất đẹp và chắc chắn Thời gian giao hàng rất nhanh,POS
Đồ y như hình.thời gian giao hàng rất nhanh.đồ thì đẹp chỉ trừ lưng quần thì rộng.giao đúng size đúng màu,POS
"Áo vải đẹp, form chuẩn",POS
"Đầm quá đẹp , chất vải mát mịn , shop tư vấn nhiệt tình",POS
"Chất lượng sản phẩm tuyệt vời Shop phục vụ rất tốt Rất đáng tiền,sẽ ủng hộ shop dài dài",POS
Kẹp hạt tốt,POS
Vải ok,POS
"Ai chua mua trah thủ mua đi , k mua rat la tiec lun đó",POS
Áo mặc đẹp,POS
Chất lượng sản phẩm tuyệt vời Đóng gói sản phẩm rất đẹp và chắc chắn Shop phục vụ rất tốt Thời gian giao hàng rất nhanh Ngoài ra còn tặng mặt nạ nữa,POS
Vải đẹp...,POS
Đóng gói sản phẩm rất đẹp và chắc chắn Rất đáng tiền Shop phục vụ rất tốt Chất lượng sản phẩm tuyệt vời Thời gian giao hàng rất nhanh,POS
:),POS
"Giao hàng rất nhanh,áo thun tay dài sọc ngắn chất vải dày dặn, đẹp",POS
Nhưng mình rất hài lòng nha 😚😚,POS
"Shop phục vụ rất tốt, xứng đáng là shop yêu thích",POS
Chim ưng lắm lắm luôn,POS
Chất lượng sản phẩm trên cả tuyệt vời,POS
"Đóng gói sản phẩm rất đẹp và chắc chắn Thời gian giao hàng rất nhanh, nhưng vẫn ko sáng hơn đèn zin trên xe",POS
Chất lượng sản phẩm tuyệt vời Đóng gói sản phẩm rất đẹp và chắc chắn Chất lượng sản phẩm tuyệt vời,POS
"Chất lượng tốt, giao hàng nhanh, chủ shop thân thiện",POS
"Chất lượng sản phẩm tuyệt vời Đóng gói sản phẩm rất đẹp và chắc chắn,sẽ còn ủng hộ shop lâu dài ạ",POS
Áo đẹp phía giữa ngực bị lỗi hơi phồng phải may lại xíu Rất đáng tiền Chất lượng sản phẩm tuyệt vời,POS
"đầm đẹp lắm, shop giao hàng nhanh nữa. nói chung là tuyệt vời hjhj",POS
Chất lượng sản phẩm tuyệt vời Đóng gói sản phẩm rất đẹp và chắc chắn Shop phục vụ rất tốt Rất đáng tiền Thời gian giao hàng rất nhanh ^-^,POS
"Sp giống hình, đẹp",POS
Sẽ ủng hộ shop dài dài,POS
Đánh giá 4 sao vì gửi ko đúng mẫu,POS
Giao hàng siêu nhanh sáng đặt chiều có luôn bỉm mềm êm mới đóng nên k biết hút có tốt k,POS
Chất lượng sản phẩm tuyệt vời,POS
Hàng rất đẹp,POS
Áo hơi mỏng xíu Đóng gói sản phẩm rất đẹp và chắc chắn,POS
Lần đầu mua được áo sơ mi vừa in với người,POS
"Chất lượng sản phẩm tuyệt vời Shop phục vụ rất tốt Thời gian giao hàng rất nhanh, thanks shop, thanks shoppe",POS
Chất lương sản phẩm tuyệt vời,POS
Shop phục vụ rất tốt,POS
+ Shop rất ok,POS
"Mình chỉ ko hải lòng về shipper giao hàng, giao sai địa chỉ và vô trách nhiệm",POS
Trừ 1 sao vì nhầm lẫn thôi,POS
"Quần chiều dai Ok,hơi mỏng nhưng phù hợp vs gia tiền",POS
Đóng gói chắc chắn và hàng đúng chất lượng 👍,POS
Nhìn chung khá là ok phù hợp so vs giá tiền,POS
Đóng gói sản phẩm rất đẹp và chắc chắn,POS
Túi đẹp lắm,POS
"Túi gọn, chất lượng tốt",POS
Áo đẹp lắm nha,POS
"Form chỉ dành cho bạn 58kg đổ xuống, nchung tương xứng với giá tiền",POS
Shop giao hàng rất nhanh,POS
Chất lượng sản phẩm tuyệt vời,POS
"Túi xách đường may cẩn thạna, khoá và dây đeo chắc chắn",POS
Đóng gói sản phẩm rất đẹp và chắc chắn .Shop phục vụ rất tốt,POS
"Chất lượng sản phẩm tuyệt vời, Shop phục vụ rất tốt",POS
Y hình,POS
Tks shop,POS
Chất lượng sản phẩm tuyệt vời và chủ shop rất nhiệt tình dễ thương,POS
Thời gian giao hàng nhanh,POS
Tuy nhiên size áo hơi nhỏ,POS
Thời gian giao hàng nhanh.vẫn cho shop 5 sao,POS
Chị chjr còn tặng cho dây buộc tóc nữa❤ Ngàn sao cho shop,POS
"Đã nhận được hàng, thời gian giao hàng nhanh",POS
Chất lượng sản phẩm tốt Đáng đồng tiền,POS
Quần đẹp áo cũng đẹp,POS
Thx shop,POS
Hàng đẹp đáng tiền,POS
"Áo rất đẹp , chủ shop tư vấn nhiệt tình",POS
"Shop gửi đúng mẫu, màu vàng thì rõ xinh, bộ ong mh nhìn ảnh tưởng vàng đậm hóa ra là nâu, hơi già",POS
Sẽ tiếp tục ủng hộ shop,POS
Chất lượng sản phẩm tuyệt vời Đóng gói sản phẩm rất đẹp và chắc chắn,POS
Chủ shop tư vấn rất nhiệt tình,POS
"Quần đẹp, rất ưng",POS
Shop hỗ trợ nhiệt tình,POS
Chất lượng sản phẩm tuyệt vời Đóng gói sản phẩm rất đẹp và chắc chắn lần đầu mua nghe âm thanh rất to,POS
Sẽ tiếp tục ủng hộ,POS
Nhưng lớp trong áo cứng quá,POS
Đóng gói sản phẩm rất đẹp và chắc chắn,POS
Chất lượng sản phẩm tuyệt vời,POS
Màu tối hơn xíu xiu so với ảnh thôi ạ,POS
Chu đáo,POS
Vậy là oke so với giá tiền rồi,POS
Sản phẩm rất đẹp nhé mn ơi,POS
Đợi lâu nhưng shop rất nhiệt tình,POS
Sản phẩm rất đáng tiền.Nhà mình bây giờ ngày nào cũng dc lau sạch bóng thay vì trước đây 1 tuần lau có 1 lần,POS
Đẹp và chất lượng:)) mơn shop nhiều tuy size L hơi rộng quá :v nhưng nói chung tốt,POS
Sản phẩm tốt,POS
Chất lượng sản phẩm tuyệt vời,POS
Chất lượng sản phẩm tuyệt vời Đóng gói sản phẩm rất đẹp và chắc chắn Shop phục vụ rất tốt Rất đáng tiền Hàng giống hình,POS
Chúc shop buôn bán thuận lợi và thành công,POS
Đóng gói sản phẩm rất đẹp và chắc chắn.nói chung sp ok.shop phục vụ tư vấn nhiệt tình.còn đang khó khăn vc chưa quen kiểu giày này nên khó mang hay tháo ra.😂😂😂,POS
"Áo đệm mỏng mặc rất thoải mái, mềm, ngực nhỏ vẫn lên from đẹp",POS
Đóng gói sản phẩm rất đẹp và chắc chắn,POS
Thời gian giao hàng rất nhanh,POS
Đồ đẹp lắm lắm luôn ạ,POS
Áo cực kì ưng ý.,POS
Đóng gói sản phẩm rất đẹp và chắc chắn Thời gian giao hàng rất nhanh Shop phục vụ rất tốt,POS
"Đóng gói sản phẩm rất đẹp và chắc chắn Shop phục vụ rất tốt Thời gian giao hàng rất nhanh, shop giao k đúng màu, chất lượng sp cũng tạm ổn",POS
Áo đẹp,POS
Giày xinh...các con đi đẹp ạ,POS
Sẽ còn ủng hộ ☺️,POS
Cảm ơn shop nhé,POS
Áo dày dặn mặc đẹp lắm .,POS
Shop phục vụ rất tốt,POS
Cảm ơn shop,POS
Sản phẩm ok,POS
"Hàng vải dày ,chat luong nhưng hơi rộng",POS
Cô gái trong ảnh trắng bóc nhìn còn đẹp,POS
Giao đúng hẹn,POS
Hàng đẹp,POS
Chất lượng tốt so với giá tiền,POS
"Chất lượng sản phẩm tuyệt vờ , Rất đáng tiền, Thời gian giao hàng rất nhanh , Shop phục vụ rất tốt",POS
"Chất lượng sản phẩm tuyệt vời, Áo như hình, chất đẹp, giao hàng nhanh",POS
Sản phẩm xinh y hình ạ <3 Shop trả lời tin nhắn cũng dễ thương nữa ạ <3,POS
Màu son lên rất đẹp,POS
Nhẹ,POS
"Đẹp hơn mong đợi, được tặng kèm đôi tất xinh",POS
Áo đẹp shop phục vụ rất tốt rất nhiệt tình Chất lượng sản phẩm tuyệt vời,POS
Chất lượng giày tốt,POS
Chất lượng sản phẩm tuyệt vời Đóng gói sản phẩm rất đẹp và chắc chắn Rất đáng tiền Đóng gói sản phẩm rất đẹp và chắc chắn,POS
Vai hoj mong nhung nhjn cug Ok,POS
"Vải đẹp , đáng tiền lắm",POS
Lần nào mua của shop cũng được tặng kèm dây buộc tóc cute 👍,POS
"Áo chất dày dặn, form đẹp, giao hàng nhanh mặc dù mình ở HN",POS
Hàng luôn chất lượng và giá cả luôn cạnh tranh,POS
"Áo hơi có vết bẩn, chất áo đẹp",POS
Áo có nâng ngực,POS
"Mình đặt 3 ví shop đều giao đúng mẫu, da ví dày và hầu như không có hư hại gì",POS
Thanks shop nhen,POS
E rất thích shop đóg gói kĩ sản phẩm đẹp 👍,POS
Ưng,POS
Hihi mih mặc siZe s mới vừa mà do thấy 49kg lấy m nên về phải bớp lại hẵn 6 phân oaka,POS
Thời gian giao hàng siêu nhanh,POS
Tuyệt vời so với giá tiền,POS
Bán hàng rất có tâm,POS
Chất lượng sản phẩm tuyệt vời Thời gian giao hàng rất nhanh.nhưng khi mua shop có để là tặng hộp nhưng không có,POS
Áo đẹp như ảnh chỉ bị cái sz hơi to 😝,POS
"Áo đẹp lắm,ủng hộ shop dài dài",POS
"Giầy đẹp , chủ shop đáng yêu hehe mỗi tội có vẻ hơi trật dù e đãmua rộng ra 1 size hic hic",POS
Áo chất vải đẹp,POS
"Chất quần đẹp, giao hàng siêu nhanh, shop tư vấn nhiệt tình, bán hàng rất dễ chịu",POS
"Chất lượng tốt , đóng gói cẩn thận, Thời gian giao hàng rất nhanh Shop phục vụ rất tốt",POS
Tam Đượ,POS
Túi đẹp mà cứng cáp lắm 👍 Ông đực nhà mình cứ thích chui ra chui vào mãi,POS
"Thời gian giao hàng nhanh, được",POS
"Chất lượng sản phẩm tuyệt vời Shop phục vụ rất tốt Rất đáng tiền Thời gian giao hàng rất nhanh, nhìn ok lắm shop giao hàng cũng nhanh nữa cảm ơn shop",POS
"Sp giá đẹp, dùng ok",POS
Đóng gói sản phẩm rất đẹp và chắc chắn,POS
Rất thích,POS
Sao áo lại có thêm túi nhỉ,POS
Perfect,POS
Chất lượng sản phẩm tuyệt vời..Áo đẹp,POS
Chất lượng tạm được,POS
Đóng gói sản phẩm rất đẹp và chắc chắn Rất đáng tiền,POS
Mà cái nơ hơi nặng nhưng không sao 😂😂,POS
Chất lượng sản phẩm tuyệt vời Đóng gói sản phẩm rất đẹp và chắc chắn Màu sắc tươi sáng,POS
Đẹp hơn tưỡng tượng Shop phục vụ rất tốt Rất đáng tiền Thời gian giao hàng rất nhanh,POS
Tạm thời nghe oki không biết lâu dài thì thế nào,POS
So với giá thì quá ưng,POS
Rất là ưng ý luôn,POS
Nc ok,POS
Đóng gói sản phẩm chắc chắn Chất lượng sản phẩm tốt,POS
Thanks,POS
"Màu nhìn ngoài đậm hơn trên ảnh nhiều, nhưng chất đẹp mịn, đáng tiền",POS
"Chất lượng sản phẩm tuyệt vời Đóng gói sản phẩm rất đẹp và chắc chắn, xe cưng lắm ạ!!",POS
Shop phục vụ rất tốt,POS
Áo đẹp màu đẹp dày dặn tuyệt,POS
Chất lượng sản phẩm tuyệt vời.Đóng gói sản phẩm rất đẹp và chắc chắn nhưng áo hơi dài m phải Đi cắt và may lại,POS
"Áo nhìn xinh , shop nói chuyện cực đáng yêu",POS
"sim tuyệt vời không những dùng mạng rất ok mà còn dk gọi nội mạng miễn phí,mỗi tháng lại có 50p ngoại mạng, giá rẻ bất ngờ luôn",POS
Shop đóng gói chắc chắn,POS
có quà tặng kèm rất đáng yêu ạ ><,POS
Hang dep,POS
Vãi hơi mỏng nhưng from đẹp.giống hình,POS
Chất mịn và ôm dáng người,POS
Áo đẹp 😍,POS
"Chất lượng sản phẩm tuyệt vời, có cả hộp nữa, Rất đáng tiền",POS
"Đóng gói sản phẩm rất đẹp và chắc chắn Thời gian giao hàng rất nhanh, nh chất thì bình thường nên mk cho 4 sao",POS
Điểm trừ duy nhất mình mua huarache đỏ đế trắng của nike thì hộp là hộp adidas 😀 mong shop lưu ý,POS
Chất lượng sản phẩm ở mức tạm được do làm light tóc chưa đều cho lắm,POS
Ret dep Đóng gói sản phẩm rất đẹp và chắc chắn,POS
Áo xinh lắm ạ,POS
Ok 5*,POS
Chất vải ko được tốt Shop phục vụ rất tốt Thời gian giao hàng rất nhanh,POS
"Shop tư vấn mình lấy size M nhưng size M hơi bé và ngắn, sau đó shop liên hệ với mình cho mình đổi size, cảm thấy rất uy tin ạ 😍",POS
Đẹp,POS
"Form hơi rộng, nhưng chất lượng áo tốt, thank shop",POS
Mặc lên tôn da,POS
Thời gian giao hàng rất nhanh.Hàng đẹp giống hình tuy hơi ngắn xíu,POS
Sr shop vì feedback nhìn hơi tơi tả... :)),POS
Đóng gói sản phẩm rất đẹp và chắc chắn Chất lượng sản phẩm tuyệt vời tôi rất hài lòng,POS
"Chất lượng sản phẩm tuyệt vời Đóng gói sản phẩm rất đẹp và chắc chắn, hàng đẹp, chất",POS
Áo này mặc thích lắm nhe form đẹp mà mặc mát bao thoải mái luôn nè,POS
Shop giao mã thẻ nhanh,POS
Giá rẻ.shop phục vụ tốt sẽ còn ủng hộ,POS
1 chữ thôi 😆 ĐẸP <3,POS
"Quần ôm, trông gầy hẳn đi ý 😂",POS
Đầm đẹp chị chủ dễ thương,POS
Giá hợp lý,POS
Chất lượng sản phẩm tuyệt vời Đóng gói sản phẩm rất đẹp và chắc chắn Shop phục vụ rất tốt Rất đáng tiền Thời gian giao hàng rất nhanh túi hàng màu xanh xịn xò ghê =))) còn được tặng thêm chiếc vòng siu đáng iu 😍😍,POS
Giá rẻ mà chất lượng ok lem,POS
"Chất lượng sản phẩm tuyệt vời, Đóng gói sản phẩm rất đẹp và chắc chắn, giao hàng nhanh",POS
Sẽ ủng hộ shop tiếp tục,POS
"Mình gỡ tấm lót ra và mặc như thể áo lót dành cho áo mỏng thì rất đẹp, nghĩa là bên trong vẫn mặc thêm áo ngực, yên tâm là không bị nóng đâu",POS
Áo cung tốt,POS
Rất ưng ý với chất lượng hàng và thái độ phục vụ của shop 💋,POS
"Áo in đẹp, áo y hình, vải mát, đã vậy còn có quà hihi. 💋",POS
Chất lượng sản phẩm tuyệt vời,POS
"Đóng gói sản phẩm chắc chắn Shop phục vụ khá tốt Thời gian giao hàng nhanh, chất liệu áo cũng không phải tốt hẳn nhưng phù hợp với số tiền mk mua",POS
Ok lắm,POS
Đóng gói sản phẩm rất đẹp và chắc chắn,POS
Áo 100% y hình hix đẹp dã man Chất lượng sản phẩm tuyệt vời Đóng gói sản phẩm rất đẹp và chắc chắn Shop phục vụ rất tốt Rất đáng tiền,POS
Đóng gói cẩn thận,POS
Thời gian giao hàng rất nhanh,POS
Rất hài lòng,POS
Chất lượng sản phẩm tuyệt vời❤️ Đóng gói sản phẩm rất đẹp và chắc chắn❤️ Thời gian giao hàng rất nhanh😁,POS
"Chất lượng sản phẩm tuyệt vời Shop phục vụ rất tốt, Thời gian giao hàng rất nhanh",POS
"Vừa nhận hàng phải đánh giá luôn, vải quá đẹp so với sự mong đợi của m, có 15k mà vải đẹp thật",POS
Hàng ko như mẫu,POS
Phải nói sao đây áo quá đẹp lên màu tuyệt đẹp luôn í tôn da dã man,POS
Da mềm thích kinh khủng,POS
"nhưng cũng phù hợp với giá tiền, mặc vẫn ok",POS
Hang Chinh Hang DiGi,POS
Cực kì hài lòng,POS
Đóng gói sản phẩm rất đẹp và chắc chắn Thời gian giao hàng rất nhanh chưa sử dụng nên ko đánh giá chất lượng đc Hy vọng tốt như quảng cáo hihi,POS
Shop phục vui vẻ tận tình,POS
Chất lượng sản phẩm tuyệt vời Đóng gói sản phẩm rất đẹp và chắc chắn Chất lượng sản phẩm tuyệt vời Chất lượng sản phẩm tuyệt vời Chất lượng sản phẩm tuyệt vời Đóng gói sản phẩm rất đẹp và chắc chắn Chất lượng sản phẩm tuyệt vời,POS
"Rất hài lòng.giá cả ok,đã đặt lần 2 và rất ưng,bạn bè cũng nhờ đặt giùm nữa,sẽ ủng hộ lâu dài.5 🌟",POS
Hang dep Shop phục vụ rất tốt Rất đáng tiền,POS
Tuyệt vời,POS
Chất lượng sản phẩm tuyệt vời Chất lượng sản phẩm tuyệt vời Chất lượng sản phẩm tuyệt vời Đóng gói sản phẩm rất đẹp và chắc chắn Shop phục vụ rất tốt Rất đáng tiền Thời gian giao hàng rất nhanh,POS
"Hàng chuẩn hình, mặt nạ ôm sát khá dày dặn nhiều dưỡng chất nhưng mình không thấy rõ mùi trà xanh lắm",POS
"Vải mềm nhưng cổ rộng, tay ngắn nên :( Đóng gói sản phẩm chắc chắn",POS
"Sp đẹp, mát, mặc rất thoải mái, ghnhanh",POS
se ung ho shop,POS
Ok good,POS
Đóng gói sản phẩm rất đẹp và chắc chắn,POS
"Chất lượng sản phẩm tuyệt vời Đóng gói sản phẩm rất đẹp và chắc chắn Giao hàng rất nhanh,,, chủ shop tư vấn tận tìh dễ thương",POS
Đóng gói sản phẩm rất đẹp và chắc chắn,POS
Lần sau có dịp ủng hộ shop tiếp,POS
"Đóng gói hàng kỹ, chất áo cũng được đó ạ, mềm",POS
Chất lượng sản phẩm tuyệt vời Đóng gói sản phẩm rất đẹp và chắc chắn giống như hình,POS
Áo đúng như hình hàng giao rất nhanh,POS
Áo đẹp sz hơi nhỏ,POS
Chất lượng sản phẩm tuyệt vời Đóng gói sản phẩm rất đẹp và chắc chắn Shop phục vụ rất tốt Rất đáng tiền Thời gian giao hàng rất nhanh ưng lắm luôn nha shop ❤️❤️❤️,POS
"Giày ổn , k giống với hình và video , Shop phục vụ khá tốt Đóng gói sản phẩm chắc chắn",POS
Thời gian giao hàng rất nhanh Chất lượng sản phẩm tuyệt vời Cảm ơn shop nha,POS
Sẽ ủng hộ shop dài dài,POS
Chiếm hết nguyên bàn tiệc lun.,POS
Gối nằm rất ok,POS
Chất lượng sản phẩm tuyệt vời,POS
Đường may tạm đươc,POS
Trừ 1sao cách nhắn tin của chu shop,POS
Đáng giá 400k,POS
Đóng gói sản phẩm cũng đẹp nữa,POS
Giao hàng nhanh đóng gói tốt chất lượng tốt tuy cũng có một số lỗi nhỏ nhưng tổng thể vẫn 👌,POS
Tiếc là hơi chật xíu Chất lượng sản phẩm tuyệt vời,POS
Màu đẹp và giao hàng nhanh 😍,POS
Shop rất có tâm khi báo trc là có chương trình khuyến mãi sau 3 ngày nhưng vội quá mình cứ lấy luôn tại ko chờ để mua hàng sale dc,POS
"Hàng giao nhanh, sản phẩm đẹp❤️",POS
Thời gian Thời gian giao hàng rất nhanh,POS
"Áo dày dặn, màu đẹp, mặc lên form cũng ok",POS
Áo đẹp dày và mịn rất đáng mua.chủ shop nhiệt tình tặng thêm cột tóc nữa.sẽ ủng hộ tiếp,POS
"Mặc vào rất dễ thương, yên tâm mua mẫu này nha Rất đáng tiền",POS
Vừa rẻ lại vừa đẹp,POS
"Nước hoa thơm lâu, tuy nhiên mình thích mùi thơm của hương cuối hơn, hương đầu ko thích lắm",POS
"tư vấn dễ thương nhiệt tình,hàng đúng hình 100%,đẹp sẽ ủng hộ shop",POS
"Bao ưng 😍, shop bao dễ chịu luôn ạ 👍👍👍",POS
Các bác nên mua sim ghép của shop này dùng,POS
Áo rất đẹp luôn dày mịn rất ưng luôn ạ chị chủ lại còn rất nhiệt tình nữa giao hàng cũng nhanh luôn tóm lại là 1 từ Tuyệt,POS
"Vải mát, chất đẹp:)",POS
Shop phục vụ rất tốt Chất lượng sản phẩm tuyệt vời Thời gian giao hàng rất nhanh,POS
"Áo chất liệu mặc mát , size L vừa i với mình",POS
Shop phục vụ tốt và nói chuyện dễ thương,POS
Áo đẹp,POS
Chất lượng sản phẩm tuyệt vời đóng gói sān pham ko đc đep thui chu san pham tot,POS
"Đồ mặc rất ok, chất vải rất tốt",POS
"Hàng đẹp quá trời lun, cực yêu luôn, chủ shop còn dễ thương nx",POS
Đóng gói sản phẩm rất đẹp và chắc chắn 😘😘,POS
Đàn xinh lắm,POS
Mặc rất thích và thoải mái,POS
Chất lượng sản phẩm tuyệt vời Đóng gói sản phẩm rất đẹp và chắc chắn Shop phục vụ rất tốt Rất đáng tiền Thời gian giao hàng rất nhanh Chất lượng sản phẩm tuyệt vời Đóng gói sản phẩm rất đẹp và chắc chắn Shop phục vụ rất tốt Rất đáng tiền Thời gian giao hàng rất nhanh,POS
Nguyên seal,POS
Chât len tăm dĩ nhiên đẹp hơn,POS
Chất lượng sản phẩm tuyệt vời Đóng gói sản phẩm rất đẹp và chắc chắn Rất đáng tiền Shop phục vụ rất tốt,POS
Shop phục vụ rất tốt,POS
Chất lượng verry good,POS
Shop phục vụ rất tốt,POS
"Áo đẹp lắm, chất mịn đẹp, shop đág tin tưởng",POS
"Quần chất ok, giá hợp lý",POS
Giày mang lên chân rất đẹp,POS
"Chất lượng sản phẩm tuyệt vời, vải đẹp 😘 với giá như vậy là quá tốt",POS
Chất lượng sản phẩm tuyệt vời Đóng gói sản phẩm rất đẹp và chắc chắn Shop phục vụ rất tốt Rất đáng tiền Thời gian giao hàng rất nhanh Thời gian giao hàng rất nhanh Rất đáng tiền,POS
"Đóng gói sản phẩm chắc chắn,giao hàng nhanh",POS
Áo đẹp,POS
"Hàng y hình, chiều dài hợp lí, vải dày dặn",POS
Thời gian giao hàng rất nhanh,POS
Áo này đẹp,POS
Chất lượng sản phẩm tuyệt vời,POS
Chất đẹp,POS
Shop phục vụ rất tốt Chất lượng sản phẩm tuyệt vời Thời gian giao hàng rất nhanh Rất đáng tiền,POS
Mình rất ưng ý,POS
"Áo phông chất đẹp vừa giá tiền, lần nào mua đồ của shop đều chim ưng hết ạ",POS
"Lúc đầu m nghĩ k hết, ai dè chỉ chấm có xíu rồi lau đi, để cho nó tự tạo mài rồi tự lột, cái vết gai chân như tua bạch tuột, đi bắn 1 lần mà k hết, giờ bôi có 2 lần là tróc luôn rồi, không đau mà hiệu quả quá chừng",POS
Rất ok nhé,POS
Áo đẹp lắm a~~~.....vải có hơi mỏng xíu.....nhưng áo ko khác hình chút nào đâu Shop phục vụ rất tốt Rất đáng tiền Rất đáng tiền Thời gian giao hàng rất nhanh,POS
Người bán nói chuyện rất dể thuong,POS
Chat luong sp kha tot,POS
Chất lượng sản phẩm tuyệt vời,POS
Chất lượng sản phẩm tốt Đóng gói sản phẩm chắc chắn Shop phục vụ khá tốt Đáng đồng tiền với giá sale,POS
Đầm đẹp lắm,POS
Thời gian giao hàng rất nhanh,POS
áo cũng đẹp chỉ là hơi bé chút,POS
Thời gian giao hàng nhanh,POS
Nói chung cũng được,POS
Quần hơi rộng,POS
Xuất sắc 😍😍,POS
Giao hàng nhanh. shop phục vụ tốt,POS
Cảm thấy hài lòng về chất lượng,POS
"Nếu lo về chất lượng thì tin tôi đi , ko uổng tiền của bạn đâu . sản phẩm đẹp , giao hàng 3 ngày là có❤❤❤❤❤❤❤❤",POS
"Áo lên form cực yêu, chất lượng ổn, màu sắc đẹp",POS
"Dung nhu mong doi,ok",POS
Đóng gói sản phẩm đẹp và chắn chắn,POS
Ưng cái bụng,POS
Mùi rất thơm,POS
Quang cao giay co hop cai hop nhin cung dep ma nhan hang ntn that,POS
Sẽ ủng hộ shop lâu dài,POS
"Mình nghỉ áo có hoa văn mặc ok nhất á,còn áo gài trước mặc cứ tuột lên trên hoài kh cố định",POS
Thời gian giao hàng rất nhanh Chất lượng sản phẩm tuyệt vời,POS
"Chất lượng sản phẩm tuyệt vời, chủ shop xinh gái dễ tính phục vụ chuyên nghiệp",POS
Đã thế shop lại còn tặng thêm nhiều quà cho e bé nữa,POS
Áo khoác đẹp ạ,POS
Đầm đẹp Đóng gói sản phẩm rất đẹp và chắc chắn,POS
Không bõ công chờ hàng,POS
Chất lượng sản phẩm tuyệt vời,POS
Shop phục vụ rất tốt,POS
Chất lượng sản phẩm tuyệt vời,POS
Vải ok Đóng gói sản phẩm rất đẹp và chắc chắn Chất lượng sản phẩm tuyệt vời,POS
Chất lượng sản phẩm tuyệt vời Đóng gói sản phẩm rất đẹp và chắc chắn Shop phục vụ rất tốt Rất đáng tiền Thời gian giao hàng rất nhanh....Mua lần thứ 3 rất ưng ý...cho shop 10 sao luôn..,POS
Lên chân quá đẹp,POS
Sản phẩm ok lắm. mình được tư vấn size rất vừa,POS
vải đẹp yk hình Chất lượng sản phẩm tuyệt vời,POS
Hg rất giọng voi hình.rất Ok,POS
"Chất lượng sản phẩm tuyệt vời👍👍👍👍 Đóng gói sản phẩm rất đẹp và chắc chắn👍 Shop phục vụ rất tốt, nhiệt tình và còn dễ thương, ân cần, chu đáo Hàng rất đáng tiền, y hình",POS
Sẽ mua của shop nhiều đồ hơn nữa 🖤🖤😊😊,POS
Thời gian giao hàng rất nhanh lại đc tặng thêm cái kẹp tóc với tấm thiệp rất xinh nữa <3,POS
"Chất lượng sản phẩm tuyệt vời Thời gian giao hàng rất nhanh , hàng đẹp ❤️",POS
Chất lượng sản phẩm tuyệt vời,POS
Tks shop,POS
Áo đẹp lắm á vải rất ok,POS
Chất đẹp ren đẹp y hình luôn 👍🏻👍🏻👍🏻 Chất lượng sản phẩm tuyệt vời Đóng gói sản phẩm rất đẹp và chắc chắn Đóng gói sản phẩm rất đẹp và chắc chắn Shop phục vụ rất tốt Rất đáng tiền Rất đáng tiền Thời gian giao hàng rất nhanh,POS
Đóng gói rất cẩn thận,POS
Gà miếng to,POS
Chất lượng sản phẩm tuyệt vời Thời gian giao hàng rất nhanh Shop phục vụ khá tốt,POS
"bộ nữ này chất rất đẹp mà giá lại rẻ nữa, Rất đáng tiền",POS
Chất đẹp lắm ạ,POS
Đẹp dã man luôn❤️🥀,POS
Chất lượng sản phẩm tuyệt vời,POS
áo lên. dáng đẹp ai cũng khen. thích màu đen mà ko có,POS
Thời gian giao hàng rất nhanh,POS
"Sim dùng rất ok, đây là cái thứ 2 mua về",POS
Giao hàng đầy đủ,POS
"Chất vải đẹp, Áo sọc ngang màu có hơi nhạt hơn một chút nhưng chất liệu rất dày dặn",POS
Chất lượng sản phẩm tốt,POS
Cực ưng màu áo,POS
"Bình thường son có mùi thơm,..",POS
Vừa bóc hàng ra là mình đã vô cùng bất ngờ vì áo quá đẹp mà lại rẻ như vậy,POS
Mua về làm đồ trang trí thôi,POS
"Chất liệu đẹp, mịn",POS
"Chất lượng sản phẩm tuyệt vời,cho 5 sao nhe,chất vải ok ,",POS
Lần nào đặt shop cũng giao hàng rất nhanh,POS
"Hàng đẹp , vải đẹp",POS
Chất lượng sản phẩm tuyệt vời Đóng gói sản phẩm rất đẹp và chắc chắn Shop phục vụ rất tốt Rất đáng tiền nên mua,POS
"SP rất tốt , hơn mong đợi <3",POS
Shop phục vụ rất tốt,POS
Chất lượng sản phẩm tuyệt vời,POS
Thời gian giao hàng rất nhanh Thời gian giao hàng rất nhanh Rất đáng tiền Thời gian giao hàng rất nhanh,POS
Váy giống hình,POS
Chất lượng,POS
Đóng gói sản phẩm rất đẹp và chắc chắn Đóng gói sản phẩm rất đẹp và chắc chắn Shop phục vụ rất tốt Thời gian giao hàng rất nhanh,POS
"Vải đẹp lắm ạ, áo màu đẹp như hình 😊 cảm ơn shop nhé Chất lượng sản phẩm tuyệt vời",POS
"Khăn rất là mịn, nhưng hơi mỏng",POS
Giao hàng rất nhanh,POS
Rất ok,POS
Hsd còn rất xa,POS
Hàng đómg đẹp,POS
Thích lắm ạk,POS
"Hàng chính hãng, giá quá tốt",POS
Chất lượng ok so với giá tiền,POS
"Lần nào mua cũng ưng hết, mặc tôn dáng dã man",POS
Đẹp và chất lượng,POS
"Đóng gói sản phẩm rất đẹp và chắc chắn, Shop phục vụ rất tốt, Rất đáng tiền",POS
Hàng chất liệu rất mềm và đẹp,POS
Áo đẹp nhưng tay hơi ngắn,POS
Moahhhh :*,POS
"Ở VN thì nên dùng những loại này thôi ❤️ hàng đẹp chất lượng tốt, hợp với túi tiền 👍🏻",POS
"Đồ đẹp, đóng gói cẩn thận, chắc chắn",POS
Chất lượng sản phẩm tuyệt vời bản quốc tế mới 100% không một vết xước chính hãng dgw vừa check mã code lần đầu tiên Đóng gói sản phẩm rất đẹp và chắc chắn Shop phục vụ rất tốt Rất đáng tiền Thời gian giao hàng rất nhanh Thank you Mi Shop,POS
Áo đẹp cực kì luôn ý,POS
"Chất lượng sản phẩm tuyệt vời Đóng gói sản phẩm rất đẹp và chắc chắn Rất đáng tiền, giao hàng hơi lâu tí, tại bị delay, nhưng thôi k sao",POS
Áo đẹp vải mát =)),POS
chất quá ok sóp ạh .cam on ạ,POS
Vải đẹp,POS
"Chất vải + form dáng ok, chất lượng ok so với giá tiền",POS
Mua đồ chỗ shop ưng ý lắm,POS
"Kích hoạtđược. shop tư vấn nhiet tình, hướng dẫn rõ ràng",POS
Nhưng vải này mình không thích bằng vải áo màu hồng,POS
Hàng rất đẹp và mịn ấm lắm,POS
Đẹp lắm shop ạ đườg kim mũi chỉ k trê đc tý nào,POS
Hàng đẹp,POS
Rất đáng tiền Thời gian giao hàng rất nhanh Hàng đẹp mà lại rẻ 👍👍,POS
"So với giá thì ok, màu k đc đẹp như ảnh",POS
Áo rất đẹp,POS
Rẻ mà đẹp,POS
Chất lượng sản phẩm tuyệt vời Chất lượng sản phẩm tuyệt vời Thời gian giao hàng rất nhanh,POS
Giày cực đẹp đi êm đáng tiền,POS
Mặc khá ổn,POS
"Váy chất xấu, nhìn khác hình nhưng ok so với giá",POS
Chất lượng sản phẩm tuyệt vời,POS
Quần dày mịn vải rất mát,POS
Chất lượng sản phẩm tuyệt vời.mỗi tội hơi ồn kêu to quá hihi,POS
Miễn chê,POS
Túi đẹp,POS
"Vải đẹp, mát mỏng mịn",POS
Sẽ ủng hộ shop nhiều,POS
Chất lượng sản phẩm tuyệt vời Đóng gói sản phẩm rất đẹp và chắc chắn Rất đáng tiền Thời gian giao hàng rất nhanh,POS
Chất lượng sản phẩm tuyệt vời,POS
Chất lượng sản phẩm tuyệt vời Rất đáng tiền.Sản phẩm y hình,POS
Đóng gói sản phẩm rất đẹp và chắc chắn,POS
Đóng gói sản phẩm rất đẹp và chắc chắn,POS
"Chất lượng sản phẩm tuyệt vời, rất ưng ý vs sp",POS
"Sp y hinh, shop than thien",POS
Sẽ ủng hộ shop dài dài,POS
"Thời gian giao hàng nhanh, mới đặt 2h30p sau đã có hàng. ♥️♥️♥️",POS
Sẽ tiếp tục ủng shop ^^,POS
Đường may chắc chắn,POS
Đóng gói sản phẩm rất đẹp và chắc chắn Shop phục vụ rất tốt Thời gian giao hàng rất nhanh,POS
Chị bán hàng nch dễ thương,POS
"Bên ngoài còn đẹp hơn trong ảnh, shop tư vấn nhiệt tình",POS
"Thời gian giao hàng rất nhanh, dáng váy được, sản phẩm phù hợp với giá tiền, ưng ý",POS
Chất đẹp,POS
"Cát có mùi thơm,thấm hút,vón cục tốt",POS
Sp được,POS
"Hàng giống hình, bề măt túi hoi cứng",POS
Nếu có thể sẽ mua tiếp 1 nữa,POS
Mua hàng ở shop k bao giờ phải lo về chất lượng giá cả,POS
Áo hơi lỗi 1 chút vì giá rẻ nên bị mỏng mặc lộ hết bên trọng nhưng do rẻ nên không đòi hỏi gì nhiều. thanks shop,POS
Bestttt,POS
Đẹp,POS
Chất lượng sản phẩm tuyệt vời Rất đáng tiền,POS
Rất đáng tiền Shop phục vụ rất tốt Đóng gói sản phẩm rất đẹp và chắc chắn Thời gian giao hàng rất nhanh Chất lượng sản phẩm tuyệt vời,POS
Đóng gói sp đẹp chắc chắn,POS
Mua lúc sale 55k mà công nhận k phải sale là xấu đâu nha,POS
Rất đáng tiền,POS
gói rất đẹp. thích,POS
Vải áo mỏng Nhưng tạm ổn cho 5 sao,POS
Shop tư vấn side cực chuẩn,POS
Cảm ở vì quà của shop,POS
Váy siêu xinh luôn,POS
Vải rất đẹp,POS
Form cũng ko rộng lắm đâu n áo đẹp,POS
Áo đẹp như hình nhé,POS
Đóng gói sản phẩm rất đẹp và chắc chắn,POS
Chất lượng sản phẩm tuyệt vời Rất đáng tiền Có điều không nghĩ là nó dày tới vậy,POS
"Áo nhẹ, chất thun không nóng, hơi lộ viền vắt sổ, 4 sao rưỡi nha",POS
Chất lượng sản phẩm tuyệt vời Shop phục vụ rất tốt Rất đáng tiền Đóng gói sản phẩm rất đẹp và chắc chắn.Mong shop sẽ thêm hàng đẹp hơn,POS
Chất lượng sản phẩm tốt Shop phục vụ rất tốt Thời gian giao hàng rất nhanh Rất đáng tiền,POS
"váy đẹp lắm shop, ủng hộ shop dài dài",POS
Mình mua 5 cái và cái nào cũng ưng ý và vừa tiền,POS
Chất luong ngàn sao luôn,POS
Chất lượng sản phẩm tuyệt vời Áo đep chât đep màu đep Shop phục vụ rất tốt Thời gian giao hàng rất nhanh,POS
Dù sao vẫn rất ưng 😍😍😍,POS
Kiểu đẹp y hình,POS
"Đã hủy xanh ngọc lấy màu ghi nhưng shop giao màu xanh ngọc cũng rất ưng, màu rêu đậm cũng khá ok",POS
Sản phẩm tốt phù hợp với giá tiền,POS
Đóng gói sản phẩm chắc chắn Shop phục vụ khá tốt Shop phục vụ khá tốt Thời gian giao hàng nhanh,POS
Cảm ơn shop đã bán hàng uy tín 😆,POS
Đẹp.y hình,POS
Thích lắm lắm,POS
"Đặt hàng 34h sau nhận được, nhanh đó",POS
Đóng gói sản phẩm rất đẹp và chắc chắn Rất đáng tiền Thời gian giao hàng rất nhanh,POS
Chất lượng sản phẩm tuyệt vời,POS
Chỉ là vì shop ở Hà Nội nên giao hàng hơi lâu làm mình ở nhà ngóng quá trời luôn,POS
Chất lượng sản phẩm tuyệt vời,POS
Mọi người hãy tin tưởng Và mua dùng,POS
Chất lượng sản phẩm tuyệt vời Đóng gói sản phẩm rất đẹp và chắc chắn,POS
"Túi đẹp , Dày và bóng gói hàng thì bao đẹp",POS
"Sản phẩm hơi xước 1 chút, sử dụng vẫn ok",POS
Form hơi nhỏ so vs mong đợi,POS
Chất lượng sản phẩm tuyệt vời Đóng gói sản phẩm rất đẹp và chắc chắn Shop phục vụ rất tốt Rất đáng tiền Shop phục vụ rất tốt,POS
Quá ưng Đóng gói sản phẩm rất đẹp và chắc chắn Shop phục vụ rất tốt Đóng gói sản phẩm rất đẹp và chắc chắn Rất đáng tiền,POS
"Cam ngon, hợp bé, đã sử hết",POS
Chất lượng sản phẩm tạm đc phù hợp giá tiền,POS
Chất lượng sản phẩm tuyệt vời Đóng gói sản phẩm rất đẹp và chắc chắn..vừa rẻ vừa đẹp..phục vụ tốt ạ,POS
"chất vải đẹp, tư vấn rất ư là thân thiện",POS
Nhưng good,POS
Áo đẹp giống hình chất vải ổn so với giá mình rất ưng sẽ ủng hộ shop,POS
Tuy nhiên chủ shop khá đáng yêu + giá rẻ nên vẫn đánh 5*,POS
Áo đẹp giống hình về màu sắc và kiểu dáng <3,POS
Giày nhẹ và đẹp,POS
Chất lượng sản phẩm tuyệt vời Đóng gói sản phẩm rất đẹp và chắcchắn.ok ung ho shop,POS
Màu siêu yêu,POS
"Áo rất đẹp, chủ shop cũng rất dễ thương, nhiệt tình",POS
Vải rất mềm và mịn,POS
Giày hơi lỗi tý @ đóng gói tốt giao hàng nhanh và a ship hàng vui tính k bt đọc tên giày =)),POS
"Chất lượng sản phẩm tuyệt vời, hạn sd 1/2019, shop tư vấn nhiệt tình",POS
Chất lượng sản phẩm tuyệt vời hàng giống như trên hình,POS
"Vừa nhận hàng chưa thử được, nhưng chất đẹp, dai",POS
"Áo ổn, hợp giá tiền",POS
Làm qần bị vừa ý 🤣🤣🤣tât tăng kèm còn đúng màu mìn thích,POS
Áo vải tốt chắc,POS
Rất đáng tiền Shop phục vụ rất tốt,POS
Sản phẩm đẹp nhưng do đặt size m nên hơi rộng.,POS
"Áo đẹp, chất liệu tốt, người bán hàng có tâm",POS
Rất đáng tiền,POS
Thời gian giao hàng rất nhanh,POS
Đóng gói rất cẩn thận,POS
"Áo đẹp, chất mịn Đóng gói sản phẩm rất đẹp và chắc chắn Thời gian giao hàng rất nhanh",POS
Chất lượng sản phẩm siêu siêuuuuuuuuuuuuuuuuuuuuuuuuuuuuuu tuyệt vời,POS
Shop rất nhiệt tình và đáng yêu ạ💕💕💕💕💕,POS
Cotton len mềm mịn mát tay,POS
"Giấy đẹp, hình ảnh sắc nét",POS
Shop làm ăn uy tín,POS
Chất lượng sản phẩm tuyệt vời Đóng gói sản phẩm rất đẹp và chắc chắn Shop phục vụ rất tốt Rất đáng tiền Shop phục vụ rất tốt Thời gian giao hàng rất nhanh Thời gian giao hàng rất nhanh Thời gian giao hàng rất nhanh Thời gian giao hàng rất nhanh Thời gian giao hàng rất nhanh,POS
Lần sau có nhu cầu nhất định mình sẽ mua,POS
Chất lượng sản phẩm tuyệt vời Đóng gói sản phẩm rất đẹp và chắc chắn Thời gian giao hàng rất nhanh Rất đáng tiền😘💗,POS
Chất lượng sản phẩm tuyệt vời Chất lượng sản phẩm tuyệt vời Đóng gói sản phẩm rất đẹp và chắc chắn Chất lượng sản phẩm tuyệt vời Chất lượng sản phẩm tuyệt vời Đóng gói sản phẩm rất đẹp và chắc chắn,POS
"Đóng gói sản phẩm rất đẹp và chắc chắn Shop phục vụ rất tốt, với giá tiền như vậy sp như vậy là rất Ok, quần mình lấy 2XL mặc mới thoải mái, mình 60 kg 1m67 nhé 😊😊",POS
"mẫu đẹp, chất vải ok. mình rất hài lòng",POS
Thời gian giao hàng rất nhanh,POS
"Rất đẹp, giống hệt hình",POS
Áo đc ok,POS
"Sản phẩm giống với mô tả, mặc dù ở phần nút khoét lỗ còn bị chỉ thừa hơi nhiều",POS
Quần mềm và mỏng mát,POS
Tưởng không đẹp mà đẹp không tưởng🤤 Chất lượng sản phẩm tuyệt vời,POS
Shop phục vụ rất tốt Rất đáng tiền,POS
M,POS
"Vải mỏng mát, hợp cho mẹ sinh hè, hàng giống hình",POS
Giao hàng nhanh,POS
"Chất lượng sản phẩm tuyệt vời, chất vải thích cực",POS
Em sẽ ủng hộ shop nữa ạ ❤,POS
Dáng đẹp.. màu hồng quá đậm so với hình mẫu,POS
"Sản phẩm giống hình, giá tốt",POS
"áo form khá đẹp mỗi tội vải hơi mỏng nhưg dù sao cũng mát , ncl khá ok",POS
"Màu đẹp, da mềm, Chất lượng sản phẩm tuyệt vời",POS
Đẹp luôn ủng hộ shop,POS
Giá lại siêu rẻ nữa ạ,POS
Đóng gói sản phẩm rất đẹp và chắc chắn,POS
Shop giao hàng siêu nhanh,POS
Mua lần 2 rồi vẫn rata hài lòng,POS
Sp tạm được Shop phục vụ rất tốt,POS
Đóng gói sản phẩm rất đẹp và chắc chắn,POS
Đáng mua mn ạ,POS
Sản phẩm rất đẹp,POS
dùng ok lăm nhé,POS
...từ lúc hỏi mua cho đến lúc hỏi phát nhầm hàng shop cũng ko thèm tl Shop phục vụ kém,POS
"Đóng gói và giao hàng nhanh, nói chung là 5 sao cho shop :3",POS
Sp y hình,POS
Thanks shop,POS
Chất lượng sản phẩm tuyệt vời Thời gian giao hàng rất chậm Rất không đáng tiền Shop phục vụ kém Chất lượng sản phẩm tạm được,POS
Mền mịn ^^ Thời gian giao hàng rất nhanh,POS
Lần 2 mua đồ của shop thấy cưng quá 😍❤️,POS
Chất lượng sản phẩm tuyệt vời.váy đẹp rẻ,POS
Mình ưng ý,POS
"° Son lên màu hồng đất , giá hợp lí, nhưng son có hiện tượng đổ mồ hôi lấm tấm như trong ảnh !!",POS
"Giao hàng nhanh, giống hình",POS
Hợp giá tiền,POS
Chất lượng sản phẩm tuyệt vời Chất lượng sản phẩm tuyệt vời Chất lượng sản phẩm tuyệt vời Chất lượng sản phẩm tuyệt vời Chất lượng sản phẩm tuyệt vời Chất lượng sản phẩm tuyệt vời Rất đáng tiền Rất đáng tiền Rất đáng tiền Rất đáng tiền Rất đáng tiền,POS
tạm,POS
Shop phục vụ rất tốt,POS
Hàng sd tốt lắm,POS
m.n nhìn là biết nó như thế nào rồi này,POS
"sản phẩm mình chưa kịp mặc thử nhưng nhìn chung khá ok dù có 1 vài lỗi nhỏ, tuy nhiên cũng hợp giá tiền rồi. chủ shop nhiệt tình lắm ^^",POS
về mẹ e bảo quần đẹp thế sao k mua thêm mấy cái nữa,POS
Cũng OK,POS
Form bao đẹp,POS
Chất lượng sản phẩm tuyệt vời Đóng gói sản phẩm rất đẹp và chắc chắn Rất đáng tiền,POS
Áo y hình,POS
Cạn lời !!,POS
Cảm ơn shop,POS
Sẽ ủng hộ tiếp ^^,POS
Đi cực êm và nhẹ,POS
"Áo đẹp, sẽ tiếp tục ủng hộ",POS
"Quần đẹp, ghi chú là đánh mã số sản phẩm thôi cho tế nhị mà vẫn ghi rõ tên sản phẩm",POS
Mất 1 bộ màu vàng cộc,POS
e ưng lắm. nhìn cute lớp 1e luôn ấy. sẽ ủng hộ shop tiếp ạ. 😘,POS
Đóng gói cẩn thận và chu đáo lắm nha,POS
Đóng gói sản phẩm rất đẹp và chắc chắn Thời gian giao hàng rất nhanh,POS
Chất lượng sản phẩm tuyệt vời Shop phục vụ rất tốt Rất đáng tiền Thời gian giao hàng rất nhanh,POS
Áo siêu đẹp ❤️,POS
Mũ chất👍,POS
Sp đúng mô tả nhưng hơi rộng nách thời gian giao hàn rất nhanh,POS
Chỉ tiếc là đặt màu xanh lại giao màu hồng,POS
Rất đáng tiền,POS
Áo khá ok,POS
Hình thật giá rẻ hàng tốt,POS
"Thời gian giao hàng rất nhanh, chất lượng ổn so với giá tiền",POS
Nếu thiết kế cao thêm 3cm sẽ rất vừa với body của nikon,POS
Chật lượng sản phẩm rất tốt,POS
Thích nhiều hơn mong đợi nên đặt thêm 2c nữa ^^,POS
Đóng gói sản phẩm rất đẹp và chắc chắn,POS
Đóng gỏi sản phẩm được,POS
"Ô có hơi ""mỏng manh"" một chút",POS
Chất lượng sản phẩm tuyệt vời,POS
"Áo chất thun gân dệt mỏng, mềm và khá co giãn",POS
Chất lượng sản phẩm tuyệt vời Đóng gói sản phẩm rất đẹp và chắc chắn Thời gian giao hàng rất nhanh Rất đáng tiền Shop phục vụ rất tốt Thời gian giao hàng rất nhanh,POS
Đóng gói sản phẩm rất đẹp và chắc chắn,POS
Áo đẹp nhưng mừng giá bằng giá mua ngoài hàng hem rẻ hơn nên cho 4 sao thui :p,POS
Hỗ trợ nhiệt tình sau bán hàng,POS
Khoan tốt trong tầm giá,POS
Hàng tốt i như trong hình,POS
"Tuyệt, siêu sexy",POS
Mua lần thứ N chưa bao giờ ko hài lòng hết 😂 Giao hàng thì nhanh khỏi chê luôn,POS
"Áo đẹp, mọi người yên tâm mua hàng",POS
"Vải dày dặn, y hình, Chất lượng sản phẩm tuyệt vời Rất đáng tiền Thời gian giao hàng rất nhanh",POS
Hàng y hình,POS
"hang dap, giao hang cung nhien",POS
Quần chất mềm..khá rẻ và ok,POS
"Nói chung chất lượng good, độ nhiệt tình tin cậy mình cho 10* luôn 😍",POS
Y hình.,POS
Thời gian giao hàng rất nhanh Rất đáng tiền Shop phục vụ rất tốt Đóng gói sản phẩm rất đẹp và chắc chắn Chất lượng sản phẩm tuyệt vời <3 <3,POS
Thật sự shop đóng gói rất cẩn thận và đẹp dù mình mua ít tí à,POS
Cảm ơn shop nhé 😘😘😘😘,POS
Thời gian giao hàng rất nhanh,POS
Giao y hình.,POS
Khăn đẹp xịn mịn 😎,POS
"Đóng gói sản phẩm rất đẹp và chắc chắn, nắp nhôm chắc chắn, ko hề bị rơi vãi, mua lần 2, hài lòng",POS
Sẽ ủng hộ dài dài.,POS
Chất len mặc rất thoải mái,POS
Giao hàng nhanh 👍 giá tiền ok,POS
Trắng đen đều đẹp hết!!,POS
Thời gian giao hàng rất nhanh Hàng rất đẹp. 😍,POS
chất đẹp chuẩn size,POS
Giá cả phải chăng,POS
Chất lượng sản phẩm tuyệt vời Chất lượng sản phẩm tuyệt vời Chất lượng sản phẩm tuyệt vời Rất đáng tiền Rất đáng tiền Rất đáng tiền,POS
Mua son của shop rất oke và tin tưởng ạ ❤️,POS
"Thời gian giao hàng rất nhanh Vải mịn mát, mặc đẹp lắm",POS
Rất đáng tiền,POS
Ưng lắm ạ,POS
Cảm ơn shop,POS
Rất đáng tiền❤Thời gian giao hàng rất nhanh,POS
Set này áo rất dày đẹp,POS
Hg ok và đẹp lắm ạk,POS
E nhận đc quần r ạ ❤️ mặc thích cực kì,POS
Vải mềm thích lắm shop ạ 😊😊😊 sp rất đẹp k chê vào đâu đc á 😆😆😆,POS
Chất lượng sản phẩm tuyệt vời Đóng gói sản phẩm rất đẹp và chắc chắn Chất lượng sản phẩm tuyệt vời Thời gian giao hàng rất nhanh,POS
Đóng gói sản phẩm rất đẹp và chắc chắn Shop phục vụ rất tốt Rất đáng tiền Thời gian giao hàng rất nhanh Chất lượng sản phẩm tuyệt vời,POS
Chất lượng sản phẩm tuyệt vời Ok lam,POS
Quần đúng với hình Chất lượng sản phẩm tuyệt vời,POS
áo ưng lắm nạ 😚 shop nhiệt tình nữa nà ☺️ ~ ncl thích lắm í ạ ☺️☺️,POS
Kết nối vs các thiết bị cũng khâ ok,POS
Chất lượng sản phẩm tuyệt vời..Màu áo ko giống hình,POS
Hang đẹp ok,POS
Áo ấm,POS
Chất lượng sản phẩm tuyệt vời.. không nghĩ giá như vậy lại nhận dc sản phẩm tốt và hài lòng đến thế.. sẽ ủng hộ shop lần tới.. chúc shop buôn bán đắt hàng,POS
Chất lượng sản phẩm tuyệt vời mà hơi mỏng,POS
Áo tạm ổn,POS
Nói chung là ổn so với giá tiền ok cho 5*,POS
"Áo quá đẹp luôn nếu không muốn nói là đẹp, may quá có áo mới đi làm cty mới, shop còn mẫu nào trắng nữa để mình mua",POS
Chất lượng sản phẩm tuyệt vời Đóng gói sản phẩm rất đẹp và chắc chắn Shop phục vụ rất tốt Shop phục vụ rất tốt Đóng gói sản phẩm rất đẹp và chắc chắn,POS
Rất đáng tiền,POS
Chất vải và đường may đẹp,POS
"Shop đóng gói hàng rất thận, lại còn tặng thêm thìa",POS
Áo form hơi nhỏ,POS
Chất lượng sản phẩm tuyệt vời Đóng gói sản phẩm rất đẹp và chắc chắn,POS
Sẽ tiếp tục ủng hộ Do,POS
Áo đẹp,POS
Nói chung là ok cho 5 sao,POS
xinh hết phần thiên hạ luônnnnn,POS
Dày hơn nữa thì k còn dì để chê,POS
"Vai dep, ko dày ko mỏng",POS
"Chất lượng sản phẩm tuyệt vời ,Shop phục vụ rất tốt",POS
"Chất lượng sản phẩm tuyệt vời, áo đẹp ngoài sức mong đợi, Shop phục vụ rất tốt Rất đáng tiền",POS
chất lượng tốt,POS
Giao sản phẩm rách như hình,POS
Cám ơn shop,POS
"Rất đáng tiền, nhưng sp k giống hình... nhưng nó củng là sim ghép cứ sài thôi kkk",POS
Chủ shop dễ thương,POS
Shop có cho đổi hàng nữa,POS
"Áo chuẩn hình, vải đẹp, đường may tốt",POS
Đóng gói sản phẩm rất đẹp và chắc chắn hơi cộc so voi chiều cao của mh,POS
Chất vải ok mềm mịn.,POS
Thời gian giao hàng rất nhanh Rất đáng tiền Rất đáng tiền Rất đáng tiền,POS
Chất lượng sản phẩm tuyệt vời.vừa ý lém nha,POS
Vẫn cho shop 5 sao vì chủ shop nhiệt tình,POS
Hơi xấu so với 2 màu kia :v,POS
Xin cảm ơn,POS
"5* cho cô chủ nhiệt tình nhé , lần sau lại ủng hộ nha, hàng xinh lắm 💋",POS
Hàng đẹp dã man chị trang ạ,POS
Chất lượng sản phẩm tuyệt vời Đóng gói sản phẩm rất đẹp và chắc chắn,POS
Giao hàng nhanh,POS
"Quần mặc mát, hàng đúng như trong ảnh, giá hợp lý",POS
Đóng gói sản phẩm rất đẹp và chắc chắn,POS
"Rất đáng tiền Thời gian giao hàng rất nhanh Đóng gói sản phẩm rất đẹp và chắc chắn Shop phục vụ rất tốt, lấy hàng xog còn lại 1 thùng xốp to đùng :D",POS
Áo đẹp vải tốt thừa chỉ một tí nhưng mặc vào thì cool <3 Chất lượng sản phẩm tuyệt vời,POS
Chưa sử dụng thử nhưng vẫn cho shop 5* vì đóng gói rất chắc chắn,POS
Chất lượng sản phẩm tuyệt vời Giao hàng nhanh,POS
Sẽ ủng hộ shop thời gian tới,POS
"Mình tưởng ngắn tay, shop giao dài tay, nhưng chất lượng rất ok",POS
Đóng gói sản phẩm tạm được Chất lượng sản phẩm tạm được: bị trầy và hơi dơ,POS
Giao hàng tiết kiệm mà gửi sáng chiều đã đến nơi rồi 😆😆 tớ mua hàng hay hỏi nhiều mà bạn chủ vẫn trả lời nhiệt tình nên thích mua ở đây lắm nè 🤤 áo còn mặc được hai mặt cơ hihi,POS
áo đẹp vải rất oke luôn,POS
Form chuẩn sang,POS
Chất lượng sản phẩm tuyệt vời Đóng gói sản phẩm rất đẹp và chắc chắn❤️,POS
Khuyên mọi người tin dùng sản phẩm của shop,POS
Vải dày tốt,POS
Đóng gói sản phẩm rất đẹp và chắc chắn Giao hàng nhanh ung hộ Shop cho tg tiếp theo,POS
Vải rất ổn và may kiểu đẹp,POS
Chất liệu so với giá là ổn,POS
Với giá này thì áo nhứ thế là tuyệt vời rồi,POS
Chất lượng sản phẩm tuyệt vời,POS
😋😋😋,POS
Hao màu sắc rất đẹp,POS
Có đệm ko khí cảm thấy khá êm,POS
Đẹp lắm,POS
Áo giống mô tả,POS
Thời gian giao hàng rất nhanh,POS
Chất lượng sản phẩm tuyệt vời. đẹp.,POS
Vải ok.đẹp,POS
"Chất lượng sản phẩm tuyệt vời,đẹp và giá thành qá rẻ,tôi rất thích,rất đáng tiền, Đóng gói sản phẩm rất đẹp và chắc chắn Shop phục vụ rất tốt Thời gian giao hàng rất nhanh,yêu shop",POS
Ưng lắm ý ạ,POS
dễ thương lắm shop,POS
Xức xắc,POS
Hàng quá đẹp..rẻ mà chất lượng...đóng gói hàng rất đẹp Chất lượng sản phẩm tuyệt vời Shop phục vụ rất tốt Rất đáng tiền Thời gian giao hàng rất nhanh,POS
"Hàng đẹp, đóng gói tốt",POS
"Chất lượng sản phẩm tuyệt vời, vai day dan va dep, Shop phục vụ rất tốt, Rất đáng tiền",POS
Đóng gói sản phẩm rất đẹp và chắc chắn Shop phục vụ rất tốt,POS
"Áo xanh vải rất ok, nhưng màu trắng k đẹp",POS
Hàng đúng giá tiền,POS
Chất lượng sản phẩm tuyệt vời. đẹp mềm. sờ chất rất là thích. tặng shopp 10 sao luôn 😊,POS
Chất lượng sản phẩm tuyệt vờI,POS
Chất lượng sản phẩm tuyệt vời nhưng bị lộn size rồi,POS
Vải cứng ko thấm hút,POS
Đóng gói sản phẩm rất đẹp và chắc chắn,POS
Chất lượng sản phẩm tuyệt vời cốp đẹp mà xinh lắm son đánh lì nữa,POS
"Áo đẹp , chất đẹp nhưng hơi móng xíu",POS
C chủ siêu nhiệt tình,POS
Chất lượng sản phẩm tuyệt vời Rất đáng tiền Thời gian giao hàng rất nhanh,POS
Sản phẩm tuyệt với Đóng gói sản phẩm rất đẹp và chắc chắn,POS
Ngon,POS
Rất đáng tiền😍😍😍😍😍,POS
"Váy quá đẹp,mặc lên rất tôn da",POS
Dù sao cũng cảm ơn shop,POS
Rẻ mà chất cũng đc,POS
Rất đáng tiền Chất lượng sản phẩm tuyệt vời Shop phục vụ rất tốt Thời gian giao hàng rất nhanh,POS
Ngắn gọn thôi: đẹp miễn bàn ❤,POS
"Vưa ý lam, Rất đáng tiền.5 sao",POS
Túi có quai xách rất ok nhưng mỏng quá,POS
Chất da mềm,POS
Hàng rất ok mùi thơm dễ chịu thơm dai nữa,POS
Giao hàng nhanh,POS
Hàng rất đẹp,POS
Shop đóng gói cẩn thận,POS
Chất lượng sản phẩm tuyệt vời Đóng gói sản phẩm rất đẹp và chắc chắn.túi đẹp y như hình.chỉ là dây đeo và dánh túi hơi cứng hơn so với tưởng tượng.với giá như vậy được túi như thế này là trên cả tuyệt với,POS
Chất lượng sản phẩm tuyệt vời,POS
"Vải dày dặn, rất ấm, rất đáng tiền",POS
"Áo màu như hình , đặt ngày trước ngày sau giao tới nơi rồi này 😘",POS
K bị lỗi,POS
Shop phục vụ rất tốt,POS
Quá đẹp,POS
Thun lưng rất co dãn,POS
"Chưa mặc nên không biết sao, cảm nhận ban đầu là màu sắc nhẹ nhàng dễ thương",POS
Chất lượng sản phẩm tuyệt vời Shop phục vụ rất tốt Thời gian giao hàng rất nhanh Rất đáng tiền,POS
"Quần tốt lắm, đẹp hơn mong đợi",POS
Rất OK,POS
"Mua shop chị Vân Anh thì miễn chê, mà chị uy tín lúc nào cũng gửi đúng hàng",POS
Chất lượng sản phẩm tuyệt vời Shop phục vụ rất tốt Rất đáng tiền Đóng gói sản phẩm rất đẹp và chắc chắn Thời gian giao hàng rất nhanh,POS
Rất đáng tiền,POS
"đồ rất đẹp nha bạn, vừa y vs mình luôn, vải mềm mịn mát, hoạ tiết lạ và siêu cute",POS
Đẹp lắm luôn nàyyyyy,POS
Giá chuẩn,POS
đầm đẹp. giá hợp lý,POS
Chất lượng sản phẩm tuyệt vời,POS
Đẹp hơn mình mong đợi,POS
Chúc shop buôn bán đắt,POS
Sách đẹp còn có quà nữa,POS
"Giao hàng nhanh,chăm sóc kh tốt",POS
Hàng y hình chất đẹp lắm shop,POS
Quần quá đẹp so với giá tiền,POS
Sẽ ủng hộ shop nhiều,POS
Chất lượng sản phẩm tốt giày đi ko chắc chân,POS
Chất lượng sản phẩm tuyệt vời Đóng gói sản phẩm rất đẹp và chắc chắn. shop tư vấn lịch sự và rất dễ thương,POS
Màu cũng đẹp,POS
Tay ko có bo đen như hình,POS
Giao hàng nhanh và áo rất đẹp 😉,POS
"Đóng gói sản phẩm rất đẹp và chắc chắn, được tặng cột tóc xinh xinh",POS
"Ni bông mềm, lên dáng rất đep . cảm ơn shop nhé, mua nhiều rồi chưa bao giờ thất vọng❤️",POS
"Áo xinh lắm ạ, thích shop cập nhật nhiều mẫu quầo áo mới <3",POS
"Áo chất tương đối tốt, mềm, mặc okie lắm",POS
Tạm đc thôi kg đẹp lắm nhưng tiền nào của nấy kg chắc chê shop bán đc,POS
Shop tư vấn nhiệt tình vui tính . giao hàng nhanh,POS
Đóng gói sản phẩm rất đẹp và chắc chắn Đóng gói sản phẩm rất đẹp và chắc chắn Shop phục vụ rất tốt Rất đáng tiền Thời gian giao hàng rất nhanh,POS
Chất lượng sản phẩm tuyệt vời Đóng gói sản phẩm rất đẹp và chắc chắn Shop phục vụ rất tốt Rất đáng tiền,POS
"Max ưng luôn^^ cảm ơn shop nhiều, chúc shop buôn may bán đắt nhé",POS
Thật sự là k thể chê,POS
Hàng đúng đẹp,POS
"Áo khá đẹp, chất vải mát, tuy nhiên tay áo hơi rộng",POS
Tuy đóng gói ko đẹp nhưng hàng đẹp,POS
"Máy rất OK luôn ,mình mua lần 2 rồi , không có gì gây thất vọng cả 😌 mà hình như shop quên tặng tai nghe 😭",POS
Nhg nhìn chung thì mặc lên đẹp,POS
Chất lượng sản phẩm tuyệt vời,POS
Đúng mẫu chất vải đẹp,POS
Rất đáng tiền,POS
"Hàng Ok , quạt mát , nắp pin hơi lồng không đóng sát dc",POS
Kiểu đây là phải tốn xiềng dài dài thoai 😙😙😙,POS
Chất lượng sản phẩm tạm được Đóng gói sản phẩm tạm được Giá cả chấp nhận được,POS
Chưa biết dùng lâu dài độ bền như nào nhưng shop có bảo hành nên yên tâm,POS
Chất lượng sản phẩm tuyệt vời size giày hơn lớn,POS
Hàng nói chung Ok từ a đến z nhưng có cai pin màu hết 5 sao nha shop thanks,POS
"Đây là một sản phẩm rất hữu ích, chất lượng tốt so với giá bán, Đóng gói sản phẩm rất đẹp và chắc chắn, Rất đáng tiền",POS
Good good ❤❤❤❤,POS
Dang tien,POS
Chất lượng sản phẩm tuyệt vời; Thời gian giao hàng rất nhanh,POS
"Hàng giao nhanh, đầy đủ phụ kiện, Rất đáng tiền",POS
Hơi nhỏ so vs tưởng tượng..,POS
"Đóng gói sản phẩm rất đẹp và chắc chắn Đóng gói sản phẩm rất đẹp và chắc chắn , áo khá to so với mình, nên bạn nào muốn mua size L mà tướng người nhỏ bé thì nên chọn soze M nha : , được tặng móc khóa hình Jinmin thích lắmm ><",POS
"Rất đẹp, mình hay đi chụp ảnh mẫu kiếm áo lưới đẹp mua 4 cái của chị Mây, quá rẻ mà chất lượng rất tốt, form chuẩn đẹp lắm",POS
Lần thứ 2 mua bàn và vẫn hài lòng như lần đầu,POS
Chất lượng sản phẩm tuyệt vời Rất đáng tiền Rất đáng tiền Rất đáng tiền Thời gian giao hàng rất nhanh Thời gian giao hàng rất nhanh,POS
"Hàng đẹp lắm, cám ơn shop nha 😍😍😍",POS
Rat hai long,POS
Vay dẹp nhung vai mong qua k biết co may them lót dc k)),POS
Váy dày dáng đẹp tuy nhiên hơi ôm Đóng gói sản phẩm rất đẹp và chắc chắn,POS
Chất lượng sản phẩm tuyệt vời Đóng gói sản phẩm rất đẹp và chắc chắn,POS
Shop phục vụ khá tốt,POS
Lần 2 mua son của shop rất ưng,POS
Highly Recommended,POS
Thắt lưng cute =)) Lên hình đẹp lắm,POS
Dáng áo tuy không đẹp như hình nhưng với giá như vậy là quá ổn,POS
"Chat Liêu tốt, I like ít",POS
"Màu giống hình, cực đẹp",POS
Mọi người nên ủng hộ shop đi ạ,POS
"Vải đẹp lắm ạ , anh chủ shop dễ thương :3",POS
tư vấn nhiệt tình. đồ giá rẻ mà chất lượng vô cùng tốt. hy vọng lần mua tiếp sẽ đc nhận hàng ưng ý như vậy,POS
"Chất đẹp lắm, nhìn rất trend nữa",POS
Em mà mua lần 2 thì shop bớt bớt cho em chút nhe,POS
Chất lượng sản phẩm tuyệt vời,POS
Chất lượng sản phẩm tuyệt vời Đóng gói sản phẩm rất đẹp và chắc chắn,POS
"Giao hàng cực nhanh, sách rất hay và toẹt dời 5* còn ít phải 500* mới đc 😍😍",POS
Tay Áo đẹp,POS
Áo bao đẹp ạ!,POS
Vote 10 sao hihi Thời gian giao hàng rất nhanh,POS
M rất thích,POS
Ủng hộ shop,POS
Sản phẩm chất lượng tốt rất ưng ý,POS
"Chất lượng sản phẩm tuyệt vời , quan day keo vai hoi cung tam dc",POS
Hàng tốt,POS
"Cô bán hàng thân thiện ( chắc là cũng xinh gái) , chất lượng vải tốt, đường may ok lắm ạ",POS
Sẽ mua thêm 1 em nữa ở shop,POS
Quần đẹp nhưng bạn nào mua nhớ nhảy 1 sz lên e 51kg mà mặc sz xl vừa in luôn k cần rút day dự là sắp mua them cai mới hi,POS
Thời gian giao hàng rất nhanh Đóng gói sản phẩm rất đẹp và chắc chắn,POS
Shipp nhanh,POS
Chất lượng sản phẩm tạm được,POS
"Áo mềm vải mịn lắm :3 Đóng gói cũng đẹp và chắc chắn nữa, có cơ hội sẽ ủng hộ shop nhiều hơn ạ<3",POS
Chất lượng sản phẩm tốt,POS
Hàng đẹp giá rẻ,POS
"Váy đẹp ngoài sức tưởng tượng, nhưng mà muốn mua thêm cái chân váy cần sự tư vấn mà shop rep ib chậm làm mình đặt váy này trước :)) Đặt hàng chiều htrc sáng sau nhận được luôn",POS
"Chất lượng sản phẩm tuyệt vời, Shop phục vụ rất tốt, Rất đáng tiền",POS
Đóng gói cẩn thận lắm nha,POS
"hàng đẹp, rất đáng tiền",POS
Hoàn toàn hài lòng,POS
Chủ shop nhiệt tình lắm ạ,POS
"Chất mền mịn, shop tư vấn size chuẩn, mặc lên rất tôn dáng, sẽ ủng hộ shop tiếp nhé",POS
Rất hài lòng,POS
Có đôi lời muốn nói,POS
"Ahihi, thích lắm cơ",POS
Màu đen vải rất mỏng,POS
Chất lượng sản phẩm tuyệt vời Thời gian giao hàng rất nhanh Shop phục vụ rất tốt bo ao cuc ki de thuong mac thoang mat,POS
Chất luong san phẩm quá tuyệt vời.shop Tư vấn nhiệt tình Thời gian giao hàng rất nhanh,POS
Hơi nhỏ,POS
"Áo vừa khít, chất đẹp",POS
"Chất lượng sản phẩm tuyệt vời,rất ưng ý cho 5*..:)) Chúc shop làm ăn phát đạt:))",POS
Tuy nhiên shop vẫn được 5 sao vì sản phẩm và màu sắc đúng như cam kết,POS
"Dây kéo hơi rít xíu nhưng chắc do còn mới, màu áo rất đẹp",POS
"Chất lượng sản phẩm tạm được, shop nhiệt tình mình ko ưng lắm vì váy chỉ có 1 lớp thôi ạ",POS
"Rất đáng tiền, rẻ",POS
Rất tuyệt vời,POS
Vải mịn lắm Rất đáng tiền,POS
Chất lượng sản phẩm tuyệt vời Đóng gói sản phẩm rất đẹp và chắc chắnRat hai long,POS
Bác nào e sợ về chất lượng mà lại muốn mua áo thun hạt dẻ thì cứ chọn shop nhé 😊,POS
"Shop làm ăn uy tín,tư vấn nhiệt tình,có sao nói vậy, test máy rất kỹ",POS
Shop phục vụ rất tốt Shop phục vụ rất tốt Thời gian giao hàng rất nhanh Đóng gói sản phẩm rất đẹp và chắc chắn,POS
Áo dễ thương,POS
Chắc do shop nhầm lẫn huhihi,POS
Chất lượng sản phẩm rất kém Rất không đáng tiền Shop phục vụ rất tốt,POS
Túi mềm đẹp rộng e để đk khá nhiều đồ Đóng gói sản phẩm rất đẹp và chắc chắn,POS
Chất lượng sản phẩm tuyệt vời Rất đáng tiền Thời gian giao hàng rất nhanh,POS
Sẽ mua thêm vài bộ nữa :*,POS
Đóng gói sản phẩm rất đẹp và chắc chắn giày hơi cứng,POS
"Hàng đẹp , chất lượng, đóng gói hơi sơ sài",POS
Đẹp,POS
Có quà nhỏ kẹo mút và giấy 😊😊,POS
Cảm ơn shop nhiều,POS
Đóng gói sản phẩm rất đẹp và chắc chắn,POS
"rất ưng ý mẫu mã, chất liệu",POS
"Quần mát, mặc thoải mái như ko mặc",POS
"ở ngoài màu xỉn hơn màu nâu đất, k đc tươi như hình",POS
"Chất lượng sp đc nhưng thái độ pvụ của shop chán quá, hỏi 1 đằng trl 1 nẻo, hỏi nhiều ý thì trả lời có nửa, nhắn hỏi dài nthe mà trl có 1 dòng cụt lủn sai trọng tâm, nhắn bày tỏ t/độ vậy rồi mà chả xl 1 câu",POS
"Cha Đóng gói sản phẩm rất đẹp và chắc chắn, Shop phục vụ rất tốt, Rất đáng tiền",POS
Đóng gói sản phẩm rất đẹp và chắc chắn,POS
Áo đẹp ❤️❤️❤️ shop nhiệt tình 😍😍😍,POS
Nhưng rất dẹp 😍 sẽ ủng hộ shop dài,POS
Song đây cũng là 1 sản phẩm đáng để đầu tư,POS
"Thời gian giao hàng rất nhanh, giày đẹp , hàng SF mà giá ntn thì cx đc , đáng đồng tiền bỏ ra",POS
"váy đẹp, chất mặc dễ chịu",POS
"Hàng tốt, mua dc giá rẻ nữa nên ưng cái bụng lắm ạ, sẽ ủng hộ Thời gian giao hàng rất nhanh",POS
Shop phục vụ rất tốt Rất đáng tiền Rất đáng tiền Thời gian giao hàng rất nhanh Thời gian giao hàng rất nhanh,POS
Mặc dù chờ hơi lâu nhưng sản phẩm rất tốt =))),POS
Sản phẩm ok 😁,POS
Đóng gói sản phẩm rất đẹp và chắc chắn,POS
Đồ rất đẹp đóng gói chắc chắn,POS
"Vải dày dặn, đẹp i như hình luôn í",POS
Chưa dùng nhưng vẫn cho shop 5 sao,POS
Sau này sẽ ủng hộ chị tiếp ạ :)),POS
Tốt Chất lượng sản phẩm tuyệt vời,POS
Chất lượng sản phẩm tuyệt vời..,POS
Hang o shop rat tot .chat luong san pham con dep hon hinh quang cao .hinh anh in rat sac net .san pham vo cung tuyet voi,POS
Những vẫn ưng,POS
Shop phục vụ khá tốt Đáng đồng tiền Thời gian giao hàng nhanh,POS
"Hàng ok, có đều hơi rộng thôi, đẹp!",POS
Shop phục vụ rất tốt,POS
Rất đáng tiền Thời gian giao hàng rất nhanh Shop phục vụ rất tốt,POS
Dép đẹp lắm có stick dán dép cũng iu lun,POS
Thích lắm,POS
"Chất vải và thun nó mát rượi à, tem mác của Thái hết, e cảm ơn shop nhiều sẽ ủng hộ shop dài dài 😘",POS
Đóng gói sp chắc chắn lm,POS
"Shop phục vụ rất tốt, áo rất đẹp",POS
"Mặc lên rất đẹp luôn, Chất lượng sản phẩm tuyệt vời",POS
sảnphẩm chất lượng,POS
Hàng đẹp quá shop,POS
Thời gian giao hàng rất nhanh,POS
Chất lượng sản phẩm tuyệt vời Đóng gói sản phẩm rất đẹp và chắc chắn Shop phục vụ rất tốt Rất đáng tiền,POS
Nhưng cho shop 5* vì áo khá ok so vs giá,POS
Đóng gói sản phẩm rất đẹp và chắc chắn,POS
Chưa thấy shop nào bán hàng có tâm như shoo này ib khách tư vấn về chất vải và chất lượng hàng shop duy nhất đóng dấu cho khách bóc hàng xem hàng trực tiếp (đối với mình) còn tiền nào của nấy,POS
Chất lượng sản phẩm đẹp,POS
"Chất lượng sp tốt, vừa ý",POS
"Hàng rất đẹp , chất liệu tốt rất dày 👍👍👍",POS
Áo đẹp...mình rất thích,POS
"Sản phẩm rất tốt, vải xịn, chắc chắn, dày dặn, hình là tự chụp nên sản phẩm có form giống y hình luôn, nhìn rất tin tưởng",POS
Rất đẹp shop ạ ai cx khen váy đẹp chất thì khỏi chê luôn đẹp k gì tả nổi luôn mặc vào nhìn rất tôn dáng nha ưng quá hà lần sau chắc chắn ủng hộ shop tiêp,POS
"Áo chất mát mặc thích, nhưng form hơi rộng",POS
Thời gian giao hàng rất nhanh Chất lượng sản phẩm tuyệt vời Đóng gói sản phẩm rất đẹp và chắc chắn Đóng gói sản phẩm rất đẹp và chắc chắn Shop phục vụ rất tốt Thời gian giao hàng rất nhanh,POS
Chất lượng sản phẩm tạm được,POS
"Chất dày dặn, màu tối hơn hình chút nhưng vẫn đẹp. 5 sao cho shop",POS
"Chất lượng sản phẩm tuyệt vời ,Shop phục vụ rất tốt, Rất đáng tiền ^_^",POS
Mặc thoải mái,POS
"Chất lương sản phẩm tuyệt vời , nón đẹp lắm , sẽ ủng hộ 👍👍👍",POS
Shop phục vụ rất tốt,POS
"Ổn ạ, mặc dễ chịu",POS
Giá ổn mà chất quần không chê đâu được ạ hehe,POS
Chất lượng sản phẩm tuyệt vời,POS
Sp đẹp chất lượng.ok,POS
Rẻ đẹp,POS
Rất đáng tiền,POS
"Thời gian giao hàng nhanh, đặt mùng 2, mùng 3 có hàng",POS
"Chất lượng sản phẩm tuyệt vời, áo đẹp",POS
Giao hàng nhanh,POS
Đóng gói sản phẩm rất đẹp và chắc chắn,POS
Bạn chủ bán hàng nhiệt tình,POS
Đóng gói sản phẩm rất đẹp và chắc chắn,POS
"Shop gói hàng kĩ ghê, xé hơi mệt",POS
Em đảm bảo mọi người sẽ OK ngay,POS
Siêu ưngg ❤️,POS
"Tuy vậy nhưng màu này mặc cũng ưng, vải ưng luôn vì mịn, dạng giống voan cát nên k nhăn",POS
Rất đáng giá,POS
Sp rất đẹp,POS
Shop cũng nhiệt tình trả lời khách,POS
Rất đáng tiền mua,POS
Chất lượng sản phẩm tuyệt vời Chất lượng sản phẩm tuyệt vời Đóng gói sản phẩm rất đẹp và chắc chắn Đóng gói sản phẩm rất đẹp và chắc chắn Đóng gói sản phẩm rất đẹp và chắc chắn Đóng gói sản phẩm rất đẹp và chắc chắn,POS
"Áo dày, chắc, cầm nặng tay; dáng dài, mặc giấu quần oke, rất đáng tiền",POS
Tốt áo đẹp,POS
Ý hình,POS
"Áo đẹp, ưng bụng, cơ mà chọn size theo số kí mà vẫn thấy hơi chật tý, thích rộng hơn, ủng hộ shop nên đặt tiếp don nua",POS
Chủ shop tư vấn nhiet tình dethuog ^^,POS
Áo rất đẹp ạ,POS
Chất lượng sản phẩm tuyệt vời dao hàng nhanh Đóng gói sản phẩm rất đẹp và chắc chắn,POS
săn được deal 9k thì giá quá rẻ nhưng Chất lượng sản phẩm tuyệt vời Đóng gói sản phẩm rất đẹp và chắc chắn và Shop phục vụ rất tốt. cực kì tốt . tin tưởng ủng hộ lâu dài . thanks shop giày rất đẹp đi êm chân,POS
Like,POS
Tiền nào của đó..,POS
"Mua 1 lần bên shop r, thấy ok quá nên giới thiệu bạn mua, shop tặng 1 cái gương be bé xinh xinh",POS
Chất lượng sản phẩm tuyệt vời quá tuyệt so với giá tiền luôn shop ah,POS
Đẹp y hình 😍,POS
Shop phục vụ rất tốt,POS
Vẫn đánh giá 5* cho giá ca và thái độ cua sh,POS
Hàng đẹp đóng gói cẩn thận,POS
Săn đc deal xong nhập mã còn có 85k,POS
Giày mềm đẹp,POS
áo đẹp lắm ạ!!!,POS
Đẹp từ vải đến form,POS
"Đóng gói sản phẩm rất đẹp và chắc chắn,hàng đẹp so với giá tiền, cảm ơn shop đã tặng quà nhé",POS
Quần rất đẹp,POS
Chất lượng sản phẩm tuyệt vời Đóng gói sản phẩm rất đẹp và chắc chắn Rất đáng tiền Thời gian giao hàng rất nhanh,POS
Đóng gói sản phẩm rất đẹp và chắc chắn,POS
Thời gian giao hàng rất nhanh Rất đáng tiền Shop phục vụ rất tốt Đóng gói sản phẩm rất đẹp và chắc chắn Chất lượng sản phẩm tuyệt vời Đóng gói sản phẩm rất đẹp và chắc chắn,POS
"Chất lượng sản phẩm tốt, hơi bé nếu from rộng thì đẹp",POS
Áo đẹp,POS
Chất lượng sản phẩm tuyệt vời,POS
"Săn được deal 19k của shop, nhận hàng rất ưng, cảm ơn shop đã tọa điều kiện để em săn được deal ạ",POS
"Chất lượng sản phẩm tuyệt vời Đóng gói sản phẩm rất đẹp và chắc chắn , quần size hơi nhỏ , nếu rộng chút thì tuyệt vời",POS
Đóng gói đẹp,POS
Thời gian tới sẽ ủng hộ shop tiếp,POS
Bạn chủ shop rất nhiệt tình chưa cần biết đến chất lượng đã thấy thích rồi,POS
Chị chủ siêu cute và dễ thương 😍,POS
Đã rẻ còn đẹp mua bao nhiều lần ở shop rồi lần nào cũng qá đáng đồng 👏🏿👏🏿👏🏿,POS
"Shop phục vụ rất tốt, Rất đáng tiền",POS
Nói chung là đẹp,POS
Quần đẹp chất nhẹ mặc rất thoải mái,POS
Hàng đẹp tks shop,POS
"Chất lượng sản phẩm tuyệt vời, Rất đáng tiền, Shop phục vụ rất tốt, Thời gian giao hàng rất nhanh",POS
áo mặc rất thích,POS
Lần đầu dùng son của Maybeline và rất ấn tượng,POS
Shop phục vụ rất tốt ạ ❤️,POS
Chất đẹp đáng tiền mua,POS
Nhưng vải hơi mỏng nhé shop,POS
hài lòng với sản phẩm,POS
Rất đáng tiền,POS
Cảm ơn shop nhiều thật nhiều,POS
chủ shop nhiệt tình,POS
Nhưng shop cần đóng gói cẩn thận hơn,POS
Giá ok lắm nha shop,POS
"Giày đẹp, form rộng hơn bình thường chút xíu",POS
Vải đẹp lắm nha,POS
"Bạn nào phân vân thì mua đi, k hối hận :)))",POS
Chất lượng sản phẩm tuyệt vời Rất đáng tiền giao hàng chậm,POS
Chất lượng sản phẩm tốt Chất lượng sản phẩm tuyệt vời Đóng gói sản phẩm rất đẹp và chắc chắn Shop phục vụ rất tốt Shop phục vụ rất tốt Rất đáng tiền,POS
Đóng gói sản phẩm rất đẹp và chắc chắn Shop phục vụ rất tốt,POS
Hàng Ok với giá tiền,POS
"Chất mát lịm, rất đáng $",POS
Đẹp rất ưng Chất lượng sản phẩm tuyệt vời,POS
Lại còn có quà tặng dễ thương nữa <3,POS
Chất lượng tuyệt vời,POS
"Sản phẩm k rách, hàng như hình",POS
"Màu đẹp lắm, hàng chất lượng",POS
❤️shop nói chuyện rất dê thương,POS
Rất đáng tiền.rất ưng,POS
"Chất lượng sản phẩm tuyệt vời, vải đẹp",POS
Sẽ ủng hộ shop dài,POS
Chúc shop buôn bán đắt hàng nè !,POS
Rất đáng tiền,POS
Chất lượng sản phẩm tuyệt vời Đóng gói sản phẩm rất đẹp và chắc chắn,POS
Sẽ ủng hộ shop dài lâu ạ,POS
"Nhưng đặt 1 M, 1L giao 2 cái M",POS
"Shop phản hồi nhanh, tư vấn nhiệt tình, mình nhận hàng vừa vặn form người, đúng size",POS
Shop phục vụ tốt,POS
Yêu và ung hộ shop,POS
Đóng gói sản phẩm rất đẹp và chắc chắn,POS
Thời gian giao hàng đúng với thỏa thuận,POS
Đóng gói sản phẩm rất đẹp và chắc chắn,POS
Thời gian giao hàng rất nhanh,POS
Chất lượng sản phẩm tuyệt vời :)),POS
"Chất lượng sản phẩm tuyệt vời mỗi tội mà màu hơi đậm hơn so với hình, còn đâu sản phẩm ok",POS
Quá ok luôn đóng gói cẫn thận kĩ lưỡng thanks shop nhe se ung hộ lau dài Chất lượng sản phẩm tuyệt vời Đóng gói sản phẩm rất đẹp và chắc chắn Shop phục vụ rất tốt Rất đáng tiền Rất đáng tiền Thời gian giao hàng rất nhanh,POS
Đẹp,POS
"Form áo giống hình, hơi rộng 1 tí đối với mình",POS
Kiểu này ủng hộ shop hoài hoài lun r ạ,POS
Thời gian giao hàng rất nhanh,POS
Túi rất đẹp rất vừa vặn với em Nikon F50 của mình,POS
Cho shop 10 *,POS
"Với giá cả thì sp ok.Mẫu mã đẹp,mặc rất thích",POS
Thời gian giao hàng siêu nhanh,POS
Chất lượng sản phẩm tuyệt vời Chất lượng sản phẩm tuyệt vời Rất đáng tiền .nếu ai mua roi sẽ thích và muon mua nua.M cung bất ngo lm.áo thật sự rất đẹp,POS
Váy đẹp min,POS
"áo dày, đẹp, ấm, đẹp nên mua",POS
Mọi người nên mua ủng hộ shop nhé,POS
Vải da cá mềm mình 1m60 nên mặc không rộng lắm.áo khá giống hình,POS
Shop rất nhiệt tình,POS
"Cảm ơn shop, sẽ tiếp tục ủng hộ",POS
Hình in rõ thêu cũng khá đẹp,POS
Quần đẹp,POS
Chủ shop nhiệt tình,POS
Nhưng với giá 39k thì ko thể đòi hỏi hơn được,POS
Hết chỗ ns lun,POS
Đóng gói sản phẩm rất đẹp và chắc chắn,POS
Vải đẹp lắm ạ,POS
Hơn cả tuyệt vời,POS
Đóng gói sản phẩm rất đẹp và chắc chắn,POS
mình Hài Lòng về sản phẩm,POS
shop uy tín . sản phẩm oki,POS
"Đẹp , y mẫu , giao hàng nhanh",POS
Mịn ưng lên tone dẹp nhắm luôn,POS
Đẹp dã man 😍,POS
Chấp nhận dc,POS
"Giao hàng nhanh chóng, đóng gói sản phẩm rất đẹp và chắc chắn",POS
shop giao hàng nhanh,POS
Chất lượng sản phẩm tuyệt vời,POS
So đẹp so với giá tiền,POS
Áo đẹp ạ 💗💗 Chất lượng sản phẩm tuyệt vời,POS
"Hàng đẹp, chất vải mịn, giá tốt",POS
"Quần vừa vặn, thoải mái.. sẽ ủng hộ shop ak",POS
Hàng đẹp y hình,POS
Áo dày đẹp lắm nha,POS
Thái độ phục vụ tốt 👍👍👍,POS
Túi đựng cũng xinh lắm ý,POS
Kiểu dáng đẹp,POS
Mặc ok lắm chị em ạ,POS
Mặc rất thoải mái,POS
"Áo chất ổn, vải mát, size M hơi dài chút, giao hàng nhanh so với mình nghĩ shop tư vấn rất nhiệt tình 😍",POS
Giao hàng nhanh,POS
Cảm ơn,POS
"Chất vải mềm, ôm khít ngữ, đẹp kinh khủng",POS
K ngờ chất vải đẹp thế luôn ủng hộ shop,POS
Có đủ bộ chén cho cả nhà ăn luôn rồi hehe,POS
Shop phục vụ rất tốt Đóng gói sản phẩm rất đẹp và chắc chắn,POS
Vải tốt,POS
Sản phẩm tuyệt vời; sẽ gắn bó với shop lâu dài; mình rất ưng,POS
Lên from đẹp lắm luôn:),POS
Toi muon doi lai san phạm co dc kg,POS
Shop phục vụ rất tốt,POS
Đẹp lắm í !,POS
Chất lượng sản phẩm hợp vs giá tiền,POS
Hàng tốt Chất lượng sản phẩm tuyệt vời,POS
Chất lượng sản phẩm tuyệt vời,POS
Cám ơn shop,POS
Chất lượng tốt -đáng giá tiền - giao hàng nhanh -,POS
"Tuy nhiên máy mình gồm chuột, bàn phím rời, sạc dell nên hơi chật",POS
r Chất lượng sản phẩm tuyệt vời Đóng gói sản phẩm rất đẹp và chắc chắn Đóng gói sản phẩm rất đẹp và chắc chắn Chất lượng sản phẩm tuyệt vời Chất lượng sản phẩm tuyệt vời Chất lượng sản phẩm tuyệt vời,POS
"Chất thoáng mát, âo order y hình",POS
Phục vụ siêu tốt,POS
Đóng gói sản phẩm rất đẹp và chắc chắn Chất lượng sản phẩm tuyệt vời Shop phục vụ rất tốt Rất đáng tiền Thời gian giao hàng rất nhanh wa ok,POS
"Form đẹp, chất cũng đẹp, nói chung là ưng...",POS
"Đường may khá ổn, hơi dài hơn hình mẫu tý",POS
"Giao hàng nhanh , chất lượng vải tốt <3",POS
Hjhj lần đầu tiên thấy ưng ý khi mua đồ,POS
Áo thun ôm body thun tốt,POS
Chất lượng đẹp giống hình,POS
Chất lượng sản phẩm tuyệt vời,POS
Chủ shop rất nhiệt tình,POS
Mùi thơm dễ chịu,POS
Len mịn,POS
vải mềm minn cực thích,POS
Sp tương đối ok so với giá cả,POS
Đẹp độc lạ chuẩn luôn,POS
Hiệu quả phản hồi sau khi sử dụng,POS
Rất đáng tiền Chất lượng sản phẩm tuyệt vời Đóng gói sản phẩm rất đẹp và chắc chắn Shop phục vụ rất tốt,POS
"chất đẹp lắm nha, đẹp hơn mình tưởng tượng nên khi nhận hàng rất thích",POS
Thời gian giao hàng rất nhanh,POS
Đẹp lắm ạ,POS
Rất đẹp nên mua,POS
"Vải chất đẹp , như hình.Chất lượng sản phẩm tuyệt vời Đóng gói sản phẩm rất đẹp và chắc chắn",POS
Giao hàng nhanh trong vòng 1ngày Chất lượng sản phẩm tuyệt vời Đóng gói sản phẩm rất đẹp và chắc chắn Shop phục vụ rất tốt Rất đáng tiền Thời gian giao hàng rất nhanh,POS
"Vải đẹp giao đúng màu, rất thích nha shop Chất lượng sản phẩm tuyệt vời",POS
Chất lượng sản phẩm tuyệt vời,POS
Shop phục vụ rất tốt Chất lượng sản phẩm tuyệt vời Đóng gói sản phẩm rất đẹp và chắc chắn Rất đáng tiền Rất đáng tiền Thời gian giao hàng rất nhanh,POS
Shop làm ăn quy tính... rất đáng để được quan tâm.,POS
"Oi zoi oi camera của e đểu nên không chụp ảnh đc ý mà chất quần, chất áo so với giá tiền gọi là tuyệt vời luôn ý",POS
Hàng ok lắm m.n,POS
4 áo có 2 loại mỏng và dày.1 áo màu hồng khác loại nhất ko giống len tăm,POS
"Áo khá ok so với giá, mình đặt size M vì nghĩ nó sẽ rộng nhưng thực ra áo kiểu bo bo ý, nên muốn mặc rộng rãi nên mua size L, hihi,",POS
"Vai áo hơi ngắn, còn lại thì OK",POS
Hàng vải bao đẹp...ưng ý vừa túi tiền,POS
"Giao hành siêu nhanh, shop phục vụ tốt",POS
Mùi nhài thơm thơm,POS
Đóng gói sản phẩm rất đẹp và chắc chắn Thời gian giao hàng rất nhanh,POS
3.6 còn 2.6 Đổ hết ra ngoài,POS
Dam đẹp nhung hoi ngan,POS
Cảm ơn shop,POS
"Giao hàng nhanh, sản phẩm rất đẹp, rất tốt~~~~#",POS
"Khô ngon, vừa vị",POS
Cảm ơn shop nhiều,POS
Hơi mỏng mà cx đc Chất lượng sản phẩm tuyệt vời Đóng gói sản phẩm rất đẹp và chắc chắn,POS
Giao hàng chậm nhưng shipper thân thiện nên vẫn đánh giá 5 sao cho Shop,POS
Chất lượng sản phẩm tuyệt vời,POS
Shop giao hàng rất nhanh,POS
Gửi nham hình rui...tuy nhiên mac vãn đẹp,POS
"Vải mịn , form đẹp , giá rẻ",POS
Tuy là nước ngoài nhưng giao hàng khá nhanh,POS
Áo mỏng hơn so với áo màu vàng,POS
Chất lượng sản phẩm tuyệt vời Đóng gói sản phẩm rất đẹp và chắc chắn Shop phục vụ rất tốt Thời gian giao hàng rất nhanh ^-^,POS
Thời gian giao hàng rất nhanh Đóng gói sản phẩm rất đẹp và chắc chắn,POS
Em c ơn shop nhá,POS
Nói chung là được 😆😆😆,POS
"Shop phục vụ rất tốt, ship nhanh, chất áo phù hợp với giá thành khi mình mua là 120k/áo",POS
Đóng gói sản phẩm rất đẹp và chắc chắn,POS
Lần sau giao hàng shop ktra kĩ 1 tí vì ai nhận hàng cũng muốn nhận đc hoàn hảo,POS
"Chất lượng sản phẩm tuyệt vời,đã mua nhiều lần,hàng ok nhé",POS
Rất đáng tiền,POS
Đẹp :*,POS
Do chân mình to ngang nên phải đổi size to và được shop hỗ trợ kịp thời,POS
"Shop giao hàng nhanh, tem mác đầy đủ, hàng như hình",POS
Nhà vận chuyển giao hàng hơi lâu nhưng bù lại shop dễ thương,POS
Chất lượng sản phẩm tuyệt vời Chất lượng sản phẩm tuyệt vời Đóng gói sản phẩm rất đẹp và chắc chắn Rất đáng tiền Thời gian giao hàng rất nhanh Rất đáng tiền,POS
"Giao hàng nhanh, chất lượng ok",POS
Sẽ quay lại mua áo của shop nữa ạ,POS
Chị chủ nhiệt tình tư vấn,POS
"Rất ngon, giòn giòn, hợp khẩu vị lắm",POS
Rất hài lòng,POS
Mà cũng đẹp,POS
Thời gian giao hàng nhanh sản phẩm tốt nhưng hơi nhỏ size L dưới 65kg mà như 55kg,POS
"Chất lượng sản phẩm tuyệt vời, đc tặng đôi vớ tí hon cho em bé",POS
Đóng gói sản phẩm rất đẹp và chắc chắn Quần chất đẹp mặc thích ạ,POS
"Mình cao m65, nặng 50kg vẫn mặc xinh",POS
Chất lượng tốt hơn giá tiền..tuy nhiên diểm trừ là màu sắc ko giống hình lắm.,POS
"form quần và áo rất đẹp, vải cũng tốt trong tầm giá, tuy nhiên có nhiều chỉ thừa và ở quần có một đường chỉ may bị lệch, nhưng vẫn cho shop 5* vì tư vấn rất nhiệt tình",POS
Luôn ko làm mình thất vọng,POS
Xinh lắm nha,POS
Sóng căng vứt,POS
Rất đáng tiền Thời gian giao hàng rất nhanh,POS
Cảm ơn shop nhiều,POS
"Đẹp lắm shop ơi, mình mập cứ sợ ko vừa, ai ngờ vừa y, cảm ơn shop",POS
Đúng là chất lượng làm nên thương hiệu. 5 sao,POS
Mình tất ưng ý,POS
Sẽ ủng hộ shop tiếp ạ,POS
Áo y hình chất đẹp ạ 😍😍😍,POS
Nói chùn là rất ưng ạ ❤️,POS
"Hàng chất đẹp, mát, chắc chắn, giống y ảnh",POS
Áo đẹp ạ,POS
Hơi mỏng so với tưởng tượng Đóng gói sản phẩm rất đẹp và chắc chắn Shop phục vụ rất tốt Thời gian giao hàng rất nhanh,POS
Chất lượng sản phẩm tuyệt vời Đóng gói sản phẩm rất đẹp và chắc chắn Shop phục vụ rất tốt Giao hang lau,POS
"Áo đẹp vải mịn lắm có cái là dáng tuii hơi nhỏ nên mặc hơi rộng , 🖤",POS
"1m55 50kg mac ko vua, phải 60kg 1m6 moi vua",POS
"Shop phục vụ chu đáo, nhiệt tình và lịch sự lắm",POS
"Chất lượng sản phẩm tuyệt vời, đóng gói sản phẩm rất đẹp và chắc chắn, Shop phục vụ rất tốt, rất đáng tiền, Thời gian giao hàng rất nhanh",POS
Chất lượng sản phẩm tuyệt vời Shop phục vụ rất tốt Rất đáng tiền Thời gian giao hàng rất nhanh,POS
Giống hình,POS
Đóng gói sản phẩm rất đẹp và chắc chắn Thời gian giao hàng rất nhanh,POS
Giao đúng màu và đúng mẫu,POS
Kiềm dầu ổn lắm,POS
"Hàng giao rata chậm nhưng vì âo.mặc quá đẹp, quá chuẩn so vơigiấ tiền nên tặng shop 5*",POS
Cảm ơn nhiều ạ ❤️,POS
Góp hàng rất kỹ..giày giống trong hình..shop tư vấn rất thân thiện.,POS
"Chất liệu tốt, đáng tin dùng",POS
"Gói hàng đẹp, dễ thương lắm ạ 💕",POS
Chất lượng sản phẩm tuyệt vời,POS
Chất lượng sản phẩm tuyệt vời Đóng gói sản phẩm rất đẹp và chắc chắn,POS
"Quần form hơi bé cho mấy bạn to con, nhưng mình ốm nên rất vừa",POS
Tặng gương rất xinh😍😍,POS
"Áo đẹp, cổ áo hơi rộng",POS
Giá hợp lý,POS
Excellent product quality,POS
Thời gian giao hàng rất nhanh,POS
Đàn của shop đẹp âm thanh hay giá cả hợp lý .. shop tận tình vs khách,POS
Cúc hơi thưa xíu chất đẹp,POS
Quần giống hình nè nhưng mỗi tội giao hàng hơi bị lâu th,POS
Thời gian giao hàng rất nhanh nhưng em đặt size M mà shop lại giao size L nên hơi bị rộng ý =(((( Nhưng chất lượng rất tốt nên em sẽ tiếp tục ủng hộ nha hihi <3,POS
Size M mà rộng như XL...mà áo đẹp nên cho 5sao,POS
"Cảm ơn shop, sẽ tin tưởng và ủng hộ tiếp",POS
vải dày dặn đẹp,POS
Ngoài sp mình đặc shop còn tằng thêm sp khuyến mãi,POS
Vải đẹp mịn,POS
Không có gì phải chê,POS
Giày ok nhưng chắc do vận chuyển nên hộp méo mó quá,POS
Chất vải thích,POS
"Chất đẹp lắm, dày dặn , form đẹp mà hơi rộng",POS
Thời gian giao hàng khá nhanh,POS
Vải hơi mỏng nhưng mát.giặt lần đầu thì váy bị co Đóng gói sản phẩm rất đẹp và chắc chắn Shop phục vụ rất tốt Shop phục vụ rất tốt Thời gian giao hàng rất nhanh,POS
1 tháng tui mua ở shop này 2 cái áo sơ mi rồi đó 😂😂 chỉ nói tóm lai là áo max đẹp phù hợp vs giá tiền ❤️❤️❤️❤️,POS
sp đẹp rất ưng ý,POS
Sẽ còn ủng hộ shop ạ,POS
"Chất lượng sản phẩm tạm được , tui hoi bi do phai dung kem lau tui lau lai",POS
5 sao cho chất lượng + giá ^^,POS
Sẽ ủng hộ shop tiếp,POS
Chất lượng sản phẩm tuyệt vời Chất lượng sản phẩm tuyệt vời Đóng gói sản phẩm rất đẹp và chắc chắn Shop phục vụ rất tốt Shop phục vụ rất tốt Thời gian giao hàng rất nhanh Thời gian giao hàng rất nhanh,POS
Chất lượng sản phẩm tuyệt vời Đóng gói sản phẩm rất đẹp và chắc chắn Thời gian giao hàng rất nhanh Thời gian giao hàng rất nhanh Thời gian giao hàng rất nhanh Thời gian giao hàng rất nhanh,POS
Chất lượng sản phẩm tuyệt vời Đóng gói sản phẩm rất đẹp và chắc chắn,POS
Ok rồi ❤ Thời gian giao hàng rất nhanh,POS
Chất lượng sản phẩm tuyệt vời Đóng gói sản phẩm rất đẹp và chắc chắn.hàng rất đẹp,POS
Áo đẹp hơn mik tuởng tuợng,POS
Đóng gói sản phẩm rất đẹp và chắc chắn áo đẹp Thời gian giao hàng rất nhanh,POS
Hơn cả mong đợi,POS
Giá ca hop lý.,POS
Trên cả tuyệt vời .. cảm ơn và sẽ ủng hộ shop,POS
"Shop rất tử tế, phục vụ rất tốt, thời gian giao hàng rất nhanh, luôn ủng hộ shop",POS
"Đóng gói sản phẩm rất đẹp và chắc chắn, chất hơi cứng",POS
Chất lượng sản phẩm tuyệt vời Đóng gói sản phẩm rất đẹp và chắc chắn Shop phục vụ rất tốt Rất đáng tiền Thời gian giao hàng rất nhanh.CHẮC MUA THÊM CÁI NỮA QUÁ 😂,POS
"Nhận được hàng rùi nè ,ui áo đẹp lắm luôn,mk chụp bị tối đó chứ ở ngoài đẹp hơn nhiều, phối đồ thì quá chuẩn rồi ,chủ shop dễ thương, nhiệt tình, sẽ ủng hộ shop dài dài",POS
Áo xinh ạ 💋,POS
Shop phục vụ rất tốt :)) Đóng gói sản phẩm rất đẹp và chắc chắn,POS
Chất lượng sản phẩm tuyệt vời Đóng gói sản phẩm rất đẹp và chắc chắn,POS
hang dep lam...mac thoai mai nua..gia ca hop tui tien,POS
Chất lượng sản phẩm tuyệt vời Đóng gói sản phẩm rất đẹp và chắc chắn,POS
Vải đẹp lắm ạ,POS
Shop phục vụ rất tốt,POS
Chất lượng sản phẩm tuyệt vời Đóng gói sản phẩm rất đẹp và chắc chắn Thời gian giao hàng,POS
Chất lượng sản phẩm ổn,POS
"Giao hàng rất nhanh, hàng cũng đẹp nữa ❤",POS
Chất vải mặc rất thoải mái dễ chịu,POS
Đóng gói sản phẩm chắc chắn,POS
Chất lượng sản phẩm khá hài lòng,POS
"Đóng gói sp chắc chắn, giao hàng rất nhanh",POS
Shop ship hàng siêu nhanh,POS
Chất lượng sản phẩm tuyệt vời,POS
Sp dễ thương,POS
Đóng gói sản phẩm chắc chắn,POS
Shop phục vụ rất tốt Shop phục vụ rất tốt,POS
Thời gian giao hàng rất nhanh,POS
Bóng dùng khá tốt,POS
Bánh rất ngon Thời gian giao hàng rất nhanh Chất lượng sản phẩm tuyệt vời,POS
Sản phẩm rất ưng ý Chất lượng sản phẩm tuyệt vời Shop phục vụ rất tốt,POS
"áo free size nên rộng, mình 49 kg mà mặc vô rộng lắm luôn",POS
Áo đẹp,POS
Chat luong san pham rat dep,POS
Giày y hệt như hình chất lượng ok thank shop,POS
Rất là đẹp luôn sẽ ủng hộ shop,POS
Ck thì vừa nhug mih thì ko:(,POS
Áo xinh 😍😍😍,POS
Anh shipper đẹp trai dthw 😂,POS
"Sử dụng ban đầu thấy rất thích, hi vọng bền lâu",POS
"Đóng gói nhanh, giao hàng nhanh, hộp nào cũng ngon shop rất dễ thương khi ghi cả ghi chú của mình lên thùng hàng để dặn bên giao hàng",POS
Áo vải đẹp lắmm nhaa..,POS
Thời gian giao hàng rất nhanh,POS
Váy rất đẹp và mặc vừa,POS
Áo đẹp quá,POS
Mặc rất ok,POS
"Shop tặng thêm bánh và 1 đôi tất lười nữa, đáng yêu 😍😍",POS
Mặc ok,POS
Cvay đẹp,POS
"Giao nhầm size, nhưng chất lượng sản phẩm tốt",POS
Hoàn toàn hài lòng,POS
Dép rất là cute ❤️❤️❤️❤️ cảm ơn shop nha,POS
Hình in đẹp,POS
Mình rất thích,POS
"Sp rat dep, da mem , rat thich",POS
Đóng gói đẹp hàng đẹp,POS
Chất lượng sản phẩm tốt Đáng đồng tiền Đáng đồng tiền,POS
"Chất lượng phù hợp với giá tiền,nhưng ngực to chắc mặc đẹp hơn",POS
Phù hợp với giá tiền,POS
"Chất lượng sản phẩm tuyệt vời Đóng gói sản phẩm rất đẹp và chắc chắn, lần đầu dặt hàng thì được lần sau ko hài lòng",POS
Mặc lên bánh bèo rất ưng 😍 sẽ còn ủng hộ,POS
Sp đẹp như hình,POS
Nói chung là đáng tiền 👌,POS
Đóng gói sản phẩm rất đẹp và chắc chắn,POS
Chất lượng sản phẩm tuyệt vời Đóng gói sản phẩm rất đẹp và chắc chắn Shop phục vụ rất rất tốt nhiệt tình với khách,POS
Vải đep mặc vừa vặn,POS
"Đóng gói sản phẩm rất đẹp và chắc chắn😊 Chất vải đẹp, hơi rộng xíu, nhưng cũng không sao, rất ok, có quà nữa nè, sẽ ủng hộ shop dài dài á 😋",POS
Chất lượng sản phẩm tuyệt vời,POS
Chất lượng sản phẩm tuyệt vời Đóng gói sản phẩm rất đẹp và chắc chắnn Rất đáng tiền Thời gian giao hàng rất nhanh,POS
Rất đáng tiền Chất lượng sản phẩm tuyệt vời Thời gian giao hàng rất nhanh Đóng gói sản phẩm rất đẹp và chắc chắn,POS
Chất lượng sản phẩm tuyệt vời Xinh dã mannnnn 😭😭💕💕,POS
hàng chất lượng yêu shop nhiều,POS
Chủ shop thân thiện,POS
Sản phẩm tuyệt vời màu đúng chuẩn luôn nhé ok sho,POS
1 nốt nhạc,POS
Chất vải ok,POS
Đồ đẹp lắm Đóng gói sản phẩm rất đẹp và chắc chắn Shop phục vụ rất tốt Rất đáng tiền Thời gian giao hàng rất nhanh,POS
"giày rất đẹp, giống hình. giao hàng rất nhanh",POS
"Rất đáng tiền,mn nên mua",POS
Chất lượng sản phẩm tuyệt vời Đóng gói sản phẩm rất đẹp và chắc chắn Shop phục vụ rất tốt Rất đáng tiền,POS
"Date mới, không có vấn đề gì.Thanks shop",POS
Giao hàng nhanh,POS
"Áo trắng hơi mỏng chất k đc đẹp, áo đen thì chấtnok hơn",POS
"Giao hàng siêu nhanh, sp đẹp mắt, giá rẻ",POS
Đóng gói sản phẩm rất đẹp và chắc chắn,POS
Chất lượng sản phẩm tốt Chỉ hình in trên mặt túi bị nhoè ko sắc nét như trên ảnh,POS
Chất lượng sản phẩm tuyệt vời Đóng gói sản phẩm rất đẹp và chắc chắn Đóng gói sản phẩm rất đẹp và chắc chắn Shop phục vụ rất tốt,POS
"gói hàng cẩn thận, bên shop giao hàng cho bên vận chuyển nhanh chóng tuy nhiên bên vận chuyển giao lại cho khách thì khá lâu, đã check hàng chuẩn auth nhé mn, mới nhận hàng chưa dùng nên k thể đánh giá 9 xác chất lượng được tuy nhiên thì có mùi thơm mình rất thích nhẹ dịu k cần phải dùng mước hoa",POS
K phải vãi sơ mi mà là vãi như áo phông,POS
Hàng chuẩn đẹp,POS
Dóng gói đẹp giao hàng nhanh nhưng áo hơi rộng,POS
Giao hang nhanh,POS
"Dịch vụ nhanh chóng, tốt",POS
mua nhieu lan Chất lượng sản phẩm tuyệt vời Đóng gói sản phẩm rất đẹp và chắc chắn Đóng gói sản phẩm rất đẹp và chắc chắn Rất đáng tiền Thời gian giao hàng rất nhanh,POS
Áo đẹp 💋,POS
"Shop phục vụ tận tình, mình rất hài lòng",POS
Chất lượng như hình,POS
Vải đẹp 😍,POS
"Mua tận 6 cái cho bọn bạn , mà chúng nó ưng lắm ❤ nói chung là tuyệt vời",POS
Chất lượng sản phẩm tuyệt vời,POS
Lần thứ 3 mua hàng rất hài lòng với shop,POS
"Hàng đúng như hình, hài lòng, chúc shop may mắn",POS
Chất lượng sản phẩm tuyệt vời Đóng gói sản phẩm rất đẹp và chắc chắn Shop phục vụ rất tốt Rất đáng tiền Thời gian giao hàng rất nhanh lần nào mua hàng cũng đc tặng quà,POS
Chất vải đẹp nhưng to quá,POS
Hàng đep xuất sắc,POS
Chất lượng sản phẩm tuyệt vời,POS
Sẽ ủng hộ shop dài dài.,POS
Lại thêm tiếp tục ủng hộ chị nữa 😘😘😘,POS
Chất lượng sản phẩm tuyệt vời được tặng mask nữa nehhh,POS
Chất lượng sản phẩm tuyệt vời Đóng gói sản phẩm rất đẹp và chắc chắn Shop phục vụ rất tốt Rất đáng tiền Thời gian giao hàng rất nhanh 💋💋💋,POS
Chất lượng sản phẩm tuyệt vời,POS
Rất tiết kiệm cát,POS
Giao hàng siêu nhanh,POS
Áo vai đẹp,POS
Bao gói rất kín,POS
Quần đẹp lắm😍,POS
"Áo đẹp, chị chủ nhiệt tình",POS
"Chất lượng sản phẩm tuyệt vời, vải đẹp lắm 👍👍",POS
Vãi ok mặc mát dễ chịu,POS
Thời gian giao hàng rất nhanh,POS
Chất lượng sản phẩm tuyệt vời Đóng gói sản phẩm rất đẹp và chắc chắn chất đẹp lắm ạ,POS
"Chất lượng sản phẩm tuyệt vời, shop phục vụ tốt, lần sau sẽ tiếp tục ủng hộ shop",POS
2 ngày giảm 3kg cực mạnh nhưng rất mệt ngưng lun,POS
Hàng đẹp.rất đáng tiền.đường chỉ may chắc chắn.tiếp tục ủng hộ shop.đóng gói đẹp,POS
Chất lượng sản phẩm tuyệt vời Đóng gói sản phẩm rất đẹp và chắc chắn Shop phục vụ rất tốt Thời gian giao hàng rất nhanh Rất đáng tiền Thời gian giao hàng rất nhanh,POS
"Chất lượng áo tuyệt vời, mềm mịn, dày dặn, đường chỉ may đẹp, màu áo đúng như hình",POS
"Chất lượng sản phẩm tuyệt vời ,quá ok so với giá tiền",POS
Phù hợp với giá tiền,POS
"Shop phục vụ rất tốt, chất lượng ok, giá rẻ",POS
Đc shop lì xì nữa,POS
"Sản phẩm đẹp lắm shop ơi, mình mua tặng cho bà xã mặc vừa in luôn Cảm ơn shop nhiều lắm😍😍. 10 sao cho shop luôn",POS
Chất lượng sản phẩm tuyệt vời,POS
xem dc chat luog cũng ổn Thời gian giao hàng rất nhanh,POS
Shop phục vụ rất Tốt,POS
Shop phục vụ rất tốt,POS
"Áo hơi to trên 55kg thì vừa hơn, Đóng gói sản phẩm chắc chắn Shop phục vụ khá tốt Thời gian giao hàng nhanh",POS
Chất lượng sản phẩm tuyệt vời sẽ ủng hộ lại shop nà,POS
Sẽ ũng hộ mãi nè,POS
Chất lượng sản phẩm tuyệt vời Đóng gói sản phẩm rất đẹp và chắc chắn Đóng gói sản phẩm rất đẹp và chắc chắn Shop phục vụ rất tốt Shop phục vụ rất tốt Thời gian giao hàng rất nhanh Thời gian giao hàng rất nhanh Thời gian giao hàng rất nhanh Thời gian giao hàng rất nhanh Thời gian giao hàng rất nhanh,POS
Áo vải và form ôm đẹp,POS
Cảm ơn shop nhiều ạ,POS
Áo đẹp chất lượng vải mịn mát,POS
"Giá tốt, hàng còn mới 👍",POS
Shop tính lấy hết tiền của khách hay gì,POS
"Chất vải đẹp lắm ạ, vừa rẻ vừa đẹp, em ủng hộ shop dài ạhhh",POS
Chất lượng sản phẩm tuyệt vời săn đc 2 balo deal 9k mà đẹp quá trời cảm ơn shop ❤,POS
Đã giới thiệu mà mua thêm 1 đơn nữa,POS
Hình in đẹp,POS
Sẽ tiếp tục ủng hộ,POS
Chất lượng sản phẩm tuyệt vời Đóng gói sản phẩm rất đẹp và chắc chắn Shop phục vụ rất tốt Rất đáng tiền Thời gian giao hàng rất nhanh Chất lượng sản phẩm tuyệt vời,POS
"Chất đẹp, ấm, mặc thik lắm",POS
Chất vải ok,POS
Chất lượng sản phẩm tuyệt vời,POS
Chất tất dày dặn ☺️,POS
Tuyệt lắm lắm,POS
Yêu ❤️❤️❤️💋,POS
Hàng y hình,POS
minh ua ao cho ox va minh . ck minh rat thich ao nay miem mai va rat mat,POS
"Áo rẻ và đẹp, áo màu xám hơi cứng hơn so với các áo khác",POS
Chất lượng sản phẩm tuyệt vời Thời gian giao hàng rất nhanh,POS
"Chất lượng sản phẩm tuyệt vời vải mịn thích lắm, giao hàng nhanh",POS
Đầm đẹp,POS
Lần thứ 2 mua trên mạng mà lại ưng đến v,POS
"Màu cực xinh luôn nhé 😻 giày đi êm chân nh hơi kích dù đã chọn đúng sz bản thân hay đi 😓 Các bạn hãy đặt đi k đâu bán rẻ như chị lày đâu, khi đặt hàng các bạn nhớ tăng lên 1sz nha 👌🏻 chất da mềm, nhẹ nhàng. ❤️❤️💙 Bao giờ giày hỏng sẽ đặt tiếp 🙈🙉",POS
Màu xinh lắm bao dễ thương lun bạn ơi,POS
Thời gian giao hàng rất nhanh,POS
"Rất thích, shop rất chiều khách",POS
Nếu có 10 sao thì cho shop 10 sao luon 😍😍😍 yêu ghê,POS
"Chất lượng sản phẩm tuyệt vời,hàng ok nha,ai chưa mua thì tin tưởng mua đc,chất dày dặn ok lắm",POS
"Khô gà miếng lớn, đậm vị, hợp khẩu vị thích ngọt như mình",POS
Shop đóng gói sp chắc chắn,POS
Đóng gói kĩ phấn về nhìn thích lắm nói chung shop giao hàng k,POS
Cảm ơn shop nhé,POS
Update nhiều sản phẩm mới nữa để mình mua shop nhé,POS
Đóng gói đẹp,POS
Vừa đẹp lại còn rẻ,POS
"Chất lượng sản phẩm tuyệt vời , shop dễ thương phục vụ tốt ❤️",POS
"Hàng tốt, thái độ phục vụ chuyên nghiệp",POS
"Áo đẹp, đúng hình, giao hàng nhanh, rất hài lòng",POS
"Chời ớiiii son xinh quá ạ, lúc bóc hộp ra cưng xỉu ^^",POS
"Chất lượng sản phẩm tuyệt vời, váy rất đẹp",POS
"Giày giống miêu tả và đk tặng móc khoá, giao hàng nhanh",POS
Chất vãi đẹp,POS
Tuyệt zời ông mặt trời,POS
Chất lượng sản phẩm tuyệt vời danh xứng với thực 😘😘😘,POS
"Chất lượng sản phẩm tạm được, tay áo ngay nách hơi chật",POS
Áo đẹp,POS
Nho bn cu khen ao dep minh mua 2 loai ao khac nhau cai nao cung dep Rất đáng tiền Rất đáng tiền minh mua ao mau trang chu ko pai bn ao hong nha,POS
😘,POS
Áo rất đẹp,POS
Shop giao hàng đúng yêu cầu,POS
Đóng gói sản phẩm rất đẹp và chắc chắn Chất lượng sản phẩm tuyệt vời Shop phục vụ rất tốt Rất đáng tiền Shop phục vụ rất tốt Thời gian giao hàng rất nhanh,POS
"Giao hàng cực nhanh, đặt hôm wa, hôm nay tới rồi",POS
Chất lượng sản phẩm tuyệt vời Áo rất đẹp và ấm mặc vừa in,POS
Hàng đẹp y hình ạ shop gói hàng chắc chắn nữa,POS
- Quần mặc chiều dài vừa tầm (Mình 1m57),POS
Áo rất đẹp ạ em rất thích,POS
"Đẹp, chất lượng, rất thích luôn",POS
Chất lượng sản phẩm tuyệt vời Đóng gói sản phẩm rất đẹp và chắc chắn Thời gian giao hàng rất nhanh.Còn có thêm 3chai quà tặng,POS
Hàng đẹp như hình,POS
Mùi thơm dễ chịu k quá nồng mùi sả,POS
Đẹp hút hồn,POS
"Chất lượng sản phẩm tốt, Rất đáng tiền",POS
Chất lượng sản phẩm tuyệt vời mẫu mà ik hình bao gói đẹp,POS
Sản phẩm thì quá ok,POS
Sẽ ủng hộ shop dài dài ạ,POS
Chất lượng sản phẩm tuyệt vời!!!,POS
Áo mới đẹp lắm,POS
Phù hợp vs giá tiền,POS
"Giao hàng nhanh, mua flash sale rẻ nhắm, nói chung là ngon bổ rẻ khi sale ạ",POS
"Chât k đẹp lắm,nhưng hợp với giá tiền",POS
Chất lượng sản phẩm tuyệt vời,POS
Chị chủ shop auto cute và tư vấn nhiệt tình,POS
"Chất lượng sản phẩm tuyệt vời, Đóng gói sản phẩm rất đẹp và chắc chắn, Thời gian giao hàng rất nhanh",POS
Thanks shop về đôi vớ chân nhé,POS
Thật sự là quá tuyệt vải rất đẹp...mình là người rất khó tính như nhận đc hàng rất đẹp vui ghê mua thêm 1 cái nữa kkk,POS
Quần mặc êm,POS
"Có điều là chiều ngang chỉ 17cm chứ không phải 19, nhưng bù lại bên trong khá rộng",POS
Đóng gói cẩn thận,POS
Đóng gói sản phẩm rất đẹp và chắc chắn,POS
Chất liệu thích lăm vả lại chủ shop rất dễ thương,POS
"Thời gian hàng rất nhanh, Đóng gói sản phẩm rất đẹp và chắc chắn",POS
"Chất lượng sản phẩm tuyệt vời, kiểu dáng đẹp hơn hình , Rất đáng tiền Thời gian giao hàng rất nhanh",POS
Rất đáng tiền,POS
"Áo đẹp, giao hàng nhanh",POS
Shop tư vấn nhiệt tình,POS
Màu cũng rất đẹp,POS
"Món quà tặng của shop rất tuyệt, thanks:-)",POS
Ưng ưng,POS
Hàng chất lượng đúng như giá tiền,POS
Chất lượng sản phẩm tuyệt vời Đóng gói sản phẩm rất đẹp và chắc chắn nhưng không thấy hộp Vans,POS
"Tất đi nhẹ chân, ko giống hình nhưng mình thích mẫu đã nhận được hơn là mẫu trong ảnh",POS
Note 49kg mặc size m còn rộng lắm phải chú ý size cho chuẩn xíu để khách mặc vừa sẽ đẹp hơn nữa,POS
"Giao hàng nhanh, gói kĩ, áo thun đẹp chất cũng đẹp m mua 10 cái luôn ak hehe",POS
Chất lượng sản phẩm tuyệt vời Thời gian giao hàng rất nhanh sản phẩm quá đẹp,POS
Hàng đẹp,POS
Quần có 69k mà mặc vào đẹp lắm cơ,POS
Mang bị hở gót Đóng gói sản phẩm rất đẹp và chắc chắn Rất đáng tiền Thời gian giao hàng rất nhanh,POS
"Chất vải đẹp, phù hợp với giá tiền",POS
Quần mặv rất mát,POS
với giá tiền này thì thế này là ok rồi,POS
Chất lượng sản phẩm tuyệtvời dep dong goi chac chan,POS
"Sp rất đẹp, Sp như yêu cầu",POS
Chất lượng sản phẩm tuyệt vời..quá đáng tiền chất vải đẹp mang lên chuẩn dáng luôn ạ 😍😍,POS
Mỗi tội đóng gói k đc đẹp cho lắm nhưng vẫn cho shop 5 sao,POS
Áo đẹp,POS
Đóng gói sản phẩm rất đẹp và chắc chắn,POS
Đẹp chất ok lắm,POS
Không được trả hàng nên cân nhắc trc khi mua Thời gian giao hàng nhanh Shop phục vụ khá tốt,POS
"Set đồ tập rất xinh, chất đẹp",POS
Sẽ ủng hộ thêm ạ,POS
Nếu shop chịu khó cắt chỉ thừa đi thì nhìn sẽ ok hơn 😆😆😆,POS
Thời gian giao hàng rất nhanh,POS
Giấy càng không gây chói mắt,POS
Chủ shop nói chuyện dễ thương,POS
Giày đẹp,POS
Khô ngon và giòn,POS
Đóng gói sản phẩm rất đẹp và chắc chắn,POS
Mình 50-51kg mặc khá là ưng ý,POS
Vớ cute lắm nha😄😄,POS
Rất đáng tiền,POS
Nhưng nếu được đổi cách gói hàng khác thay cho bọc ni lông thì còn tốt hơn :),POS
Thời gian giao hàng rất nhanh,POS
Rất hài lòng,POS
Shop phục vụ tốt,POS
Chất lượng sản phẩm tuyệt vời nhưng size hơi nhỏ so với bình thường,POS
Áo đẹp vải mịn 👍 shop tư vấn size mặc vừa lun 😘,POS
Áo đẹp lắm cj,POS
Sản phẩm đẹp như hình nhưng nhà mình ở chung cư,POS
"SP dịu nhẹ ko kích ứng cho da mụn, rất đáng để dùng thường xuyên",POS
Thời gian giao hàng rất nhanh,POS
Vải oke lắm luôn,POS
Đẹp da mà còn tăng v1 nữa :)),POS
"Chất liệu áo mát, đẹp..",POS
Chất lượng sản phẩm tuyệt vời Đóng gói sản phẩm rất đẹp và chắc chắn hàng dep yk hình,POS
Ok chất lượng,POS
Mặc lên xinh lặm,POS
Tuy nhiên hài lòng với chất lượng sản phẩm,POS
Vải đẹp,POS
đã nhận hàng và khá ưng ý chất lượng sp khá okay 😊😊😊,POS
"Hốt cái cuối cùg của shop , trươc mua đầm cam rất ưng ý, h thêm e này nữa, vải ổn, form đẹp, vote 5 sao vì shop nhiệt tình tư vấn nữa 💞",POS
Good👍❣️❣️❣️,POS
Thời gian giao hàng rất nhanh,POS
Đã mua và quay lại 😘,POS
"Giao hàng nhanh, chất liệu ấm áp, mặc rất thích mỗi cái dễ dính tơ lụa nhỏ và mũ hơi bé",POS
Đáng đồng tiền ❤,POS
Cv vs giá này thì qa rẻ và đẹp,POS
Áo quần rộng rãi thoải mái hơn mong đợi,POS
"Mẹ mình k vừa size muốn đổi size lớn hơn chị chủ rất nhiệt tư vấn, có tâm lắm",POS
Chất lượng sản phẩm tuyệt vời,POS
Áo đẹp Thời gian giao hàng rất nhanh,POS
Shop phục vụ rất tốt,POS
Kẹp tóc đẹp,POS
Chủ shop tư vấn form chuẩn,POS
"Áo chất max đẹp 😘 màu chuẩn, dễ phối đồ 💋💋 Chất lượng sản phẩm tuyệt vời",POS
Bé rất thích,POS
Nói chug phù hợp với giá tiền,POS
Áở đẹp,POS
Vải đẹp,POS
Nói chung là chất lượng sản m sẽ tuyệt vờiii ><,POS
Chất mềm mịn mát,POS
"Áo rất đẹp, vải đẹp, shop nc dễ thương vui vẻ",POS
Hài lòng,POS
Giày rất ok,POS
Mua 2 cái rồi,POS
Hàng đẹp mặc mát 😍,POS
"Áo lên dáng xinh lắm ạ, biết thế đặt luôn hai màu cho đỡ mất công :D",POS
Chất lượng sản phẩm tuyệt vời,POS
"Tuy nhiên vì chất lượng sp tốt hơn rất nhiều so với giá tiền, sp đóng gói cẩn thận nên vẫn cho shop 5⭐️",POS
Vải đẹp,POS
Form rất đẹp,POS
Vải mặc mát,POS
"Shop phục vụ tốt Đáng đồng tiền, đường chỉ may hơi rối",POS
Sẽ ủng hộ shop nhiều hơn nữa,POS
"Cuteeeeeee, mà ko biết chăn có bị rụng lông không",POS
Giao hàng nhah chóng,POS
Thời gian giao hàng rất nhanh,POS
Quần xài rất thoải mái,POS
Giá cả chấp nhận được,POS
Shop rất nhiệt tình và chu đáo,POS
"Chất lượng sản phẩm tuyệt vời, đóng hộp nhỏ nên hơi móp, giao hàng nhanh",POS
"Giày đẹp shop ơiiii, nhưng có 1 chút lỗi nhỏ vì đế giày hơi nhăn cộng thêm có chỗ bẩn tẹo teo, nhưng ks ạ, shop rất tận tình và ship hàng rất nhanh, cảm ơn shop",POS
Thời gian giao hàng rất nhanh 😙😙,POS
❤️giao hàng nhanh,POS
Áo giống hình.,POS
Áo đẹp lắm nè,POS
Shop phục vụ rất tốt Rất đáng tiền,POS
Ship nhanh,POS
Thích shop r😙😙😙😙,POS
Chất lượng sản phẩm tuyệt vời Đóng gói sản phẩm rất đẹp và chắc chắn Shop phục vụ rất tốt Rất đáng tiền Thời gian giao hàng rất nhanh,POS
Phai nói ao đẹp xúc xắc nha bà coan 😅,POS
Rất đáng tiền và thời gian giao hàng rất nhanh,POS
"Nhà m nhiều kiến quá k hết sạch được nhưng đỡ rất nhiều, Thời gian giao hàng rất nhanh",POS
Rất đáng tiền,POS
Giày đẹp lắm mn ơi,POS
Nếu có dịp sẽ hợp tác vs shop tiếp ạ,POS
Chủ shop dễ thương nhiệt tình,POS
Áo màu Đen rất đẹp còn áo màu xanh k được thích cho lắm Hjhj cảm ơn shop,POS
Chất lượng sản phẩm tuyệt vời Đóng gói sản phẩm rất đẹp và chắc chắn,POS
Len kiểu dáng rất đẹp và sang,POS
phải nói thật mến chị chủ shop cực kì. thân thiện và nhiệt tình tư vấn cho khách. sẽ ủng hộ lại Shop phục vụ rất tốt,POS
Kcn này xài ok lắm,POS
Hàng giống hình,POS
Hàng giao đúng size,POS
Nhưng giao hàng hơi lâu,POS
Form ok,POS
Chất liệu sản phẩm cũng khá,POS
Phải nói là chất lượng quá tuyệt 😍,POS
"Chất lượng sản phẩm tuyệt vời,rất đẹp",POS
Đóng gói sản phẩm rất đẹp và chắc chắn Shop phục vụ rất tốt Rất đáng tiền Chất lượng sản phẩm tuyệt vời Thời gian giao hàng rất nhanh,POS
Đóng gói sản phẩm chắc chắn,POS
hàng đẹp,POS
"Áo đẹp, chất đẹp, thích cực ❤️",POS
giao hàng nhanh hơn tụt quần Chất lượng sản phẩm tuyệt vời,POS
Rất xứng đáng với 5 sao,POS
Chất lượng sản phẩm tuyệt vời màu sắc rất đẹp❤️,POS
"Áo mặc đẹp dã mannnnn ấy, chuẩn ý hình, chắc chắn sẽ mua lại shop lần nữa",POS
Ta nói hình sao đầm nó ik chang z á ưng ghê ạ,POS
Shop phục vụ rất tốt,POS
"Áo xinh xắn, form vừa, Rất đáng tiền",POS
"Túi đẹp, màu sang, chất lượng tốt",POS
Ưng ý 100%,POS
"Gấu mềm mịn, đẹp, nhẹ.=> like",POS
"Nơ đằng sau hơi nặng nên bị kéo xuống, chất lượng phù hợp vs giá tiền",POS
Rất đáng tiền,POS
"Váy đẹp lắm ạ, đợt này có hơi lâu nhưng em thấy đáng ấyyy <333 chị chủ cute lắm luônnn",POS
"Shop phục vụ rất tốt, Thời gian giao hàng rất nhanh",POS
"Chất lượng sản phẩm tuyệt vời, chất đẹp, mặc vừa vặn",POS
Chất mềm mịn.,POS
Mình sẽ ủng hộ dài dài,POS
Thời gian giao hàng rất nhanh Nhưng màu tay áo hơi hồng cam không phải màu nude,POS
"Sản phẩm chất liệu đẹp, mặc rất vừa vặn",POS
Shop phục vụ rất tốt Thời gian giao hàng rất nhanh chất lượng so với giá tiền cũng tạm dc,POS
Nhưng so với tầm giá như vậy là khá ổn,POS
Chất đẹp lắm ạ Rất đáng tiền,POS
"Chất lượng sản phẩm tuyệt vời, kết nối với PC màu sắc rất đẹp, phù hợp để xem youtube hoặc chơi game",POS
Giao hàng nhanh nữa,POS
Chất lượng sản phẩm tuyệt vời Chất lượng sản phẩm tuyệt vời Đóng gói sản phẩm rất đẹp và chắc chắn Thời gian giao hàng rất nhanh,POS
Thời gian giao hàng rất nhanh,POS
Sẽ ủng hộ shopp dài dàiiiii Chất lượng sản phẩm tuyệt vời,POS
Váy đẹp,POS
Đóng gói sản phẩm rất đẹp và chắc chắn,POS
"Chất lượng sản phẩm tuyệt vời Chất lượng sản phẩm tuyệt vời Chất lượng sản phẩm tuyệt vời Chất lượng sản phẩm tuyệt vời Chất lượng sản phẩm tuyệt vời Chất lượng sản phẩm tuyệt vời Chất lượng sản phẩm tuyệt vời Chất lượng sản phẩm tuyệt vời Chất lượng sản phẩm tuyệt vời Chất vải mịn , cạn ngôn để khen",POS
Chất lượng sản phẩm tuyệt vời..,POS
Chất lượng sản phẩm tuyệt vời,POS
Quần cực kì đẹp,POS
Chất lượng sản phẩm tốt đóng gói sản phẩm chắc chắn Shop phục vụ rất tốt Rất đáng tiền,POS
Thời gian giao hàng nhanh,POS
Vải mềm và mát mng cứ yên tâm mua đi nh,POS
Chất lượng sản phẩm tuyệt vời..đep lăm nek,POS
"Chất lượng sản phẩm tuyệt vời, mềm, đúng như hình",POS
Đóng gói sản phẩm rất đẹp và chắc chắn Rất đáng tiền Thời gian giao hàng rất nhanh,POS
Hàng đẹp xuất sắc ạ <3,POS
Cưng lắm nhaaaa shop ❤️❤️❤️,POS
Đóng gói sản phẩm rất đẹp và chắc chắn Thời gian giao hàng rất nhanh Thời gian giao hàng rất nhanh Shop phục vụ rất tốt,POS
"Đúng màu vàng nghệ, nhìn ngoài đẹp hơn trong ảnh",POS
Kiểu dáng ok,POS
Tks shop yêu,POS
Vậy mà mới 3 ngày đã vô được nút thứ 2 rồi,POS
Chất ok,POS
Quần nỉ phản quang shop ghi chất da cá viền trắng,POS
Rất ưngggg,POS
Quá xinh quá đẹp quá rẻ,POS
Chất lượng sản phẩm tuyệt vời Chất lượng sản phẩm tuyệt vời Shop phục vụ rất tốt Shop phục vụ rất tốt Đóng gói sản phẩm rất đẹp và chắc chắn,POS
Chất vải hơi nóng nhưng đc cái mịn đẹp ít nhăn,POS
Chất lượng sản phẩm tốt,POS
Giầy đẹp ...mấy bạn có mua nhớ đặt size nhỏ hơn 1 số nhe,POS
Nói chung là mua hàng của shop thích dễ sợ <3~,POS
Rất đáng tiền.Chất lượng sản phẩm tuyệt vời,POS
Áo đep Chất lượng sản phẩm tuyệt vời,POS
"Chất lượng sp tuyệt vời, chủ sop nhiệt tình , chu đáo",POS
"Form đẹp, mát",POS
Ok,POS
Chất lượng sản phẩm tuyệt vời Đóng gói sản phẩm rất đẹp và chắc chắn Shop phục vụ rất tốt Rất đáng tiền Thời gian giao hàng rất nhanh Quá tuyệt,POS
Áo đẹp ❤ sẽ ủng hộ shop lần sauu,POS
Đóng gói sản phẩm rất đẹp và chắc chắn,POS
Thanks shop nhju,POS
Tuy nhiên,POS
K có cặn,POS
"kiểu dáng trẻ trung, shop bán hàng có tâm",POS
Gói hàng cẩn thận,POS
"Tuyệt, tất cả đều giống như lời shop giới thiệu sản phẩm, mình đã đặt thêm 6 cái nữa",POS
"Gối cute đẹp và êm lắm ạ, thích ơi là thích ấy, các bạn tư vấn nhiệt tình",POS
Hàng đẹp y hình.cực kì ưng luôn,POS
Thích quá,POS
Chất lượng sản phẩm tuyệt vời tuy nhiên hộp gói bung hết nhưng may ko bẩn áo,POS
Đầm đẹp,POS
Cũng dk,POS
chất đẹp mặc thoải mái,POS
"Chất lượng sản phẩm tuyệt vời, Đóng gói sản phẩm rất đẹp và chắc chắn, Shop phục vụ rất tốt, Rất đáng tiền, Thời gian giao hàng rất nhanh",POS
Shop phục vụ chu đáo,POS
Chất lượng vải rất ok,POS
Ba lo dễ thương lắm,POS
"ngon và đóng gói cẩn thận thank shop , hết mình Lại mua tiếp ạ :>>",POS
Màu sắc y như ảnh chụp.Mình thích áo này của shop,POS
de thuong,POS
Chất ok,POS
"Son lỳ, lâu trôi nhưng nhược điểm là dùng xong môi khô quá😅",POS
Chất lượng tốt mỗi chỉ không có hộp sản phẩm bên ngoài Đóng gói sản phẩm rất đẹp và chắc chắn,POS
Áo đẹp mùi hơi hắt màu đậm hơn so vs hình,POS
Chủ shop rất đáng yêu phục vụ tốt,POS
Ổn lắm ạ,POS
Rất đángtiền áo đẹp,POS
Max thơm,POS
Giá cả rẻ,POS
Tạm cho 5* Chất lượng thì chưa đánh giá dc,POS
Đáng tiền,POS
"C chủ nói ""nếu mẹ chị hk ưng thì chị k cần phải mua vì ngại nha chị, k sao nha chị, bên e chỉ bán khi chị thật sự hài lòng sp ạ",POS
Chất lượng sản phẩm tuyệt vời Đóng gói sản phẩm rất đẹp và chắc chắn Rất đáng tiền Rất đáng tiền tặng thêm quà đáng iu dã man hehe 🤣,POS
Tks shop nhé,POS
Shop phục vụ rất tốt,POS
Áo đẹp nhưng vải có hơi mỏng so vs mong đợi,POS
Hợp với giá 130k,POS
Từ trong ra ngoài đều êm,POS
"Chất dày dặn, rất ưng!!",POS
"Rất đáng tiền, Chất lượng sản phẩm tuyệt vời, chủ shop nhiệt tình dễ thương 😍",POS
Em tìm mua áo có loại vải như này lâu lắm luôn rồi ấy,POS
màu ở ngoài k đẹp như trong ảnh. còn về form thì khỏi bàn... quá tuyệt luôn ạ,POS
San pham y nhu hinh,POS
Váy bị lỗi nhưng khắc phục đc,POS
Có chút trục trặc nhưng sửa lại thì vẫn đẹp,POS
Quần đẹp lắm shop...,POS
kute dễ thương cực,POS
Đóng gói sản phẩm rất đẹp và chắc chắn,POS
Cho shop 5 sao,POS
Màu hơi khác 1 chút nhưng k sao,POS
Rất đáng tiền,POS
"Váy xinh, giống hình, đường may tỉ mỉ",POS
"Rất đẹp, to, nhưng mà đường chỉ có vài chỗ đứt nhưng cũng không ảnh hưởng gì lắm",POS
Áo form rộng đẹp,POS
Chất lượng sản phẩm tuyệt vời,POS
Áo OK,POS
Shop giao đúng size đúng màu,POS
"Da mềm, sản phẩm đẹp",POS
Sản phẩm ok,POS
"Chất lượng tốt, mềm dùng rất thích",POS
Mặc thoải mái,POS
"giao hàng nhanh, áo form đẹp như hình",POS
Set áo len màu nâu đất này form tôn dáng rất xinh,POS
Hàng rất đẹp,POS
Áo co dãn tốt,POS
Sơmi đẹp lắm shop,POS
Y hình 😍,POS
Excellent delivery speed Excellent delivery speed,POS
"Tuyet vời, chuc shop mua may bán đắc",POS
Chất vải mềm mịn,POS
Siêu đẹp luôn nè 😘😘,POS
Chất lượng các mặt hàng khác Ok,POS
Chủ shop nhiệt ti hf đóng gói sản phẩm đẹp chắc chắn,POS
Đóng gói sản phẩm rất đẹp và chắc chắn,POS
Áo chất mịn và mát,POS
Thời gian giao hàngrat nhanh,POS
Shop phục vụ rất tốt Rất đáng tiền Sẽ luôn ủng hộ shop❤️❤️❤️,POS
Quần đẹp mk mặc ưng lắm nhe,POS
Giày đẹp kinh khủng khiếp...mạng êm chân vãi 😂,POS
"hàng đẹp, sz bị to nên sẽ đổi sz, sẽ mua thêm",POS
Sẽ còn phải tốn xiền với shop dài dài rồi,POS
Mjh rat thjch,POS
Shop phục vụ rất tốt Thời gian giao hàng rất nhanh Rất đáng tiền Chất lượng sản phẩm tuyệt vời,POS
Cảm ơn shop,POS
Thời gian giao hàng rất nhanh,POS
Tuyệt vời..,POS
Tạm thời cho shop 4 sao vì lắng nghe phản hồi của khách,POS
"Giá hạt rẻ, shop cứ bán hàng chất lượng nhé",POS
Giao thiếu 1 số món nhưng giải quyết hợp lý. 5 sao,POS
Cảm ơn shop,POS
Sẽ ủng hộ thêm,POS
Chất lượng sản phẩm tuyệt vời,POS
"Chất vải đẹp, hàng giống hinh. shop tư vấn nhiệt tình",POS
Balo may bị méo không đều vận chuyển khiến balo bị méo bị bẹt bị lõm k khắc phục đk nhưg nhìn chung châdt luọng sp rât tốt,POS
"Hàng đẹp, vải mịn, mát",POS
Rất đáng tiền Đóng gói sản phẩm rất đẹp và chắc chắn nhưng không có hộp đựng,POS
Đóng gói sản phẩm rất đẹp và chắc chắn,POS
Thái độ phục vụ tốt.,POS
Chất lượng sản phẩm tuyệt vời Chất lượng sản phẩm tuyệt vời Đóng gói sản phẩm rất đẹp và chắc chắn Đóng gói sản phẩm rất đẹp và chắc chắn Đóng gói sản phẩm rất đẹp và chắc chắn Shop phục vụ rất tốt Rất đáng tiền Rất đáng tiền Thời gian giao hàng rất nhanh Rất đáng tiền,POS
Áo đẹp cực kì luôn ạ ❤️,POS
Cứ nghĩ hàng rẻ thì k đẹp nhưng ưng ý quá,POS
Do mình hơi ốm nên mặc thấy bị rộng nhiều. ^^,POS
Đóng gói sản phẩm rất đẹp và chắc chắn Chất lượng sản phẩm tuyệt vời Chất lượng sản phẩm tuyệt vời Đóng gói sản phẩm rất đẹp và chắc chắn Shop phục vụ rất tốt,POS
Rất đáng đồng tiền,POS
"Shop phục vụ khá tốt nhưng thời gian giao hàng chậm quá, khá nhiệt tình khi áo mình đặt hết hàng shop có gọi báo cho mình để hỏi ý mình có muốn đổi k, về áo thì có 1 cái bị dính 1 vệt màu hơi kém xinh tý, nói chung tạm ổn",POS
Giao hàng rất nhanh,POS
💟💟💟💟💟💟💟💟💟,POS
Chất lượng sản phẩm tuyệt vời..,POS
"Hàng y hình, chất len mềm, các bạn nữ trên 1m7 nên lưu ta một chút vì form áo khá ngắn",POS
Vải tuy k dày nhưng cũng đẹp,POS
"Shop phục vụ rất tốt, giao hàng nhanh, chất lượng tốt",POS
"Chất lượng sản phẩm tuyệt vời : áo không dày không mỏng, mặc mát, giống hình 90%, form nhỏ _ eo < 65cm, < 50kg mặc vừa",POS
Chất lượng sản phẩm tuyệt vời Đóng gói sản phẩm rất đẹp và chắc chắn Shop phục vụ rất tốt và nhiệt tình Thời gian giao hàng rất nhanh mỗi tội áo hơi nhiều chỉ thừa nhưng cx ko sao Rất đáng tiền,POS
Chất lượng sản phẩm tuyệt vời,POS
4 - Rất đáng tiền .👍,POS
"Shop phục vụ rất tốt, shop tặng kèm một áo cổ tàu",POS
"Áo ngực mặc đẹp, thoái mái",POS
Hai lòng,POS
đã mua lần 2. 5 sao,POS
Sẽ ủng hộ shop dài dài ^^,POS
"Áo siêu đẹp, mỗi tội luồn dây hơi khó, dây buộc thành nơ thì cũng ngắn quá",POS
"Giầy dáng đẹp, chun ôm khít vừa vặn, Chất lượng sản phẩm tuyệt vời",POS
hang rat ok shop ak e thich ak Chất lượng sản phẩm tuyệt vời Đóng gói sản phẩm rất đẹp và chắc chắn,POS
Rất đáng tiền Shop phục vụ rất tốt Đóng gói sản phẩm rất đẹp và chắc chắn Chất lượng sản phẩm tuyệt vời,POS
Chất lượng sản phẩm tuyệt vời,POS
Chất lượng sản phẩm tuyệt vời Chất lượng sản phẩm tuyệt vời Đóng gói sản phẩm Chưa chắc chắn,POS
Chất lượng sản phẩm tuyệt vời Chất lượng sản phẩm tuyệt vời Đóng gói sản phẩm rất đẹp và chắc chắn Shop phục vụ rất tốt Shop phục vụ rất tốt Shop phục vụ rất tốt Rất đáng tiền,POS
Balo to cực mình rất thích,POS
Với giá là quá rẻ rồi,POS
Tốt vừa ý,POS
Dành cho mấy bn hai vòng dưới 100cm là ok luôn,POS
Lắm chất oke mềm tay dã mannnn,POS
"Sản phẩm giống hình, Thời gian giao hàng rất nhanh",POS
"Áo đẹp lắm,",POS
Áo đẹp y hình,POS
Shop phục vụ rất tốt nv rat nhiet tinh,POS
Hàng ưng ý,POS
Đẹp hơn mong đợi,POS
Tks shop,POS
Chất lượng sản phẩm tuyệt vời Đóng gói sản phẩm rất đẹp và chắc chắn Chất lượng sản phẩm tuyệt vời Đóng gói sản phẩm rất đẹp và chắc chắn Rất đáng tiền Thời gian giao hàng rất nhanh,POS
Chất lượng sản phẩm tuyệt vời rất đẹp đáng khen,POS
Tại em mình ở Hand có bộ Inisfree gửi về vẫn đang dùng dở nên chưa dùng,POS
Nhìn rất chất,POS
Ai cũng hỏi mua đâu 2 đôi giày rẻ mà đẹp quá,POS
"Áo to, vải đẹp",POS
"Quạt dễ thương lắm, đẹp",POS
Chất lượng sản phẩm tuyệt vời,POS
Chất vải thì đẹp,POS
Áo xinh cực kì luôn ạ,POS
"Giao hàng nhanh, sách được đóng gói rất kĩ",POS
Chất lượng sản phẩm ok,POS
Mỗi tội mình mất ship cao quá huhu,POS
Quần đẹp lắm ^^,POS
"Lần hai mua ở shop, rất ưng",POS
Chất lượng sản phẩm tuyệt vời Thời gian giao hàng rất nhanh đóng hàng hơi xấu,POS
"Áo đẹp, hàng chữ sắc nét, chất sờ thích tay, shop nhẹ nhang, lịch sự, uy tín, cảm ơn shop",POS
Sản phẩm giống hình y chang lun..60kg mặc cũng vừa luôn..chất vải ok lắm ..râst thích ạ,POS
Chất lượng sản phẩm tuyệt vời Chất lượng sản phẩm tuyệt vời áo mỏng vải mỏng,POS
Đóng gói sản phẩm đẹp và chắc chắn Thời gian giao hàng nhanh,POS
Rất đáng tiền Chất lượng sản phẩm tuyệt vời Đóng gói sản phẩm rất đẹp và chắc chắn,POS
"Nói chung về sp thì được, thời gian giao hàng hơi bị lâu",POS
Shop phục vụ rất tốt Shop phục vụ rất tốt Shop phục vụ rất tốt Shop phục vụ rất tốt Shop phục vụ rất tốt Shop phục vụ rất tốt Shop phục vụ rất tốt Shop phục vụ rất tốt Shop phục vụ rất tốt Shop phục vụ rất tốt Shop phục vụ rất tốt Shop phục vụ rất tốt Shop phục vụ rất tốt Shop phục vụ rất tốt,POS
Rất đáng tiền,POS
"Áo mặc đúng size, nhìn tưởng k form nhưng form nâng ngực tốt",POS
Áo về thích lắm lun,POS
Sp giống ảnh Đóng gói sản phẩm rất đẹp và chắc chắn,POS
"Đóng gói sản phẩm rất đẹp và chắc chắn, mẫu hàng đúng theo hình , tuy nhiên nhận đc hàng phải chờ cả tuần lễ mới có",POS
"Phục vụ tốt , chât lượng OK",POS
"Cứ gần hết kẹo mút ghiền là ghé thăm shop,sẵn ngay ngày 10/10 có được voucher 10% với chơi lắc xu mấy ngày cũng gần 18k,mà mua 3sp kẹo mút được giảm 10% nữa chứ.mà chỉ có bị cái cho nó tự động chọn bên vc,ko để ý tưởng sh 4H ai ngờ lại GHTK...NÊN ko được nhận trong ngày.sp HSD&NSX rất OK.THANKS SHOP",POS
"Giao lâu, áo phù hợp với giá",POS
Shop giao nhanh,POS
"Áo đẹp ,mát",POS
Chất lượng sản phẩm tuyệt vời Thời gian giao hàng rất nhanh,POS
Giao hành siêu nhah👍🏻,POS
Áo rất đẹp ❤️,POS
"Phần tay áo hơi dài, ngắn chút sẽ đẹp hơn",POS
Shop còn thân thiện nữa 😘😘😘,POS
Chất lượng sản phẩm tuyệt vời Chất lượng sản phẩm tuyệt vời Chất lượng sản phẩm tuyệt vời Chất lượng sản phẩm tuyệt vời Chất lượng sản phẩm tuyệt vời Đóng gói sản phẩm rất đẹp và chắc chắn Shop phục vụ rất tốt Rất đáng tiền Thời gian giao hàng rất nhanh,POS
Rất êm nhé,POS
Hàng rất đẹp😊😊😊,POS
Mua với giá km 79k quá ok luôn,POS
Hàng y như hình,POS
"Chất lượng sản phẩm tuyệt vời Đóng gói sản phẩm rất đẹp và chắc chắn Rất đáng tiền Thời gian giao hàng rất nhanh, sẽ ủng hộ shop nửa,rất ưng ý",POS
Áo đẹp y hình..,POS
Chất lượng sản phẩm tuyệt vời,POS
"Ship nhanh, shop cũng tận tình giải đáp nữa =)",POS
Chất lượng sản phẩm tuyệt vời. 5 sao,POS
Với giá này thì tuyệt rồi,POS
Chất lượng sản phẩm tuyệt vời nhung lam ích ngọt lai mot chuc la ok,POS
Nhìn trong hình thì có cảm giác chất kg mềm nhưng nhận đc thì quá ưng luôn,POS
"Về chất lượng sp thì áo vải khá mỏng, mỏng hơn mình nghĩ, nhưng form áo đẹp, chuẩn, y hình, khá hài lòng ~ 5/5* luôn :3",POS
"Đóng gói chắc chắn, giao hàng nhanh",POS
Trái bí nhỏ xíu ah,POS
Áo lên form đẹp,POS
"Chất dày dặn, màu sắc sáng đẹp",POS
Dày dặn chất mịn!,POS
Chất lượng sản phẩm tuyệt vời,POS
Shop dễ thương,POS
Thời gian giao hàng rất nhanh chất tạm dc vẫn cho 5*,POS
Thời gian giao hàng nhanh,POS
"Quần đẹp y hình, chất mát nhẹ, tuy nhiên 2 sản phẩm có khác nhau một chút, nhưng vẫn chất lượng",POS
Thời gian giao hàng rất nhanh Rất đáng tiền Shop phục vụ rất tốt Đóng gói sản phẩm rất đẹp và chắc chắn Chất lượng sản phẩm tuyệt vời Đóng gói sản phẩm rất đẹp và chắc chắn Đóng gói sản phẩm rất đẹp và chắc chắn Đóng gói sản phẩm rất đẹp và chắc chắn,POS
Dùng 1 lần đã thấy bật tông nhẹ k ê buốt nhức răng Chất lượng sản phẩm tuyệt vời Đóng gói sản phẩm rất đẹp và chắc chắn Chất lượng sản phẩm tuyệt vời Đóng gói sản phẩm rất đẹp và chắc chắn Đóng gói sản phẩm rất đẹp và chắc chắn Shop phục vụ rất tốt Rất đáng tiền Rất đáng tiền,POS
Đóng gói sản phẩm rất đẹp và chắc chắn với 39k mà chất liệu ntn là quá ưng luôn❤️,POS
"Son mềm, mịn môi",POS
Phom vừa như in,POS
Nhiệt tình,POS
"Áo đẹp như hình, chất áo mặc mát",POS
Sẽ ủng hộ tiếp,POS
Tuyệt vời ông mặt trời ạ😘,POS
Rất đáng tiền,POS
Chất lượng sản phẩm tốt,POS
Giao hàng siêu siêu nhanh,POS
Mọi người nhớ mua nhiều ở shop hơn nhé,POS
Mùng 1 chúc shop đắt khách,POS
Dùng ok,POS
Chất lượng sản phẩm tuyệt vời,POS
Khô gà ngon,POS
Áo mặc lên rất chuẩn ạ,POS
Chất lượng sản phẩm tuyệt vời,POS
Áo đẹp mê li lun ạ😘,POS
Chất lượng sản phẩm tuyệt vời form đẹp,POS
Áo mặc đẹp mn ạ,POS
"Chất lượng sản phẩm tuyệt vời, hàng y hình, rất đẹp, chị chủ shop dễ thương, sẽ tiếp tục ung hộ shop",POS
Chất lượng sản phẩm tạm được Giá cả chấp nhận được Thời gian giao hàng rất nhanh Shop phục vụ rất tốt,POS
"Tất dai, đều màu Chất lượng sản phẩm tuyệt vời",POS
Chất lượng quá ok,POS
"Chất lượng sản phẩm tuyệt vời,Shop phục vụ rất tốt,Thời gian giao hàng rất nhanh",POS
"Chất lượng sp: tốt, áo dày, màu hơi đậm hơn hình (hơi đỏ hơn)",POS
"Màu áo ở ngoài đẹp , chất len khá ổn",POS
Áo đẹp lắm ok lắm luôn,POS
Thời gian giao hàng rất nhanh,POS
Ai còn phân vân thì mua ngay đi này🤗🤗🤗,POS
Chất lượng sản phẩm tuyệt vời Đóng gói sản phẩm rất đẹp và chắc chắn Shop phục vụ rất tốt Thời gian giao hàng rất nhanh,POS
Chất vải chưa đẹp lắm nhưng dù s như thế là hợp với giâ tiền rồi,POS
"mình rất hài lòng, Chất lượng sản phẩm tuyệt vời Đóng gói sản phẩm rất đẹp và chắc chắn",POS
Chất lượng sản phẩm tuyệt vời Rất đáng tiền Thời gian giao hàng rất nhanh.vải đẹp.mình rất ưng,POS
Chất lượng sản phẩm tuyệt vời,POS
Thời gian giao hàng rất nhanh,POS
"Áo ok, rộng xíu thì ok hơn",POS
"Bạn chủ rất là ân cần luôn, máy rất tốt trong tầm giá nha, ai muốn mua nên cân nhắc á",POS
Áo xinh lắm ạ ❤️,POS
"Chất vải tốt, tuy nhiên màu logo vàng sáng hơn so với hình",POS
"Áo trắng chỗ chữ bị phai mực in đỏ ra,còn có 1 vết ố giặt k ra",POS
"Đáng tiền lắm , mua ngay đi !!!!",POS
Chất lượng sản phẩm tạm được Chất lượng sản phẩm tuyệt vời,POS
Hang đẹp người ban rất nhiệt tinh,POS
Quần lên dáng đẹp,POS
"Hàng đẹp, giao hàng rất nhanh",POS
"Giày đẹp lắm ạ, size chuẩn ❤️",POS
Quan Mac thoai Mai dong goi dep,POS
Shop rất nhiệt tình,POS
Chất lượng sản phẩm tuyệt vời Thời gian giao hàng rất nhanh Rất đáng tiền Rất đáng tiền Shop phục vụ rất tốt Shop phục vụ rất tốt,POS
Cho shop 10* luôn ạ,POS
3lớp lưới và 1lớp lót như miêu tả,POS
"Chất lượng sản phẩm tuyệt vời , sẽ còn ủng hộ shop dài dài",POS
Chất lượng sản phẩm tuyệt vời Đóng gói sản phẩm rất đẹp và chắc chắn Rất đáng tiền Shop phục vụ rất tốt Shop phục vụ rất tốt,POS
Đóng gói sản phẩm rất đẹp và chắc chắn Thời gian giao hàng rất nhanh,POS
Đóng gói sản phẩm rất đẹp và chắc chắn,POS
Chất lượng sản phẩm hợp với giá tiền,POS
Hàng y hình và giao hàng rất nhanh,POS
Shop tư vấn nhiệt tình,POS
^^,POS
Trắng toát xinh lắm cơ,POS
"Áo đẹp lắm ah.vải rất ok,giao hàng nhanh",POS
"Chất vải ok, mặc rất thoải mái",POS
Giao hàng nhanh,POS
Shop phục vụ rất tốt Thời gian giao hàng rất nhanh,POS
Vừa ý,POS
Sản phẩm đẹp chất lượng ok.,POS
K ngờ nó lại đẹp đến như vậy,POS
"Chất lượng sản phẩm tuyệt vời, túi nhỏ nhỏ xinh xinh, mình rất thích túi nhỏ gọn. có điều túi đỏ shop giao khóa hơi lệch rồi shop",POS
Ship hàng nhanh,POS
Chim ưng,POS
Chất lượng sản phẩm tuyệt vời,POS
Form đẹp,POS
Ok tốt shop nhiệt tình,POS
Chất vải so với giá ok,POS
Vẫn cho 5* vì chất lượng,POS
Shop phục vụ rất nhanh chóng và nhiệt tình nha mấy chế,POS
"So vs giá đó thì chất lượng sp đã quá ok, ngoài sự mong đợi, mình đặt 3 sp nhưng shop chỉ giao đc 2 vì hết hàng nhưng shop cũng đã kèm phong thư trả lại tiền và xl vì sự cố nên rất hài lòng.cảm ơn shop :)",POS
Nhiều mùi,POS
Chất lượng sản phẩm tuyệt vời,POS
- Áo đẹp ❤ Đáng tiền 💗 Cô chủ dth 😍 Tóm lại ưng 🌸,POS
Shop uy tín,POS
Chất lượng sản phẩm tốt,POS
"Đây là mặt sau, giống hình từ mẫu tới màu luôn ☺️ vải tuy có mỏng nhưng mặc lên cảm giác mát rượi luôn ❤️",POS
Túi may chắc chắn,POS
Đóng gói sản phẩm rất đẹp và chắc chắn.nv Giao hàng tận tình,POS
"Giao hàng nhanh, đóng gói đẹp",POS
Hàng đúng với yêu cầu,POS
Chất lượng sản phẩm tuyệt vời,POS
Chỉ biết nói là đẹp và rất ưng huhu,POS
Rất ưng ý!,POS
Đầm mặc đẹp lắm ạ,POS
Bạn mình thấy đep nên đã đặt thêm 2c này nữa của shop đó :))),POS
"Sản phẩm khá tốt, giao hàng nhanh",POS
Dùng lâu k biêt sao..nhưng mới đầu thì...ok...thông số đúng như rao bán.,POS
Chất lượng sản phẩm đẹp,POS
Hài lòng,POS
Shop phục vụ rất tốt,POS
"Shop phục vụ rất tốt, giao 10 cái đúng size mình ghi chú cho shop",POS
Vẫn tặng bạn 5* vì nhiệt tình,POS
Đóng gói hàng cẩn thận,POS
"Ao len chat min, đep",POS
Hàng vải giống hình,POS
Shop nhiệt tình,POS
Chất lượng sản phẩm tuyệt vời Đóng gói sản phẩm rất đẹp và chắc chắn,POS
Rất đáng tiền,POS
Chất lượng sản phẩm tuyệt vời nhưng giao hàng hơi chậm vì Shop phục vụ rất tốt nên cho 5*,POS
Khá tốt.chỉ có lớp bảo vệ trên ngón chân mỏng quá.hay sản phẩm của shop là như vậy rồi,POS
Chất lượng sản phẩm tuyệt vời,POS
à quên.. son như kiểu bị mở ra rồi ý ạ.. nắp son dính son.. hic.. nhưng e dùng nên ksao ạ,POS
Chất lượng sản phẩm tạm được Chất lượng sản phẩm tạm được Đóng gói sản phẩm tạm được Chất lượng sản phẩm tạm được,POS
Đóng gói sản phẩm rất đẹp và chắc chắn Shop phục vụ rất tốt Rất đáng tiền Thời gian giao hàng rất nhanh,POS
Cảm ơn shop,POS
Chất lượng sản phẩm tuyệt vời hàng đẹp lắm ne 💞💞💞💞,POS
"Đồ đẹp mà rẻ nữa, sẽ ủng hộ shop dài dài",POS
"Áo mùi cao su và hơi bị nóng,shop rất nhiệt tình Shop phục vụ rất tốt",POS
Chất lượng tốt,POS
"Gói hàng tốt, giao nhanh, tks shop",POS
"Áo đẹp hơn cả sự mong đợi; chất vải suông, rất mát",POS
Đẹp,POS
Giống hình😊,POS
Rất đáng tiền,POS
Đóng gói sản phẩm rất đẹp và chắc chắn Shop phục vụ rất tốt Rất đáng tiền Thời gian giao hàng rất nhanh.Thanks Shop,POS
"Đóng gói đẹp, sản phẩm chất lương💕💕💕Cám ơn shop nhiều 💗",POS
"Cái này hơi bé so với người mặc nhưng cũng đẹp, đóng gói cẩn thận ok",POS
Chất lượng sản phẩm tuyệt vời Đóng gói sản phẩm rất đẹp và chắc chắn Chất lượng sản phẩm tuyệt vời Chất lượng sản phẩm tuyệt vời Thời gian giao hàng rất nhanh,POS
"chất vải rất đẹp, mềm mịn",POS
Chất lượng sản phẩm tuyệt vời,POS
Chất lượng sản phẩm tuyệt vời. 👍,POS
Màu tươi,POS
Nên mua nha mn,POS
Mình rất ưng ý,POS
"Son ko quá rít, mùi thơm nhẹ như mùi kẹo sữa ong chúa của con gái",POS
"Thoi gian giao hoi chậm, nhung sp ok",POS
Hài lòng hơn mong đợi,POS
"5 Sao khích lệ, nên may cẩn thận hơn",POS
"Hàng đẹp,dày và giao màu rất đúng với yêu cầu.sẽ ủng hộ shop tiếp",POS
Màu toasted brown là một trải nghiệm mới thú vị và bất ngờ,POS
Size áo lẫn quần đều vừa in,POS
Chủ shop thân thiện đồng hành cùng anh em chơi game =))),POS
Bị dãn phần cuối ống tay với cuối thân áo,POS
Áo đẹp lm ạ k uổng công chờ chất đẹp lm ạ hihi,POS
Sẽ tiếp tục ủng hộ shop,POS
Chất lượng sản phẩm tuyệt vời,POS
Đóng gói sản phẩm chắc chắn Thời gian giao hàng nhanh,POS
Tiền nào của đấy vậy là đc rồi,POS
Chất lượng sản phẩm tuyệt vời,POS
Chất lượng sản phẩm tốt Đóng gói sản phẩm chắc chắn Shop phục vụ rất tốt,POS
"Sản phẩm tốt, giá rẻ",POS
"Shop phục vụ rất tốt, Thời gian giao hàng rất nhanh, yêu shop lắm ý",POS
Dạ rất mịn,POS
Sẽ tiếp tục ủng hộ shop và mong shop sẽ có thêm nhiều mẫu mới hơn nữa,POS
Hơi rộng để tới bầu lớn mặc vẫn ok,POS
Vải mỏng nhưng đẹp,POS
Chất lượng sản phẩm tuyệt vời vải đẹp như size nhỏ hơn btg,POS
50 sao luôn,POS
"Chân váy quá đẹp, giá mềm 👏🏻❤️",POS
Đóng gói sản phẩm rất đẹp Thời gian giao hàng rất nhanh vải hoi mỏng,POS
Chat vai bao dep ok lun cam on e bh co tam chat luong uy tin,POS
Chất liệu tốt. 5sao,POS
Shop rất đáng tin - cảm ơn shop nha😄😄😄😄😄🛋,POS
"Đóng gói sản phẩm rất đẹp và chắc chắn, vải quá mỏng",POS
Cho 5 sao,POS
Sản phẩm rất chất lượng,POS
"Đẹp hơn mong đợi, vải dày chắc chắn và các túi đường chỉ cũng đẹp",POS
"Đầm đẹp, chất mát mặc thích lắm lun, chủ Shop nhiệt tinh, dễ mến, lần sau sẽ ủng hộ Shop nữa",POS
Chất lượng sản phẩm tuyệt vời,POS
Chất lượng sản phẩm tuyệt vời Đóng gói sản phẩm rất đẹp và chắc chắn,POS
"Hợp với giá tiền, giày da mềm, nhưng đế cũng hơi mềm chút nên đi có cảm giác ko chắc chắn",POS
"Hàng bình dân, giá bình dân nhưng dùng rất Ok nhé",POS
Quần quá đẹp luôn ạ,POS
Sẽ tiếp tục ủng hộ lâu dài,POS
Nói chung là tuyệt á ^^,POS
@sẽ ủng hộ shop nh,POS
Đẹp lại rẻ,POS
Sẽ tiếp tục ủng hộ shop,POS
"Chất liệu dày dặn, mềm, dáng đẹp như hình, nói chung ưng ý",POS
"Chất lượng sản phẩm tuyệt vời, váy đẹp so với giá, nếu chất cát mịn sẽ đẹp hơn nữa, nhưng chất ấy chắc k có giá này",POS
Đóng gói sản phẩm rất đẹp và chắc chắn Chất lượng sản phẩm tuyệt vời Shop phục vụ rất tốt Rất đáng tiền,POS
Rất đáng tiền,POS
"Chất lượng sản phẩm tuyệt vời Đóng gói sản phẩm rất đẹp và chắc chắn, giao hang nhanh",POS
"Size hơi nhỏ, bé khoảng 7-8kg mặc vừa chứ lớn hơn hơi chật chút nhưng mà vải và đường may, màu sắc đẹp",POS
Thời gian giao hàng rất nhanh Shop phục vụ rất tốt Shop phục vụ rất tốt Đóng gói sản phẩm rất đẹp và chắc chắn Rất đáng tiền,POS
Chất vải tốt,POS
"xài tốt lắm,cảm ơn shop nhiều",POS
Chất lượng tốt nhưng giao chậm,POS
sử dụng ngon lành,POS
Đáng để mua ❤❤❤ Rất đáng tiền vải tốt 💕,POS
Chất lượng sản phẩm tuyệt vời,POS
Chất đẹp,POS
Chất lượng sản phẩm tuyệt vời Đóng gói sản phẩm rất đẹp và chắc chắn,POS
Nên mua nha,POS
"Áo mát, shop đổi size L rộng, mặc rất thích",POS
Hàng chuẩn hình luôn nạ,POS
Có điều đóng gói sp khi nhận lại bị rách để lộ bên trong.. 😊,POS
Thời gian giao hàng nhanh,POS
Chị chủ shop thì đáng yêu tư vấn kĩ càng,POS
Chất lượng sản phẩm tuyệt vời Đóng gói sản phẩm rất đẹp và chắc chắn Shop phục vụ rất tốt Rất đáng tiền Thời gian giao hàng rất nhanh,POS
Tốt với tầm giá,POS
Giao hàng nhanh.Tư vấn nhiệt tình,POS
Giá rẻ. 5 sao cho shop,POS
Chất lượng sản phẩm tuyệt vời,POS
Đóng gói sản phẩm rất đẹp và chắc chắn,POS
Đáng để thử 😘,POS
"Hàng rất đẹp, màu cũng tươi, nói chung m hài lòng",POS
Rất ưng luôn,POS
Áo đẹp,POS
So với giá thì chất lượng sp quá tốt,POS
Shop phục vụ rất tốt Đóng gói sản phẩm rất đẹp và chắc chắn Shop phục vụ rất tốt Thời gian giao hàng rất nhanh,POS
Xinh cực💗 Đóng gói sản phẩm chắc chắn,POS
"Vải rất đẹp , mặc rất ôm bụng và nâng mông",POS
Vải bao đẹp,POS
Hang rat dep nha shop,POS
"Lần đầu mua của shop, Hài lòng quá chừng..",POS
Chim ưng ạ.giao hàng siêu nhanh,POS
Ủng hộ mẹ bầu mua vài bộ mặc thoải mái,POS
Shop phục vụ rất tốt,POS
Áo vải siêu mát siêu đẹp và em siêu siêu thích luôn,POS
Hàng đẹp,POS
"Sim mới kích hoạt, phiếu bảo hành đầy đủ",POS
Shop phục vụ rất tốt Rất đáng tiền,POS
Màu k dc đẹp như hình,POS
Chất lượng sản phẩm tuyệt vời Đóng gói sản phẩm rất đẹp và chắc chắn,POS
Đẹp ạ nhỏ gọn xinh xắn,POS
"vải đẹp, in đẹp, đường may khéo",POS
Áo bị dính bẩn,POS
Chất lượng sản phẩm tuyệt vời,POS
Thanks,POS
Chất lượng sản phẩm tuyệt vời,POS
Áo đẹp..,POS
Chắc chắn sẽ ủng hộ shop thêm nữa 😊,POS
Chất lượng sản phẩm tuyệt vời Đóng gói sản phẩm rất đẹp và chắc chắn,POS
"Shop phục vụ rất tốt,thank shop vì đã nhiệt tình cho m đổi",POS
Hàng đẹp rất thích,POS
"Chất lượng sản phẩm tuyệt vời Đóng gói sản phẩm rất đẹp và chắc chắn,chất vải rất tốt mình rất thích",POS
Chất lượng sản phẩm tuyệt vời Đóng gói sản phẩm rất đẹp và chắc chắn Đóng gói sản phẩm rất đẹp và chắc chắn Shop phục vụ rất tốt Rất đáng tiền Thời gian giao hàng rất nhanh đã ủng hộ lần 2 sẽ ủng hộ tiếp ạ,POS
Tạm ổn vải mỏng hơi bí Đóng gói sản phẩm chắc chắn Chất lượng sản phẩm tốt Shop phục vụ khá tốt,POS
Chất lượng son ổn,POS
Shop nhiệt tình tư vấn,POS
Chất lượng sản phẩm tuyệt vời,POS
Chất lượng sản phẩm tuyệt vời,POS
Mất chín trâu mười hổ mới mở ra được,POS
"Shop giao hàng nhanh, đóng gói chắc chắn, chất vải mềm, đẹp, cổ áo hở hơi sâu, khá Ok với sản phẩm",POS
Rất đáng tiền,POS
Ok chắc chắn,POS
Shop tư vấn nhiệt tình,POS
Chất lượng sản phẩm tuyệt vời Shop phục vụ rất tốt Rất đáng tiền Đóng gói sản phẩm rất đẹp và chắc chắn,POS
Hàng của bác Vi thì em yên tâm tuyệt đối rồi ạ,POS
Hàng y hình luôn.cotton mềm mịn,POS
Cảm ơn shop,POS
Hàng đẹp lắm shop ơi,POS
Mọi người nên mua ạ.🤩🤩,POS
Cảm ơn shop,POS
"Áo rất đẹp, vải rất tốt",POS
Chất lượng sp tạm ổn,POS
Giá cả hợp lý,POS
"Áo đẹp y hình.Chị chủ shop xg,zt tư vấn nhiệt tình lém ạ....quý chị lắm lun😍😍😍 Cảm ơn chị",POS
Hàg rẻ vc nhanh nhưg cước qua đat,POS
Form giày đẹp quá shop ơi,POS
"Đóng gói sản phẩm ko dc đẹp nhưng sp vừa vặn, phù hợp giá tiền",POS
Bên ngoài màu cam đào choé nhé😅 biết vậy chọn đen😂,POS
Mua 2 lần rồi.Quá hài lòng.áo khoác đến áo thun rất đẹp Đóng gói sản phẩm rất đẹp và chắc chắn,POS
Đóng gói sản phẩm rất đẹp và chắc chắn,POS
Robot chạy tốt,POS
Shop phục vụ rất tốt.:))))))),POS
Gói hàng cẩn thận,POS
Mắc truất lắm cy ạ 😂,POS
"Giao hàng nhanh, đóng gói khá tốt, nếu có thể đóng hộp hoặc gói trong một bao nilong chung trước khi bỏ vào bao nilong bên ngoài nữa thì quá tốt (vì mình suýt cắt phạm vào đôi vớ lúc mở hàng)",POS
Thun tốt,POS
Quan trọng là không hề kén tông da và có thể làm quà tặng người lớn tuổi,POS
Thời gian giao hàng rất nhanh (nhận hàng trong 2 ngày),POS
Co dãn tốt,POS
Chất vải đẹp,POS
Thơm lắm,POS
"Mua lần thứ 5 của shop, mà mỗi lần mua là ít nhất 5 cái",POS
Sản phẩm rất đẹp,POS
"Áo đẹp lắm mn ạ, từ chất vải đến form , ko chê điểm nào được ý, thời gian giao hàng siêu nhanh...😘😘😘",POS
Áo quá đẹp shop ơi,POS
"Chuẩn quần vải đẹp ôm gọn chân, mà vải còn mát nữa",POS
Chất lượng sản phẩm tuyệt vời,POS
Cảm ơn chị chủ shop nhiệt tình 😘😘😘,POS
"Shop tư vấn tốt , áo đẹp dày nên có vẻ chất liệu không được mát lắm",POS
Chất lượng sản phẩm tuyệt vời Đóng gói sản phẩm rất đẹp và chắc chắn Shop phục vụ rất tốt Shop phục vụ rất tốt Shop phục vụ rất tốt Rất đáng tiền,POS
Chất lượng sản phẩm tuyệt vời,POS
Mua hang vài lần mà chất lương dieu 0k hết nha,POS
"Sản phẩm tốt, giá rẻ, giao hàng cực nhanh",POS
Dễ thương,POS
"Mình lấy 2 bộ cùng size nhưng một bộ nhỏ,một bộ vừa",POS
Nói chung là ưng lắm luôn,POS
Rất đẹp lại rẻ,POS
Thanks shop,POS
"Ưng ý, giống y hình Đóng gói sản phẩm rất đẹp và chắc chắn",POS
"Len mềm, mặc đẹp, giá này mà chất nv là quá ok Thời gian giao hàng rất nhanh",POS
Cảm thấy vô cùng hài lòng cho 10 sao luôn,POS
Thời gian giao hàng rất nhanh,POS
Với giá tiền đó thì vải áo rất ok Thời gian giao hàng rất nhanh,POS
Tư vấn rất nhiệt tình,POS
Rất đáng tiền Đóng gói sản phẩm rất đẹp và chắc chắn Thời gian giao hàng rất nhanh,POS
Đóng gói sản phẩm rất đẹp và chắc chắn Thời gian giao hàng rất nhanh,POS
Shop bán hàng rất có tâm nhé,POS
Có 1 tấm bị rách còn lại ok,POS
"Chất lượng sản phẩm tuyệt vời , shop rất dễ thương",POS
"Độ bám màu tốt, màu lên đều và chuẩn, không bột cũng không khô môi (nếu bạn chăm tẩy tế bào chết cho môi)",POS
Cảm ơn shop,POS
"Đẹp, mỏng",POS
Chất lượng sản phẩm tuyệt vời sản phẩm cực đẹp luôn,POS
Thời gian giao hàng rất nhanh,POS
Từ khi mua đồ trên mạng thấy lần này ok nhất,POS
"100k tưởng đẹp hơn nhg lại y hệt bộ 70k mình mua, hx",POS
Thời gian giao hàng rất nhanh,POS
Mình cao 1m56 mặc M mà dài quá mông,POS
Cảm ơn shop,POS
"Chất lượng sản phẩm tuyệt vời, chất quá đẹp:))",POS
Hàng mặc rất đẹp,POS
Áo đẹp lắm nhé,POS
Áo nữ thì hơi nhỏ nhưng chủ shop nhiệt tình nên vẫn đánh giá 5 sao,POS
"Hạn sử dụng còn rất xa luôn. 1 góp ý nho nhỏ, lần sau shop dán băng dính trên nắp để tránh quá trình vận chuyển nó bị bung nhé",POS
Giày rất đẹp và ưng ý,POS
Chất lượng sản phẩm tuyệt vời nhưng có điều vải hơi mỏng,POS
Shop rất niem nở với KH...nhiệt tình...,POS
B chủ shop nch rất dễ thương,POS
Thời gian giao hàng rất nhanh,POS
Chất lượng sản phẩm tuyệt vời,POS
Rất ưng ý 👌,POS
Đẹp,POS
"Áo đẹp ạ, chủ shop thân thiện lắm. 5 sao luôn cho shop Chất lượng sản phẩm tuyệt vời Đóng gói sản phẩm rất đẹp và chắc chắn Shop phục vụ rất tốt Shop phục vụ rất tốt Rất đáng tiền Thời gian giao hàng rất nhanh",POS
Cảm ơn shop đã quan tâm chu đáo đến những chú cá,POS
Quần xinh quá ah,POS
Sản phẩm đẹp mình thích,POS
Form áo đẹp,POS
Chất lượng sản phẩm tốt tuy nhiên phom áo rộng quá,POS
Mua hang ben shop chi ung y lam lam luon😚😚😚😚😚😚,POS
quần đẹp ngoài mong đợi so vs giá tiền nvay. giao hành nhanh. thật sự rất ưng ý,POS
Còn có quà cho khách,POS
Tư vấn tốt,POS
T sẽ tiếp tục ủng hộ shop,POS
Đẹp mềm chân nữa,POS
"Tay áo rộng dã man, ko sửa đc luôn 😔",POS
Nhưng vẫn đẹp,POS
Rất tốt,POS
Đóng gói sản phẩm rất đẹp và chắc chắn,POS
"Shop giao thiếu của mình 1 áo. nhưng đã hoàn tiền lại rất nhanh, Shop phục vụ rất tốt Chất lượng sản phẩm tuyệt vời",POS
Chất lượng sản phẩm tuyệt vời Đóng gói sản phẩm rất đẹp và chắc chắn.Cảm ơn shop nhé,POS
Chất lượng tốt hợp với giá tiền,POS
"Áo rất vừa vặn, dày dặn mặc lên tôn dáng lắm",POS
"Áo chất đẹp thích hợp đi chơi, giao hành nhanh, nv tư vấn nhiệt tình",POS
"rất đẹp, rất mát",POS
Đẹp vừa trong trong tầm giá,POS
Áo khác hình 30% nhưng mà cũng ok lắm nha shop 👌,POS
Show có tâm,POS
"Sp ổn, cái matxa mặt bị rớt tùm lum các bộ phận, lắp vào khó",POS
Đóng gói cẩn thận,POS
Ao cung duoc,POS
"hàng tốt, đúng sp chính hãng",POS
Giống y hình,POS
Tốt trong tầm giá,POS
son màu đẹp k bị bột,POS
"chất áo đẹp, hợp với mùa thu",POS
Thank shop,POS
Sẽ tiếp tục ủng hộ shop,POS
Sách đẹp,POS
"Đặt từ hôm CN, nay mới t3 đã có hàng rồi dù ship mãi từ HN vào SG",POS
sản phẩm tốt. nếu đường may đẹp hơn nữa sẽ rất tuyệt vời. giao hàng nhanh. phục vụ tốt,POS
Chất lượng sản phẩm tuyệt vời Đóng gói sản phẩm rất đẹp Rất đáng tiền Thời gian giao hàng rất nhanh,POS
"Chất lượng sản phẩm tuyệt vời, Không có 6 star nếu không vote luôn",POS
Thời gian giao hàng rất nhanh Rất đáng tiền,POS
Vải dày fom y hình,POS
Shop phục vụ rất tốt,POS
Chất lượng sản phẩm tuyệt vời Đóng gói sản phẩm rất đẹp và chắc chắn Chất lượng sản phẩm tuyệt vời Shop phục vụ rất tốt Shop phục vụ rất tốt Rất đáng tiền,POS
Giao hàng nhanh 👍 chất vải và kiểu dáng đúng như mô tả của shop 👍,POS
Chất lượng sản phẩm tuyệt vời Đóng gói sản phẩm rất đẹp và chắc chắn Shop phục vụ rất tốt Rất đáng tiền Rất đáng tiền Thời gian giao hàng rất nhanh ❤️❤️❤️❤️❤️,POS
Chất lượng sản phẩm tuyệt vời chất vải và ren cực mềm và đẹp,POS
Sẽ ủng hộ shop lần sau nhé,POS
"Phù hợp với giá tiền, ok",POS
Đóng gói sản phẩm rất đẹp và chắc chắn Đóng gói sản phẩm rất đẹp và chắc chắn Shop phục vụ rất tốt Rất đáng tiền Thời gian giao hàng rất nhanh......Nhưng nếu mua lên giảm size đi 1 sai ví dụ định mua 41 thì nên mua bốn 40 vì dáng dày rất rộng ❤️💙💛💚🧡💜🖤,POS
Chất lượng sản phẩm tuyệt vời Shop phục vụ rất tốt Rất đáng tiền Thời gian giao hàng chậm,POS
Chất lượng sản phẩm tuyệt vời chất dày dặn,POS
Thời gian giao hàng rất nhanh,POS
Mua của shop cái nào cũng ưng,POS
Chất lượng sản phẩm tuyệt vời Đóng gói sản phẩm rất đẹp và chắc chắn sản phẩm y hình,POS
"chất lượng sản phẩm tốt, hợp giá tiền",POS
"Đóng gói sản phẩm rất đẹp và chắc chắn, nhanh",POS
Đóng giữ sp đẹp,POS
Phù hợp giá tiền,POS
Đúng size,POS
Rất đáng tiền Thời gian giao hàng rất nhanh,POS
Thời gian giao hàng rất nhanh Vải đẹp,POS
Sản phẩm tốt lắm,POS
Sản phẩm phù hợp với giá tiền nhưng form áo hơi nhỏ chỉ từ 52kg trở xuống là vừa,POS
Quá cool,POS
"đẹp miễn chê, rất hài lòng về sp",POS
Lại còn đc tặng quà :)),POS
Không còn từ gì để diễn tả👍👍👍,POS
"Vải rất dày, đẹp",POS
"Y chang hình luôn nha, dài và phom to y chang hình, thích lắm luôn 😍",POS
Shop uy tín sản phẩm tuyệt vời lắm nha,POS
Áo đẹp trong tầm giá,POS
"Đóng gói ok, chất lượng tương đương với giá thành",POS
"Váy siêu đẹp siêu sang, tưởng 2xx ko chứ, đằng này shop bán có 75k",POS
Thời gian giao hàng rất nhanh Rất đáng tiền Chất lượng sản phẩm tuyệt vời,POS
"Mua 2 cái về để ngoài vuông xem, thấy ok cho 5 sao Thời gian giao hàng rất nhanh Đóng gói sản phẩm rất đẹp và chắc chắn Rất đáng tiền Shop phục vụ rất tốt Chất lượng sản phẩm tuyệt vời",POS
"Áo dễ thương, thun rất ok, giao hành nhanh",POS
Sim hoạt động tốt,POS
Rất đáng tiền,POS
Perfect ❤,POS
Váy rất đẹp quá ứng với giá tiền đó,POS
Chat luon san pham tuyet voi ..nhung ao hoi bi nhăng.,POS
- Tuyệt vời,POS
"Sản phẩm tốt, đẹp",POS
Giá cả chấp nhận được..cho shop 4 sao nha,POS
"Mình mới sinh xong, mặc lên che hết cả bụng",POS
Quần đợt 2 đặt tận 7 chiếc mà chất quần hoàn toàn xa với đợt 1,POS
Vải hơi mỏng nhưng form đẹp,POS
Hàng giá rẻ - sp đẹp,POS
5 sao cho dịch vụ chăm sóc khách hàng 👍,POS
Thời gian giao hàng rất nhanh,POS
Quần chất đẹp rất đáng tiền,POS
mọi người nên mua nhé. sp đẹp lắm 😅😅😅,POS
- Sản phẩm tuyệt vời giao hàng nhanh,POS
Bao ngon 😋 nhé,POS
"Lần thứ hai mua đồ của shop, rất ưng ạ",POS
"Sản phảm tốt, đúng như hình thx shop",POS
Đặt cho vui ko hy vọng gì nhiều với giá tầm 50k,POS
Shop bán hàng đúng chất lượng giá lại siêu rẻ se ủng hộ shop dài dài,POS
Đóng gói sản phẩm rất đẹp và chắc chắn.shop nhiệt tình dễ thương,POS
Chất lượng sản phẩm tuyệt vời.Chất lượng sản phẩm tuyệt vời,POS
Áo rất oke,POS
Quá ok,POS
"Da rất mềm, túi đẹp lắm",POS
Rất ưng ạ,POS
Mình sẽ ủng hộ nữa😋😋😋,POS
"Giao hàng nhanh, hàng chuẩn, nua đc đúng đợt flash sale nên rẻ lại được nhiều xu",POS
Chất đẹp giao hàng nhanh,POS
"Áo đẹp, vải thích lắm",POS
"Chất lượng sản phẩm tuyệt vời Đóng gói sản phẩm rất đẹp và chắc chắn Đóng gói sản phẩm rất đẹp và chắc chắn, váy mình rất thích ok về kiểu dáng và chất",POS
"Sản phẩm rất là chất lượng đóng goid rất là đẹp gọn gàng, nên mua hàng ở đây rất uy tín",POS
"Chất lượng sản phẩm tuyệt vời Đóng gói sản phẩm rất đẹp và chắc chắn, hàng mặc rất ok, rất đẹp 😍",POS
Thời gian giao hàng rất nhanh,POS
Áo đẹp như hình.❤️,POS
Áo đẹp lắm shop ơii >< Chủ shop còn dễ thương nữa,POS
Chất lượng sản phẩm tuyệt vời Chất lượng sản phẩm tuyệt vời Chất lượng sản phẩm tuyệt vời Chất lượng sản phẩm tuyệt vời Đóng gói sản phẩm rất đẹp và chắc chắn Shop phục vụ rất tốt Rất đáng tiền,POS
Toi thich san pham,POS
"Quần dày đẹp, độ co dãn vừa thôi chứ không nhiều",POS
Chất lượng sản phẩm tuyệt vời,POS
"Shop phục vụ rất tốt, đã nhận được thẻ và nạp ok ạ",POS
"Tay áo bị lỗi, phải may lại ,nhìn chung giá tiền này ,chấp nhận chút ,ok hàng cũng o phiền",POS
Sản phẩm rất đẹp,POS
Áo đẹp lắm Shop ơi :),POS
"Áo đẹp, bạn mình thấy đẹp nhờ mua hộ, rất ưng",POS
Chất lượng sản phẩm tuyệt vời Đóng gói sản phẩm rất đẹp và chắc chắn Shop phục vụ rất tốt Rất đáng tiền Thời gian giao hàng rất nhanh sẽ ủng hộ shop dài dài😘😍,POS
Ok nhưng shop lại đóng thiếu ốp lưng 😂😂😂😂😂,POS
"Chất liệu mềm mịn cực kì thích , chất lượng gấp 2 3 lần giá tiền",POS
"Shop giao hàng rất nhanh, đóng gói sp rất kỹ ạ",POS
Sẽ ủng hộ shop lâu dài,POS
So với giá tiền thì áo trên cả tuyệt vời mn nên mua nhé,POS
Giao hàng nhanh,POS
Sẽ ủng hộ shop dài lâu,POS
Sẽ còn ủng hộ shop dài dài :*,POS
"Minh lay sz lớn nhất cho rộng roi , sz xxl mà nhìn thay bé hơn quần củ , chồng mình 72kg , sp chất thì nhìn tốt Đóng gói sản phẩm rất đẹp và chắc chắn",POS
Giao hàng nhanh,POS
"chất tạm được,so với giá thì ok,cổ hơi chão nên mặc k đc ôm cho lắm chắc tại m gầy,giao hag nhah",POS
Do ảnh mình chụp hơi dìm ti thôi à,POS
"Đóng gói cẩn thận lại còn được tặng quà ,😍😘",POS
Sản phẩm rất tốt,POS
Tông nude nâu pha ít cam làm khuôn mặt sang trọng và đằm thắm hơn rất nhiều,POS
"Chất lượng tốt, shop phục vụ rất tốt 😚",POS
"Đồ rất đẹp, chất vải và cả form áo",POS
Hàng đẹp vượt mong đợi shop ạ,POS
Hàng đẹp,POS
Sẽ luôn ủng hộ shop!!,POS
Đáng đồng tiền,POS
"Chất lượng sản phẩm tuyệt vời ,dep",POS
Hàng đẹp lắm ak,POS
Áo đẹp ạ,POS
"Bọc hàng cẩn thận, giao hàng nhanh, chủ shop rất nhiệt tình ạ.. 😍😍",POS
Chất lượng sản phẩm tuyệt vời Đóng gói sản phẩm rất đẹp và chắc chắn Shop phục vụ rất tốt,POS
"Chất lượng sản phẩm tuyệt vời, áo đẹp",POS
Hợp với giá tiền ạ,POS
Chất lượng sản phẩm tuyệt vời .đáng tiền,POS
Excellent seller service quality,POS
Cảm ơn shop😚😚,POS
"Chất lượng sản phẩm tuyệt vời , Đóng gói sản phẩm rất đẹp và chắc chắn , Rất đáng tiền , Thời gian giao hàng rất nhanh",POS
Chất vải phù hợp với giá,POS
Mà đánh giá 5 🌟 đơn tiếp theo giảm 5k k shop hihi,POS
Thời gian giao hàng rất nhanh Đóng gói sản phẩm rất đẹp và chắc chắn Chất lượng sản phẩm tuyệt vời Rất đáng tiền Shop phục vụ rất tốt,POS
Chất mỏng quá,POS
"Đóng gói sản phẩm chắc chắn, thời gian giao hàng nhanh",POS
Chủ shop nhiệt tình,POS
"Chất dày dặn, đẹp",POS
Hàng đẹp chất lượng sẽ ủng hộ shop 😍,POS
Sản phẩm nhìn chắc chắn,POS
Shop phục vụ rất tốt Thời gian giao hàng rất nhanh Chất lượng đúng với giá tiền,POS
Chất lượng sản phẩm tuyệt vời,POS
"Hình m để lap 14'' vừa khít, còn phải nông 1 ít nữa mới vào nên cạnh của lap làm căng form balo vuông vức như thế, > 15"" cần xem lại 😂",POS
Hàng đejp giao hàng rất nhanh,POS
Chất lượng sản phẩm tốt,POS
Quần đẹp.,POS
Chất lượng sản phẩm rất tốt,POS
Giá rẻ nữa,POS
"san phẩm đẹp lắm rất thích, vừa ý luôn shop oi,",POS
Rất đẹp,POS
Áo hơi rộng nhưng ok Đóng gói sản phẩm rất đẹp và chắc chắn,POS
Thanks shop,POS
1 cây bút chỉ vặn lên ko vặn xuống dc,POS
"Hàng đẹp, giá ok",POS
1h đơn đc xác nhân,POS
máo mặc hơi ngứa còn lại mẫu thì ổn,POS
"Đóng gói sản phẩm rất đẹp và chắc chắn Chất lượng sản phẩm tuyệt vời,sp ok,shop phục vụ tốt,cám ơn shop nhiều",POS
Áo chất đẹp,POS
Dc tặng thêm 1 đống dây,POS
Mũ y hình ạ ❤️,POS
Sẽ ủng hộ shop liên tục 👍🏻,POS
Giá tiền quá rẻ,POS
Chất lượng sản phẩm tuyệt vời Đóng gói sản phẩm rất đẹp và chắc chắn Shop phục vụ rất tốt Rất đáng tiền Thời gian giao hàng rất nhanh.Shop oi sao shop ko tặng xu khi mua hàng vậy shop,POS
Hàng như mô tả,POS
Đóng gói sản phẩm rất đẹp và chắc chắn,POS
"Giao hàng sau 2 ngày, đóng gói cẩn thận",POS
E còn canh đc mã giảm gia 228k 1 cái áo ấm chất lượng khỏi bàn,POS
Rẻ hơn các Shop khác,POS
Áo đẹp quá,POS
"Shop phục vụ tốt nhiệt tình, sản phẩm Ok",POS
Chất lượng sản phẩm tuyệt vời,POS
Giao hàng rất nhanh,POS
Shop phục vụ khá tốt,POS
Đầm dep giong hinh,POS
Chủ shop thì quá nhiệt tình và dể thương,POS
Đóng gói sản phẩm rất đẹp và chắc chắn,POS
Chất lượng sản phẩm tuyệt vời Đóng gói sản phẩm rất đẹp và chắc chắn Đóng gói sản phẩm rất đẹp và chắc chắn chất đẹp,POS
Tốt,POS
58kg mặc k vừa,POS
Chất áo đẹp lắm lắm luôn ạ,POS
"Sản phẩm tốt, đóng gói cẩn thận",POS
Đóng gói sản phẩm rất đẹp và chắc chắn,POS
Chất lượng sản phẩm tuyệt vời,POS
"Sho tư vấn rất nhiệt tình nhận được hàng rất ưng , chất vải đẹp , đường may chắc chắn ko chê vào đâu được",POS
Đóng gói kỹ,POS
Thời gian giao hàng rất nhanh Mặc lên đẹp lắm ạ,POS
Đóng gói sản phẩm rất đẹp và chắc chắN,POS
Sịp xinh + mềm 💯,POS
Áo chất đẹp màu xinh y ảnh bõ công chờ đợi ý,POS
"Áo đẹp xuất sắc, “không tương xứng với giá tiền” vì áo quá đẹp mà giá rẻ cực kỳ 😜😜😜",POS
Hàng thì tạm ổn chứ ko phải là ok,POS
Đóng gói sản phẩm rất đẹp và chắc chắn,POS
Giao hàng rất nhanh,POS
"Giá tiền đi đôi với chất lượng :))) nói chung k nên mua =)))mặc tí đã rách tứ tung,mà bạn nào dưới 48kg mới vừa nhé k có mà trật ních.Mua về nhớ mang đi may lại toàn bộ :)))",POS
Hàng chấp nhận dc so với giá,POS
Đóng gói sản phẩm rất đẹp và chắc chắn,POS
"Chất lượng tốt, chủ shop nhiệt tình nữa",POS
Chất lượng sản phẩm tuyệt vời tuy balo hơi méo lệch sang 1 bên,POS
Rất thích,POS
Dù sao cũng rất ưng ý,POS
Có quà kẹo và giấy😁,POS
Thời gian giao hàng rất nhanh,POS
Chất lượng sản phẩm tuyệt vời,POS
sau sẽ ủng hộ shop dài dàii,POS
"Đẹp, dễ thương, trẻ trung, mát mẻ thoải mái là những từ mình muốn review về hai bộ đồ lanh này để các bạn chưa mua thì mua mặc ủng hộ shop này nhớ. có dây co rút được nên thích kín có kín mà thích hở cũng có hở",POS
Đóng gói sản phẩm rất đẹp và chắc chắn,POS
Chất lượng sản phẩm tuyệt vời .Đóng gói sản phẩm rất đẹp và chắc chắn,POS
Giá cả hợp lý,POS
Cam on shop nhieu lam nạ,POS
Chất dạ cũng đc,POS
Dùng ok :) thanks shop,POS
Shop tư vấn nhiệt tình . 💖,POS
Sp này oke,POS
Chất dày... 4xl chun hơi căng vs mình..,POS
"Shop phục vụ rất tốt, chất lượng sản phẩm tuyệt vời",POS
"Áo đẹp,muốn mua nữa mà c hết bán r,nhập lại nhanh c nhé",POS
Quần xinhh lắm ạ ^^,POS
Đóng gói sản phẩm tạm được Shop phục vụ khá tốt Chất lượng sản phẩm tạm được,POS
Dễ thương xỉu,POS
Sản phẩm đẹp,POS
Chủ shop nhiệt tình,POS
Cám ơn shop nha,POS
:D :D,POS
Thời gian giao hàng rất nhanh nhưng Áo hơi mỏng,POS
"Ưng ý, vãi đẹp",POS
"Giao hàng nhanh, đủ, đúng",POS
Thanks shop nhiều,POS
áo y hình.. chất tuyệt vời ông mặt trời 😍 Thời gian giao hàng rất nhanh,POS
Đóng gói sản phẩm rất đẹp và chắc chắn Đóng gói sản phẩm rất đẹp và chắc chắn Thời gian giao hàng rất nhanh Rất đáng tiền,POS
Hàng y hình luôn,POS
"Chất lượng sản phẩm tuyệt vời, ưng ý vs giá cả quá ok",POS
Tay dài,POS
Mua 5 áo nhưng 1 áo bị lỗi mà giá rẻ nên cx đc em cho 4 sao nhé^^,POS
Đóng gói sản phẩm rất đẹp và chắc chắn,POS
Sẽ tiếp tục ủng hộ shop 😘😘😘,POS
Xài rất toits,POS
Sp phù hợp với giá tiền,POS
Chất dày dặn mặc rất thoải mái Thời gian giao hàng rất nhanh,POS
Chất lượng sản phẩm tuyệt vời.dây cột ngắn quá cột k đc,POS
Cưng lắm nè 😍😍😍,POS
Chất lượng sản phẩm tuyệt vời thời gian vận chuyển khá lâu,POS
Chất lượng sản phẩm tuyệt vời Đóng gói sản phẩm rất đẹp và chắc chắn,POS
"chủ shop rất tử tế khi cho mình hoàn hàng với lý do không vừa ý. cực kì ưng nên vẫn quay lại ủng hộ shop, lần này chỉ mua quần thui và cực kì hài lòng ❤️ chúc shop luôn buôn may bán đắt",POS
Ao Chất lượng sản phẩm tuyệt vời Nhưng mà hơi rộng chút,POS
Qua Ok luon,POS
Shop này bán hàng có tâm cực luôn,POS
"Gói hàng cẩn thận, áo đẹp như hình nhé ♥️",POS
"Quần thun vải mỏng mặc mát, ổn so với giá tiền, đặt 2 cái nhưng 1 cái chun quần hơi xấu, giao hàng siêu nhanh",POS
Chất lượng sp tạm được,POS
Chat lieu tuong doi phu hop voi gia,POS
Đóng gói sản phẩm rất đẹp và chắc chắn,POS
Chất lượng sản phẩm tuyệt vời,POS
Chất lượng sản phẩm tốt Đóng gói sản phẩm chắc chắn Shop phục vụ khá tốt Thời gian giao hàng nhanh,POS
Rất đáng tiền,POS
Sản phẩm đẹp mẫu mã cũng đẹp không chê vào đâu,POS
Hàng đẹp như hình,POS
Chất lượng sản phẩm tuyệt vời Đóng gói sản phẩm rất đẹp và chắc chắn.shop tư vấn nhiệt tình,POS
Shop phục vụ rất tốt Shop phục vụ rất tốt Thời gian giao hàng rất nhanh,POS
"Áo siêu đẹp, lại còn đc tặng thêm vòng mèo may mắn nữa :v",POS
"Chất lượng sản phẩm tốt, Thời gian giao hàng nhanh",POS
"Quần Form khá đẹp, Đóng gói sản phẩm rất đẹp và chắc chắn",POS
Giao k dung ma,POS
Mẹ t khen váy xinh 😁,POS
Màu đẹp,POS
Thơm ngọt ngào nhỏ thêm vào sả chanh thơm lắm,POS
Hàng đẹp tuyệt vời shop tư vấn nhiệt tình dễ thương.ủng hộ shop dài dài ah Thời gian giao hàng rất nhanh,POS
Chất lượng sản phẩm tuyệt vời Shop phục vụ rất tốt Shop phục vụ rất tốt hướng dẫn tận tình rất hài lòng,POS
"Chưa biết xài sao,nhưng shop giao thiếu, nhưng đã khắc phục trong 1 ngày",POS
Thời gian giao hàng nhanh Đóng gói sản phẩm chắc chắn,POS
Hàng màu đẹp như hình,POS
"Đồ đẹp, chủ shop dễ thương, tư vấn nhiệt tình",POS
Chat luong san pham tot...from dep,POS
Thật sự rất hài lòng về thái độ phụ vụ & chất lượng sp của shop,POS
Chất lượng sản phẩm tuyệt vời Đóng gói sản phẩm rất đẹp và chắc chắn Rất đáng tiền Thời gian giao hàng rất nhanh Thời gian giao hàng rất nhanh,POS
Chất lượng sp phu hợp so với tuổi Tiền,POS
Shop gói hàng cực cuteee và lại còn đc tặng mask Chất lượng sản phẩm tuyệt vời,POS
Chất lượng sản phẩm tuyệt vời,POS
Vô cùng hài lòng 😘😘😘,POS
Chất áo ít nhăn như mấy cái áo trk của mình,POS
Quần đẹp quá nên ủng hộ thêm lần nữa,POS
Túi rât đẹp.sp rât tuyệt.shop rât nhiệt tình Thời gian giao hàng rất nhanh,POS
Mình thấy rất ưng,POS
Chất lượng sản phẩm vừa với giá tiền,POS
Chất lượng sản phẩm tuyệt vời 45kg mặc vừa khích.chất vải đẹp i hình rất đáng tiền nói chung không chê chỗ nào được hết các bạn cứ yên tâm mua nhé.sẽ ủng hộ shop lần sau,POS
Thời gian giao hàng rất nhanh,POS
Váy đẹp mà rẻ,POS
"Đáng đồng tiền, Chất lượng sản phẩm khá tốt, Thời gian giao hàng nhanh",POS
Sản phẩm chính hãng,POS
Rất ưng ý với sp,POS
"Áo chất rất đẹp, y hình.chị chủ nhiệt tình tư vấn rất chu đáo.giao hàng nhanh.rất ưng sản phẩm và sẽ ủng hộ shop😊",POS
Thời gian giao hàng rất nhanh đặt hôm trước hôm sau đã có r,POS
Chất lượng áo gọi là ổn so với giá tiền,POS
Chất lượng sản phẩm tuyệt vời Đóng gói sản phẩm rất đẹp và chắc chắn,POS
"From đẹp , tôn dáng k bj ngưa",POS
Chất lượng sản phẩm tuyệt vời,POS
Mịn màng thoải mái,POS
"Áo đẹp, vải tốt, giốg hình như chữ in, k phải chữ thêu 😊♥️",POS
Chất lượng sản phẩm tuyệt vời Đóng gói sản phẩm rất đẹp và chắc chắn Chất lượng sản phẩm tuyệt vời Đóng gói sản phẩm rất đẹp và chắc chắn Shop phục vụ rất tốt Rất đáng tiền Thời gian giao hàng rất nhanh,POS
Hài lòng với shop,POS
Đẹp phế,POS
Áo đẹp so.với giá tiền Đóng gói sản phẩm rất đẹp và chắc chắn,POS
"đóng gói tốt, mở ra thấy thơm nức nhưng k biết tại máy nhà m giặt thời gian lâu hay sao mà quần áo k thơm",POS
Vải đẹp phù hợp giá tiền,POS
áo ok,POS
Yêu shop,POS
Đẹp y hình :) nói chung là rất vừa ý,POS
Mua shop đồ nào cũng ưng đẹp như hình,POS
Chất lượng sản phẩm tuyệt vời Chất lượng sản phẩm tuyệt vời Đóng gói sản phẩm rất đẹp và chắc chắn Đóng gói sản phẩm rất đẹp và chắc chắn Rất đáng tiền Thời gian giao hàng rất nhanh,POS
"Hàng rất đẹp ạ,cảm ơn shop ❤",POS
"Chất lượng sản phẩm tuyệt vời,tuyet voi",POS
Đóng gói sản phẩm rất đẹp và chắc chắn,POS
Hàng rất trẻ trung chất đẹp dễ thương,POS
"Đóng gói sản phẩm rất đẹp và chắc chắn, mới sử dụng nên chưa thấy thay đổi nhiều",POS
"Xinh quá xinh quá, chất lượng sản phẩm tuyệt vời đóng gói sản phẩm rất đẹp và chắc chắn Rất đáng tiền",POS
Chất lượng sản phẩm kém,POS
"Hàng đẹp y hình, Chất lượng sản phẩm tuyệt vời, Đóng gói sản phẩm rất đẹp và chắc chắn",POS
Thank you very much 😊,POS
Chất lượng sản phẩm tuyệt vời Đóng gói sản phẩm rất đẹp và chắc chắn Đóng gói sản phẩm rất đẹp và chắc chắn Đóng gói sản phẩm rất đẹp và chắc chắn Đóng gói sản phẩm rất đẹp và chắc chắn,POS
Môi mềm hơn rất nhju,POS
Cực kì đáng tiền,POS
"Rẻ, đẹp",POS
"chất lượng, màu sắc khá ổn, giống ảnh. khá hài lòng",POS
Kể từ đây bắt đầu la liếm shop :33,POS
